t,ex,ey,ux,uy
1.072169564279939950e+05,-2.500000000000000000e+00,-3.100000000000000000e+01,-9.391334894499999341e-04,-1.164525526917999793e-02
1.072170030160599999e+05,-8.500000000000000000e+00,-3.800000000000000000e+01,-3.577174250810538636e-02,-5.131818726918319779e-02
1.072171034271569952e+05,8.000000000000000000e+00,-3.200000000000000000e+01,3.149370428874792311e-03,-1.181412055717332051e-02
1.072171526880549936e+05,2.500000000000000000e+00,-3.450000000000000000e+01,-2.788595984654573118e-02,-2.478261280688400306e-02
1.072172035372940009e+05,4.500000000000000000e+00,-3.250000000000000000e+01,-5.449364932946295682e-03,-1.040916550059763426e-02
1.072172531440040038e+05,5.000000000000000000e+00,-3.400000000000000000e+01,3.540892799874248236e-04,-1.081766180443481488e-02
1.072173024578649929e+05,-1.104583740234375000e+00,-3.279083251953125000e+01,-6.669322861915369903e-03,-8.345830867947054768e-03
1.072173535269160056e+05,7.000000000000000000e+00,-3.150000000000000000e+01,3.179076237363950841e-03,-5.942336821905817162e-03
1.072174041534340067e+05,3.500000000000000000e+00,-3.500000000000000000e+01,2.092784475023961449e-03,-9.810964764757056436e-03
1.072174531163159991e+05,-1.492614746093750000e+00,-3.582841491699218750e+01,-4.337212461271467215e-03,-1.208118984610477391e-02
1.072175036471859930e+05,-6.387863159179687500e+00,-4.441821289062500000e+01,-1.147428435914303255e-02,-2.223770430428234288e-02
1.072175513045959960e+05,-1.808937072753906250e+01,-3.465240478515625000e+01,-2.512383552037750212e-02,-1.257433571477314591e-02
1.072176021063899971e+05,-8.817825317382812500e+00,-4.222093200683593750e+01,-1.442669284662698691e-02,-1.647582983224090206e-02
1.072176524249289942e+05,-1.128189086914062500e+01,-3.535592651367187500e+01,-9.748872063551503042e-03,-8.805613542937167776e-03
1.072177009461840062e+05,-1.096115112304687500e+01,-1.059620666503906250e+01,-5.784375643986190349e-03,2.225504671722311478e-02
1.072177509304289997e+05,-3.434204101562500000e+00,-9.801757812500000000e+00,5.277475362012088930e-03,2.883443481896370147e-02
1.072178014584290067e+05,4.500000000000000000e+00,-1.700000000000000000e+01,1.722569660666063707e-02,1.440217444748988739e-02
1.072178507854000054e+05,1.688818359375000000e+01,-5.694091796875000000e+00,3.197797173318723402e-02,1.650142490177844423e-02
1.072179012753260031e+05,2.895401000976562500e+01,-3.651336669921875000e+00,4.436442356125268327e-02,1.453715136372488864e-02
1.072179506126680062e+05,4.073456573486328125e+01,-4.413581848144531250e+00,5.313727373181258151e-02,8.518754491750130109e-03
1.072180026678610011e+05,5.200000000000000000e+01,-2.500000000000000000e+00,5.780199152281777913e-02,5.255415819555726495e-03
1.072180507891379966e+05,6.133495330810546875e+01,-4.500000000000000000e+00,5.911776145885051792e-02,-1.024021430445466122e-04
1.072181024893330032e+05,6.975946044921875000e+01,-6.404335021972656250e+00,5.727796147670905641e-02,-5.139659405120454091e-03
1.072181509127549944e+05,7.594530487060546875e+01,-3.085334777832031250e+00,5.375619183296854314e-02,-2.714985398993670189e-03
1.072182008166860032e+05,8.040208435058593750e+01,-3.403694152832031250e+00,4.836895384539555143e-02,-1.915793661070397261e-03
1.072182506576909946e+05,8.214688873291015625e+01,6.268081665039062500e-01,4.102847542042232371e-02,2.988393492086263876e-03
1.072183006909529940e+05,8.276891326904296875e+01,4.080673217773437500e+00,3.369224144872454835e-02,7.842222130914889427e-03
1.072183506139950041e+05,8.093556976318359375e+01,9.130668640136718750e+00,2.560437592995744305e-02,1.345582718291104402e-02
1.072184006913310004e+05,7.719713592529296875e+01,1.339964294433593750e+01,1.708109518066843607e-02,1.731451414773882772e-02
1.072184505917250062e+05,7.293617248535156250e+01,2.146808624267578125e+01,9.873652411098533810e-03,2.413401903458922693e-02
1.072185005505440058e+05,6.959999847412109375e+01,2.859999847412109375e+01,5.930222215385854735e-03,2.978628372926534623e-02
1.072185504740659962e+05,6.535102081298828125e+01,3.415847778320312500e+01,3.109115057045634244e-03,3.215322647638912262e-02
1.072186004382929968e+05,6.230869293212890625e+01,3.822348022460937500e+01,2.640003380858994657e-03,3.124511318387887884e-02
1.072186503411489975e+05,5.909239196777343750e+01,4.422826385498046875e+01,2.867222278969816431e-03,3.181832946274721491e-02
1.072187003712820006e+05,5.825061798095703125e+01,4.932974243164062500e+01,5.886095581078839602e-03,3.220115693385827704e-02
1.072187503894149995e+05,5.931818389892578125e+01,5.427272796630859375e+01,1.140153124650466337e-02,3.260406929900941386e-02
1.072188004226409976e+05,6.284880065917968750e+01,5.660273361206054688e+01,1.939696148852084953e-02,3.025409825130463692e-02
1.072188502599789936e+05,6.698601531982421875e+01,6.071704483032226562e+01,2.721801981329188824e-02,2.970998393097503548e-02
1.072189003006679995e+05,7.312500000000000000e+01,6.175000000000000000e+01,3.552149100967006562e-02,2.676125427858245739e-02
1.072189503465790040e+05,7.955747222900390625e+01,6.257614898681640625e+01,4.260512798683804836e-02,2.352052742369913421e-02
1.072190001412690035e+05,8.508042144775390625e+01,6.376668930053710938e+01,4.676551397901198420e-02,2.156236456006530022e-02
1.072190501388289995e+05,9.103580474853515625e+01,6.548081970214843750e+01,4.955004813348237724e-02,2.134175744497673541e-02
1.072191001119249995e+05,9.660289382934570312e+01,6.740032196044921875e+01,5.106986690009727992e-02,2.227815635367364974e-02
1.072191500917999947e+05,1.016392173767089844e+02,6.922745132446289062e+01,5.150119540313785604e-02,2.349197192697908415e-02
1.072191999272859975e+05,1.075000000000000000e+02,6.850000000000000000e+01,5.275832950023598422e-02,2.171923774085476877e-02
1.072192501164919959e+05,1.113863639831542969e+02,6.809090805053710938e+01,5.214058411600737408e-02,1.957218304089454811e-02
1.072192999025710014e+05,1.139893836975097656e+02,6.927813339233398438e+01,4.987001946369146871e-02,1.973492229537801915e-02
1.072193498097609991e+05,1.150714302062988281e+02,6.992856979370117188e+01,4.599265599572845836e-02,2.026352024465939358e-02
1.072193998813570070e+05,1.170000000000000000e+02,6.900000000000000000e+01,4.362756681699609534e-02,1.906731542642798455e-02
1.072194498203050025e+05,1.153961029052734375e+02,7.039610290527343750e+01,3.864875654614605138e-02,2.017697841901423816e-02
1.072194997497909935e+05,1.141580657958984375e+02,7.115806579589843750e+01,3.433567196339955274e-02,2.131340903239595241e-02
1.072195497571650048e+05,1.140000000000000000e+02,6.900000000000000000e+01,3.267360858623898773e-02,1.888417806081260641e-02
1.072195996559850028e+05,1.116672286987304688e+02,6.725050735473632812e+01,3.007338452860532432e-02,1.605895142041329632e-02
1.072196495366000017e+05,1.085262336730957031e+02,6.766159439086914062e+01,2.676995124547928637e-02,1.624341376000068560e-02
1.072196994912340015e+05,1.048139533996582031e+02,6.804651260375976562e+01,2.326723006142233929e-02,1.762253528396204305e-02
1.072197497113840072e+05,1.003613853454589844e+02,6.531188201904296875e+01,1.959449277319026683e-02,1.558123582880738614e-02
1.072197995419999934e+05,9.535372924804687500e+01,6.478358078002929688e+01,1.596344058071123145e-02,1.513770526110616577e-02
1.072198497183919972e+05,8.985378265380859375e+01,6.356919097900390625e+01,1.247140575444698196e-02,1.465418745838550051e-02
1.072198994476939988e+05,8.497248840332031250e+01,6.453842926025390625e+01,1.035955395550837085e-02,1.676825527371589297e-02
1.072199495259560063e+05,7.900000000000000000e+01,6.600000000000000000e+01,7.837389043468570918e-03,2.002693195469539694e-02
1.072199995499229990e+05,7.458700561523437500e+01,6.385608291625976562e+01,7.286910035125132579e-03,1.885853463112312223e-02
1.072200495265750069e+05,7.065948486328125000e+01,6.318534469604492188e+01,7.975963262353969255e-03,1.783594925036523227e-02
1.072200994705420017e+05,7.036144256591796875e+01,6.193172836303710938e+01,1.294429751727604189e-02,1.646663347892466170e-02
1.072201494296379969e+05,7.338641357421875000e+01,5.884507369995117188e+01,2.215826181923422067e-02,1.316414258145096050e-02
1.072201994345679996e+05,7.726923370361328125e+01,5.703845977783203125e+01,3.185579105023175761e-02,1.128203883307985975e-02
1.072202501056780020e+05,8.350000000000000000e+01,5.300000000000000000e+01,4.220707729740171693e-02,7.815530964276404605e-03
1.072202993848909973e+05,8.769910430908203125e+01,5.118212890625000000e+01,4.819289494896724507e-02,6.960881698084171558e-03
1.072203513047320012e+05,9.400000000000000000e+01,4.750000000000000000e+01,5.340315790306471994e-02,5.195643258665830731e-03
1.072203993292689993e+05,1.008981475830078125e+02,4.450000000000000000e+01,5.854593105926384627e-02,4.005108410030202779e-03
1.072204510730930051e+05,1.048469581604003906e+02,4.601235961914062500e+01,5.875943450978779459e-02,8.545655494662324214e-03
1.072204992697209964e+05,1.076034469604492188e+02,4.780172729492187500e+01,5.668872948444515086e-02,1.440420910494462706e-02
1.072205492988170008e+05,1.087295722961425781e+02,4.938910675048828125e+01,5.206362441215477838e-02,1.924129470119202712e-02
1.072205991951549950e+05,1.073279876708984375e+02,5.210932922363281250e+01,4.507548612772692420e-02,2.385400110314924924e-02
1.072206491669550014e+05,1.028526725769042969e+02,5.632821273803710938e+01,3.540406729808547731e-02,2.908551033278406611e-02
1.072206992287360044e+05,9.599282836914062500e+01,6.110488510131835938e+01,2.425109098513199279e-02,3.413093378475899609e-02
1.072207490997410059e+05,8.831524658203125000e+01,6.492522048950195312e+01,1.415357829350192068e-02,3.702324978273532213e-02
1.072207990300969977e+05,7.776765441894531250e+01,7.226622390747070312e+01,3.381465415475397307e-03,4.263689339608328632e-02
1.072208490542670042e+05,6.850000000000000000e+01,7.900000000000000000e+01,-3.957412197716097396e-03,4.767654900624105491e-02
1.072208989789009938e+05,6.121827697753906250e+01,8.317334365844726562e+01,-6.261267685807571370e-03,4.870502074224224154e-02
1.072209490308670065e+05,5.200000000000000000e+01,8.600000000000000000e+01,-8.610136174477669296e-03,4.661697286606963919e-02
1.072209990706490062e+05,4.400000000000000000e+01,8.775000000000000000e+01,-9.526454074666360072e-03,4.285639168333700566e-02
1.072210489976340032e+05,3.750000000000000000e+01,8.952631568908691406e+01,-8.423124913512027023e-03,3.965045469327779792e-02
1.072210990660450043e+05,3.550000000000000000e+01,9.014864921569824219e+01,-1.998837885663840713e-03,3.634454533379247176e-02
1.072211489078279992e+05,3.718271636962890625e+01,8.822078704833984375e+01,8.931892022866377498e-03,3.106561701662424041e-02
1.072211988528320071e+05,4.069523620605468750e+01,8.532277679443359375e+01,2.101601429926003295e-02,2.519306455391306238e-02
1.072212488820199942e+05,4.599420166015625000e+01,8.042360305786132812e+01,3.267344286728322833e-02,1.820485517297656258e-02
1.072212988084690005e+05,5.077484893798828125e+01,7.567951202392578125e+01,4.083564241430053671e-02,1.254493209964436043e-02
1.072213488049540028e+05,5.778753662109375000e+01,7.094408798217773438e+01,4.835525515922513284e-02,8.660701995079534213e-03
1.072213988122169976e+05,6.712053680419921875e+01,6.363183593750000000e+01,5.680276731776851690e-02,3.278183474972946876e-03
1.072214487958509999e+05,7.226466369628906250e+01,5.952503585815429688e+01,5.920139591068906970e-02,1.986267891770239144e-03
1.072214987148920045e+05,7.821739196777343750e+01,5.421739196777343750e+01,5.988444335090669507e-02,1.038983581289803018e-03
1.072215486964140000e+05,7.900000000000000000e+01,5.200000000000000000e+01,5.416893770338933323e-02,3.734284203663526189e-03
1.072215986839740071e+05,7.834599304199218750e+01,5.067299652099609375e+01,4.587555172775266421e-02,8.079431418534963397e-03
1.072216486528480018e+05,7.621641540527343750e+01,5.073880767822265625e+01,3.707208683771685137e-02,1.347457114220105591e-02
1.072216987060550018e+05,7.022695159912109375e+01,5.374822998046875000e+01,2.585189664281602878e-02,2.129351463174938147e-02
1.072217486298930016e+05,6.350000000000000000e+01,5.700000000000000000e+01,1.546955600266329903e-02,2.850319515361317627e-02
1.072217985188409948e+05,5.524050903320312500e+01,6.100000000000000000e+01,5.996287143481139614e-03,3.466754317009830555e-02
1.072218485285119968e+05,4.642363739013671875e+01,6.668801498413085938e+01,-1.749453304752849464e-03,4.102840794273193703e-02
1.072218984204239969e+05,3.786576080322265625e+01,7.072568130493164062e+01,-7.008777838733073334e-03,4.430360325680551825e-02
1.072219486303519952e+05,2.999603271484375000e+01,7.299694442749023438e+01,-9.589761972762223668e-03,4.371642891599926417e-02
1.072219986051699962e+05,2.369821166992187500e+01,7.452081298828125000e+01,-9.134397554509971623e-03,4.112521745262263939e-02
1.072220486616739945e+05,2.030647277832031250e+01,7.571600723266601562e+01,-4.631467979966445020e-03,3.817420545449201619e-02
1.072220987240469985e+05,2.048474121093750000e+01,7.495029067993164062e+01,4.192638425591335011e-03,3.373816911041308680e-02
1.072221486754030047e+05,2.210578918457031250e+01,7.356613540649414062e+01,1.405505717022982604e-02,2.918721505271607702e-02
1.072221984563529986e+05,2.592784118652343750e+01,7.029896926879882812e+01,2.435163405757128502e-02,2.358599684014482320e-02
1.072222482753020013e+05,3.124346923828125000e+01,6.579263687133789062e+01,3.408743582029175045e-02,1.744109952451188689e-02
1.072222981403440062e+05,3.743650054931640625e+01,6.047822570800781250e+01,4.240505605164306135e-02,1.152376873964102919e-02
1.072223481676810043e+05,4.356894683837890625e+01,5.515103149414062500e+01,4.830517009750648350e-02,6.948124502047906687e-03
1.072223981541109970e+05,5.121842193603515625e+01,4.888632965087890625e+01,5.386440282879118024e-02,2.730619153264536580e-03
1.072224481982989964e+05,5.651844787597656250e+01,4.419882202148437500e+01,5.562581813157367605e-02,1.217245865309662944e-03
1.072224981987289939e+05,6.067756652832031250e+01,4.054439544677734375e+01,5.448596161026458828e-02,2.090806089079404184e-03
1.072225481368250039e+05,6.233333587646484375e+01,3.800000000000000000e+01,4.992772065657874458e-02,4.737492661125126264e-03
1.072225980775329954e+05,6.281632995605468750e+01,3.750000000000000000e+01,4.401418313992495196e-02,9.599412638163594760e-03
1.072226481671100046e+05,6.115061187744140625e+01,3.843852233886718750e+01,3.671076089181388169e-02,1.571500136320463231e-02
1.072226989560899965e+05,5.810551452636718750e+01,4.147986602783203125e+01,2.909243661008742779e-02,2.326340791093736704e-02
1.072227478709529969e+05,5.334582519531250000e+01,4.532440948486328125e+01,2.140329451572973302e-02,3.044583931309738367e-02
1.072227998923679988e+05,4.708308410644531250e+01,5.013352966308593750e+01,1.351191767492241139e-02,3.694836178774228708e-02
1.072228479025709967e+05,4.090287780761718750e+01,5.455036163330078125e+01,7.503532757878163262e-03,4.154932998259304455e-02
1.072228978277790011e+05,3.500000000000000000e+01,5.952631759643554688e+01,3.615007116410690058e-03,4.489643948640047871e-02
1.072229481170590007e+05,3.000682067871093750e+01,6.323056030273437500e+01,2.415980990480251500e-03,4.583607324569043129e-02
1.072229980630259961e+05,2.600550842285156250e+01,6.508052062988281250e+01,3.416803908900485631e-03,4.375440799900454092e-02
1.072230481799910049e+05,2.396762084960937500e+01,6.626267623901367188e+01,7.053705784249159061e-03,4.037172032449953818e-02
1.072230980423480069e+05,2.441712951660156250e+01,6.568122863769531250e+01,1.349410904537871013e-02,3.549756542845522445e-02
1.072231478388719988e+05,2.695324707031250000e+01,6.413755035400390625e+01,2.178071447934171179e-02,3.020637833354247043e-02
1.072231977313389943e+05,3.174050903320312500e+01,6.220886230468750000e+01,3.139410890636851192e-02,2.563956857005918882e-02
1.072232477842679946e+05,3.792555999755859375e+01,5.883158874511718750e+01,4.093980046313910881e-02,2.081996440163979070e-02
1.072232977731790015e+05,4.376103210449218750e+01,5.495928192138671875e+01,4.794961576599343633e-02,1.643522971105445749e-02
1.072233522700019967e+05,5.020026397705078125e+01,5.055755615234375000e+01,5.282077849550820270e-02,1.267872431587742377e-02
1.072234022609130043e+05,5.757743835449218750e+01,4.571181488037109375e+01,5.766744924624780944e-02,9.462470057277939939e-03
1.072234513897379948e+05,6.245985412597656250e+01,4.343924713134765625e+01,5.866006873561310092e-02,9.759366778671448722e-03
1.072235012583530042e+05,6.553842926025390625e+01,4.188110351562500000e+01,5.604840054092956325e-02,1.208705865387893139e-02
1.072235510490250017e+05,6.682983398437500000e+01,4.039838409423828125e+01,5.098239956475435208e-02,1.463592775128278074e-02
1.072236011883239989e+05,6.710665130615234375e+01,4.154557800292968750e+01,4.519163408653656400e-02,1.958107443526471009e-02
1.072236510426440072e+05,6.537036895751953125e+01,4.325926208496093750e+01,3.845969028660704142e-02,2.491313752755760363e-02
1.072237013108310057e+05,6.105555725097656250e+01,4.700000000000000000e+01,3.003335808720235950e-02,3.146810626631060814e-02
1.072237511180209985e+05,5.700000000000000000e+01,5.000000000000000000e+01,2.329203805850030631e-02,3.619219152215631674e-02
1.072238011337469943e+05,5.048891448974609375e+01,5.505290222167968750e+01,1.590702739381762501e-02,4.151216157070176938e-02
1.072238509286589979e+05,4.347098541259765625e+01,5.835297393798828125e+01,9.253363795367352401e-03,4.402762624934618979e-02
1.072239009209780052e+05,3.682227325439453125e+01,6.243838882446289062e+01,4.642545663556315455e-03,4.589578629202784033e-02
1.072239513832740049e+05,3.050000000000000000e+01,6.600000000000000000e+01,2.090530474767912650e-03,4.668689490296493161e-02
1.072240009848920017e+05,2.508724975585937500e+01,6.792393875122070312e+01,1.605072735833209391e-03,4.533532236372583846e-02
1.072240515775950043e+05,2.239999389648437500e+01,6.829999923706054688e+01,4.978626943375464436e-03,4.171487064233030811e-02
1.072241017504680058e+05,2.199226379394531250e+01,6.599845123291015625e+01,1.141996200466552022e-02,3.524789042234165864e-02
1.072241511738090048e+05,2.491378784179687500e+01,6.291379165649414062e+01,2.108560844996265962e-02,2.838820801707110653e-02
1.072242010381470027e+05,2.800000000000000000e+01,5.950000000000000000e+01,2.991572473812289037e-02,2.256442343974080986e-02
1.072242508121889987e+05,3.374242401123046875e+01,5.401515197753906250e+01,3.936473329207631350e-02,1.615874702941505134e-02
1.072243010630609933e+05,4.024559783935546875e+01,4.810793304443359375e+01,4.782578993093700159e-02,1.040676127671189694e-02
1.072243510783609963e+05,4.844454193115234375e+01,4.140779113769531250e+01,5.607331828177553046e-02,5.189146833528886921e-03
1.072244009599029960e+05,5.517637634277343750e+01,3.556613922119140625e+01,6.091831377044196194e-02,2.122550435796632246e-03
1.072244508469069988e+05,5.812697601318359375e+01,3.190835571289062500e+01,5.923645126721652221e-02,2.875099170455280850e-03
1.072245009851869982e+05,5.833281707763671875e+01,2.911209869384765625e+01,5.242278566596708655e-02,5.751920236403404441e-03
1.072245509542280051e+05,5.408268737792968750e+01,2.712442016601562500e+01,4.033733756623650302e-02,9.457150622533598561e-03
1.072246007669740065e+05,4.638670349121093750e+01,2.565256500244140625e+01,2.514963690084123099e-02,1.296691574289786202e-02
1.072246509512170014e+05,3.821851348876953125e+01,2.512974548339843750e+01,1.169183510860360986e-02,1.650269616787614080e-02
1.072247006923709996e+05,2.774128723144531250e+01,2.646849060058593750e+01,-6.374442634872259927e-04,2.121826810094878946e-02
1.072247508290400001e+05,1.580030822753906250e+01,3.063338470458984375e+01,-1.162041117095258258e-02,2.852398299990502664e-02
1.072248009460799949e+05,4.135269165039062500e+00,3.259571838378906250e+01,-1.958291797506411108e-02,3.267306621554039170e-02
1.072248509597869997e+05,-5.182571411132812500e+00,3.574236297607421875e+01,-2.230059272064143644e-02,3.597562704563947444e-02
1.072249008477729949e+05,-1.171141052246093750e+01,3.515538787841796875e+01,-1.964558970593284493e-02,3.398548840702488721e-02
1.072249516239929944e+05,-1.425856018066406250e+01,3.397634887695312500e+01,-1.118578920157448087e-02,2.963977876051721722e-02
1.072250011974810041e+05,-1.394517517089843750e+01,3.189817047119140625e+01,1.496128019052439528e-04,2.456097755001421246e-02
1.072250513226140029e+05,-1.200000000000000000e+01,2.900000000000000000e+01,1.162904643774234636e-02,1.937530437946492073e-02
1.072251007928990002e+05,-7.800415039062500000e+00,2.517169952392578125e+01,2.275642007650248086e-02,1.432597284175401650e-02
1.072251513658799959e+05,-9.413299560546875000e-01,2.044155120849609375e+01,3.419868271940657012e-02,9.361216787633328679e-03
1.072252005791109987e+05,8.745590209960937500e+00,1.450177001953125000e+01,4.643244979976721143e-02,4.073514509756469976e-03
1.072252524230270064e+05,1.868951416015625000e+01,1.136222839355468750e+01,5.649848265537209951e-02,3.018823434371351727e-03
1.072253004596200044e+05,2.779179382324218750e+01,8.481666564941406250e+00,6.320677924253226276e-02,3.790999446538986101e-03
1.072253503788270027e+05,3.473751068115234375e+01,7.581665039062500000e+00,6.449151079613400783e-02,7.258309761546389433e-03
1.072254002537579945e+05,4.007447052001953125e+01,6.925529479980468750e+00,6.205274637628649392e-02,1.115202032168408249e-02
1.072254503177610022e+05,4.393449401855468750e+01,7.137557983398437500e+00,5.739446520563221132e-02,1.514913679212065954e-02
1.072255002586719929e+05,4.415702056884765625e+01,9.432250976562500000e+00,4.921574902202985324e-02,2.053737363868272242e-02
1.072255501664549956e+05,4.230757904052734375e+01,1.230175018310546875e+01,3.945288862451670764e-02,2.586291227369419757e-02
1.072256002775310044e+05,3.733861541748046875e+01,1.731111907958984375e+01,2.793035383609368191e-02,3.241437451553120380e-02
1.072256502584609989e+05,3.162687683105468750e+01,2.298294830322265625e+01,1.764446549130131714e-02,3.882354326952591056e-02
1.072257004676670040e+05,2.404124450683593750e+01,2.978905487060546875e+01,8.054119598768953031e-03,4.515280975141415520e-02
1.072257503807640023e+05,1.505119323730468750e+01,3.682457733154296875e+01,-8.047716095125265201e-04,5.052871558038347921e-02
1.072258003724150039e+05,6.649993896484375000e+00,4.265000152587890625e+01,-6.936732855045195378e-03,5.316730723768144096e-02
1.072258505195479956e+05,-4.547424316406250000e-01,4.777491760253906250e+01,-9.385045600139745037e-03,5.360515802798592605e-02
1.072259002802010073e+05,-6.030136108398437500e+00,5.111422729492187500e+01,-8.481070269811694096e-03,5.142939711715584922e-02
1.072259506725719984e+05,-8.508331298828125000e+00,5.346895599365234375e+01,-3.181171841347092688e-03,4.778976737824611187e-02
1.072260003598559997e+05,-7.248611450195312500e+00,5.295787811279296875e+01,6.480088080607921547e-03,4.157011104469306162e-02
1.072260503574150061e+05,-3.231338500976562500e+00,4.968257904052734375e+01,1.861564719808836421e-02,3.269045582013047763e-02
1.072261001395130006e+05,3.129974365234375000e+00,4.552108001708984375e+01,3.145955794791198412e-02,2.395062511548780998e-02
1.072261500608869974e+05,1.139366149902343750e+01,3.958290863037109375e+01,4.380045224663486891e-02,1.526577643782173893e-02
1.072262001680200046e+05,1.913197326660156250e+01,3.337249755859375000e+01,5.260230803680575329e-02,8.240511946068698051e-03
1.072262497398039995e+05,2.968432617187500000e+01,2.537088012695312500e+01,6.147593271825135125e-02,1.275761223861051480e-03
1.072262998366219981e+05,3.776625823974609375e+01,1.989722442626953125e+01,6.580529557948051889e-02,-1.407649213290371876e-03
1.072263498960319994e+05,4.466876220703125000e+01,1.569133758544921875e+01,6.640549689581769222e-02,-5.362446173941652627e-04
1.072263995509270026e+05,4.836392211914062500e+01,1.217194366455078125e+01,6.222525309693051343e-02,1.984948180398408285e-03
1.072264497521699959e+05,5.040032958984375000e+01,1.013298034667968750e+01,5.546268534254851501e-02,6.036935764923034853e-03
1.072264999484500004e+05,4.984641265869140625e+01,9.636062622070312500e+00,4.671011800318865259e-02,1.127265245311602146e-02
1.072265506173930044e+05,4.765341949462890625e+01,1.090129852294921875e+01,3.754218397605759566e-02,1.762350398886442307e-02
1.072265993311100028e+05,4.262934875488281250e+01,1.366146087646484375e+01,2.751914253911011757e-02,2.441734455128968806e-02
1.072266483826949989e+05,3.394756317138671875e+01,1.678656005859375000e+01,1.507423038119892061e-02,3.021733141304975070e-02
1.072266960714370070e+05,2.550000000000000000e+01,2.400000000000000000e+01,4.626503274575904240e-03,3.901852965538681051e-02
1.072267461316260014e+05,1.541984558105468750e+01,2.771474456787109375e+01,-4.731551464406423546e-03,4.318574390461156487e-02
1.072267958285759960e+05,6.340576171875000000e+00,3.292995452880859375e+01,-1.057822209995580576e-02,4.645478799103358591e-02
1.072268459828560008e+05,-2.646057128906250000e+00,3.701893615722656250e+01,-1.389323353005251366e-02,4.747827173634613929e-02
1.072268959813230031e+05,-9.284118652343750000e+00,4.073974609375000000e+01,-1.321488706873810703e-02,4.723134387404900186e-02
1.072269459068449942e+05,-1.172103881835937500e+01,4.153126525878906250e+01,-6.741263002242335600e-03,4.342712578018648184e-02
1.072269959405150003e+05,-9.634963989257812500e+00,3.966862487792968750e+01,5.391203078810018201e-03,3.621127709843371956e-02
1.072270458593899966e+05,-4.802581787109375000e+00,3.555535125732421875e+01,1.982735936770297497e-02,2.688063288053654104e-02
1.072270957144690037e+05,1.561279296875000000e+00,3.142774963378906250e+01,3.342100874430388446e-02,1.891485514094264075e-02
1.072271456928609987e+05,9.429779052734375000e+00,2.602915191650390625e+01,4.523012096587110398e-02,1.188198799961639324e-02
1.072271956714760017e+05,1.946411132812500000e+01,1.833931732177734375e+01,5.621401915793198395e-02,4.112855197799598211e-03
1.072272455587580043e+05,2.911810302734375000e+01,1.274076843261718750e+01,6.419494490594662706e-02,2.378901826602386471e-05
1.072272955826690013e+05,3.603393554687500000e+01,8.986114501953125000e+00,6.633130887946409038e-02,2.612357928783205774e-04
1.072273456064500060e+05,4.153995513916015625e+01,4.820800781250000000e+00,6.443236146118644370e-02,1.444175253366992984e-03
1.072273955531950050e+05,4.533142089843750000e+01,2.712036132812500000e+00,5.986110369170720424e-02,4.776633601587369077e-03
1.072274453983480053e+05,4.629409027099609375e+01,1.697738647460937500e+00,5.247273662787768633e-02,9.188753356387777821e-03
1.072274963470660005e+05,4.426108551025390625e+01,2.847908020019531250e+00,4.236232242032754447e-02,1.538712668248981563e-02
1.072275454251509946e+05,4.028155517578125000e+01,4.000000000000000000e+00,3.189032004313191448e-02,2.059760637983275994e-02
1.072275972368259972e+05,3.308426666259765625e+01,9.915733337402343750e+00,1.968021484854908312e-02,2.970900781101665222e-02
1.072276452679000067e+05,2.518873596191406250e+01,1.256261444091796875e+01,9.171214462322704875e-03,3.455784589874215385e-02
1.072276972184820042e+05,1.478755187988281250e+01,1.825096130371093750e+01,-1.504405804880863673e-03,3.990640030901360796e-02
1.072277454405720055e+05,4.623214721679687500e+00,2.316417694091796875e+01,-9.812748792776909701e-03,4.388724229488571299e-02
1.072277952433180035e+05,-3.701278686523437500e+00,2.479590606689453125e+01,-1.356720913346821933e-02,4.255181022974440647e-02
1.072278455126899935e+05,-1.076821899414062500e+01,2.628476715087890625e+01,-1.347187148144355501e-02,3.944190551632429514e-02
1.072278955834520020e+05,-1.635115051269531250e+01,2.645037841796875000e+01,-1.065766847541066431e-02,3.508624587217498703e-02
1.072279459381939960e+05,-2.005203247070312500e+01,2.529831695556640625e+01,-5.672807976302061961e-03,2.985889251976282799e-02
1.072279955564039992e+05,-2.039320373535156250e+01,2.416990661621093750e+01,2.331879075218215580e-03,2.571521294164853810e-02
1.072280455361670029e+05,-1.863513183593750000e+01,1.963513183593750000e+01,1.185369106263763073e-02,1.904868865438601871e-02
1.072280953434310068e+05,-1.426672363281250000e+01,1.528266143798828125e+01,2.254660601912848034e-02,1.309522603478536010e-02
1.072281453312310041e+05,-9.104980468750000000e+00,8.936912536621093750e+00,3.207089427386263653e-02,6.418208170679173818e-03
1.072281952283650025e+05,-3.723587036132812500e+00,1.025794982910156250e+00,3.918617800349454006e-02,-9.899138335319260240e-04
1.072282453372750024e+05,5.000000000000000000e+00,-5.000000000000000000e+00,4.764557326987119840e-02,-5.060344611857447994e-03
1.072282950872810034e+05,1.140254211425781250e+01,-9.696289062500000000e+00,5.233010724587523754e-02,-5.618869328507830607e-03
1.072283452590980014e+05,1.762744140625000000e+01,-1.191209411621093750e+01,5.442216284432910278e-02,-2.040388107409085716e-03
1.072283949029000069e+05,2.138699340820312500e+01,-1.111610412597656250e+01,5.261282279533827100e-02,5.483343736812962971e-03
1.072284451673650037e+05,2.303543090820312500e+01,-9.050811767578125000e+00,4.741386499375718766e-02,1.416371515915252136e-02
1.072284949961660022e+05,2.256565856933593750e+01,-6.918060302734375000e+00,4.004906552161296290e-02,2.116078277481852829e-02
1.072285449077630037e+05,2.047282409667968750e+01,-2.179542541503906250e+00,3.183948215091624012e-02,2.876863995782103639e-02
1.072285948004889942e+05,1.630241394042968750e+01,4.049400329589843750e+00,2.296149188492727089e-02,3.663367985960577777e-02
1.072286450066020043e+05,1.050000000000000000e+01,1.100000000000000000e+01,1.401070772959737976e-02,4.374476309964391019e-02
1.072286946213860065e+05,2.184066772460937500e+00,1.802356719970703125e+01,4.162980877392537249e-03,4.926740941718751876e-02
1.072287447597779974e+05,-4.853256225585937500e+00,2.488717651367187500e+01,-2.527741926247308035e-03,5.290444223944069935e-02
1.072287948712799989e+05,-1.317704772949218750e+01,2.996459197998046875e+01,-8.107852361454156997e-03,5.326144601882223939e-02
1.072288449886909948e+05,-2.035322570800781250e+01,3.566242980957031250e+01,-1.099535901607840566e-02,5.328548432684586389e-02
1.072288948793989985e+05,-2.474760437011718750e+01,3.883013153076171875e+01,-9.355904598634674774e-03,5.068526256546276865e-02
1.072289452868810040e+05,-2.863766479492187500e+01,3.868355560302734375e+01,-6.003221759869004082e-03,4.404221734120762621e-02
1.072289947491839994e+05,-2.848965454101562500e+01,3.807212829589843750e+01,1.373240570943692895e-03,3.721948858586171527e-02
1.072290449480940006e+05,-2.505099487304687500e+01,3.487139892578125000e+01,1.228486392119186588e-02,2.897119665892516210e-02
1.072290949833189952e+05,-1.900000000000000000e+01,2.850000000000000000e+01,2.490306448215034302e-02,1.857560589487550554e-02
1.072291449462860037e+05,-1.258523559570312500e+01,2.184059906005859375e+01,3.563832211803165395e-02,9.346045422850196571e-03
1.072291947144389997e+05,-5.436050415039062500e+00,1.359302520751953125e+01,4.403909547833415039e-02,7.631821407270283908e-04
1.072292447573130048e+05,1.753417968750000000e+00,4.223770141601562500e+00,4.977313726158338891e-02,-7.113747923906448001e-03
1.072292946289469983e+05,8.836303710937500000e+00,-2.362571716308593750e+00,5.330507562147153433e-02,-1.003019809079700592e-02
1.072293446820980025e+05,1.443939208984375000e+01,-6.560607910156250000e+00,5.375124902924048598e-02,-7.856272847197552645e-03
1.072293944771219976e+05,1.751086425781250000e+01,-1.001631164550781250e+01,5.036464210927611707e-02,-3.701804040866021883e-03
1.072294445470689971e+05,1.947814941406250000e+01,-1.054693603515625000e+01,4.522555342428302011e-02,3.315687948189944417e-03
1.072294944250919943e+05,1.926681518554687500e+01,-1.007623291015625000e+01,3.843741290271503880e-02,1.069160846120870492e-02
1.072295444487250061e+05,1.706455993652343750e+01,-6.538894653320312500e+00,3.046344456544028412e-02,1.982300364198979342e-02
1.072295942836189934e+05,1.295713806152343750e+01,-2.932945251464843750e+00,2.183298551211296928e-02,2.752312618105602279e-02
1.072296443476590066e+05,6.961532592773437500e+00,3.653846740722656250e+00,1.276431389455170290e-02,3.628199894168177703e-02
1.072296943148290011e+05,-8.952026367187500000e-01,1.117903900146484375e+01,3.408858653388364968e-03,4.466009124155343596e-02
1.072297445755719964e+05,-9.316528320312500000e+00,1.734031677246093750e+01,-4.739872808562826945e-03,4.955617567687130992e-02
1.072297945455379959e+05,-1.809031677246093750e+01,2.323929595947265625e+01,-1.121516293877781317e-02,5.191791588638607763e-02
1.072298442719510058e+05,-2.584573364257812500e+01,2.845119476318359375e+01,-1.476631592424371142e-02,5.227608941568096662e-02
1.072298943936019932e+05,-3.232470703125000000e+01,3.229283142089843750e+01,-1.522046022303422813e-02,5.045459224728100073e-02
1.072299455891149992e+05,-3.733673095703125000e+01,3.233673095703125000e+01,-1.289092057982586803e-02,4.398743019558659650e-02
1.072299942898320005e+05,-3.776866149902343750e+01,3.214179229736328125e+01,-5.584173259072580664e-03,3.760236616212745547e-02
1.072300462133580004e+05,-3.482527160644531250e+01,3.070259094238281250e+01,6.165963250226287606e-03,3.096140341471376872e-02
1.072300944016160065e+05,-2.748698425292968750e+01,2.825421905517578125e+01,2.121143511709744356e-02,2.528734526316046144e-02
1.072301445293959987e+05,-1.810810852050781250e+01,2.410810852050781250e+01,3.665469098059906394e-02,1.903360956475035753e-02
1.072301942065869953e+05,-9.455841064453125000e+00,1.857968902587890625e+01,4.794225604726515266e-02,1.249083855565232340e-02
1.072302440675359976e+05,-2.872161865234375000e-01,1.358317565917968750e+01,5.571177035564064961e-02,7.796163906038860308e-03
1.072302939852629934e+05,1.154217529296875000e+01,8.030296325683593750e+00,6.368541405495185825e-02,4.133326585904276151e-03
1.072303439076000068e+05,2.030279541015625000e+01,5.375236511230468750e+00,6.687680874645265949e-02,4.834393641713966017e-03
1.072303938628070027e+05,2.706697082519531250e+01,5.081420898437500000e+00,6.559352946303403931e-02,9.644434587378975660e-03
1.072304437971629959e+05,3.095256042480468750e+01,4.704376220703125000e+00,6.001890131158251623e-02,1.469852824181657955e-02
1.072304937501490058e+05,3.245641326904296875e+01,6.766891479492187500e+00,5.173955081863633454e-02,2.129674790646050170e-02
1.072305437623739999e+05,3.250000000000000000e+01,1.050000000000000000e+01,4.301230687597487612e-02,2.882584994259774699e-02
1.072305937093410030e+05,3.027294921875000000e+01,1.205907440185546875e+01,3.384962462775600173e-02,3.246416543107649016e-02
1.072306437413630047e+05,2.512387084960937500e+01,1.968283081054687500e+01,2.343603086370473973e-02,4.069145215095977541e-02
1.072306938123470027e+05,1.785293579101562500e+01,2.650000000000000000e+01,1.252714138632626817e-02,4.814534512917436476e-02
1.072307437237400009e+05,9.060836791992187500e+00,3.161216735839843750e+01,2.102291406599919588e-03,5.181809161302830535e-02
1.072307936257440015e+05,2.762603759765625000e-01,3.740389251708984375e+01,-5.941469308590491272e-03,5.414741247763622811e-02
1.072308436049890006e+05,-7.019134521484375000e+00,4.253809356689453125e+01,-9.758440388611157312e-03,5.496497391273558880e-02
1.072308935388630052e+05,-1.297398376464843750e+01,4.551649475097656250e+01,-9.824120473563173472e-03,5.285637429021359385e-02
1.072309442704910034e+05,-1.655068969726562500e+01,4.560137939453125000e+01,-5.899525778801401055e-03,4.690163107146886473e-02
1.072309937634429953e+05,-1.541618347167968750e+01,4.472254180908203125e+01,3.542603276197563156e-03,4.016901275446567443e-02
1.072310438190749992e+05,-1.171369934082031250e+01,4.085166931152343750e+01,1.578604424561038874e-02,3.125912313240360868e-02
1.072310935265989974e+05,-4.844512939453125000e+00,3.613420867919921875e+01,2.974285659103081264e-02,2.271968735285233992e-02
1.072311433295860043e+05,2.137466430664062500e+00,3.016735076904296875e+01,4.127482824897998198e-02,1.482770570591189843e-02
1.072311934280510031e+05,1.105366516113281250e+01,2.361872863769531250e+01,5.146634403915476691e-02,8.253286840857451678e-03
1.072312434302769980e+05,2.092198181152343750e+01,1.703160858154296875e+01,6.011772564102957350e-02,3.503640546349821860e-03
1.072312933832440031e+05,2.966667175292968750e+01,1.066666412353515625e+01,6.522226344929857311e-02,5.635100611529747505e-04
1.072313432124709943e+05,3.520375061035156250e+01,6.436607360839843750e+00,6.447733850771938946e-02,1.153747076873462563e-03
1.072313931723260030e+05,3.964395141601562500e+01,3.586372375488281250e+00,6.068962854952397040e-02,4.320318131441687470e-03
1.072314432739960030e+05,4.162385559082031250e+01,1.408256530761718750e+00,5.416234145124390609e-02,8.277320831400588469e-03
1.072314933546469983e+05,4.076165008544921875e+01,1.262504577636718750e+00,4.517747175731586656e-02,1.369215627656890713e-02
1.072315432012999954e+05,3.762889862060546875e+01,3.336013793945312500e+00,3.498855595439896021e-02,2.077304662504526195e-02
1.072315933303019992e+05,3.205105590820312500e+01,6.070983886718750000e+00,2.397267243293570507e-02,2.754781599978680523e-02
1.072316431821769947e+05,2.556431579589843750e+01,8.266784667968750000e+00,1.420308997596147343e-02,3.195725323106211185e-02
1.072316975449449965e+05,1.668714904785156250e+01,1.313705444335937500e+01,4.400617698857890725e-03,3.742153937619345505e-02
1.072317477050210000e+05,7.588760375976562500e+00,1.640596008300781250e+01,-3.422691129841240465e-03,4.048400316937900839e-02
1.072317979154859931e+05,-5.141448974609375000e-01,2.061782836914062500e+01,-8.030794862193359196e-03,4.292501544025782712e-02
1.072318479302490014e+05,-5.976745605468750000e+00,2.160465240478515625e+01,-7.663425520777082667e-03,4.106769085757520921e-02
1.072318970919800049e+05,-8.234085083007812500e+00,2.222463989257812500e+01,-2.266815665605714791e-03,3.776527522728605202e-02
1.072319474010370031e+05,-6.979965209960937500e+00,2.099075317382812500e+01,7.788708660493907920e-03,3.252428740183950506e-02
1.072319969653029984e+05,-4.341659545898437500e+00,1.847100067138671875e+01,1.859235111455269027e-02,2.649603848535965825e-02
1.072320467665299948e+05,2.853393554687500000e-02,1.367586517333984375e+01,2.902620231231161849e-02,1.890499269788773265e-02
1.072320970838280045e+05,8.500000000000000000e+00,9.500000000000000000e+00,4.158756034915473548e-02,1.311626045488508557e-02
1.072321469570729969e+05,1.550000000000000000e+01,4.000000000000000000e+00,5.051900175361601075e-02,7.815105707268177326e-03
1.072321969029659958e+05,2.338528442382812500e+01,8.893966674804687500e-01,5.710380629006540920e-02,6.490553960486110385e-03
1.072322465330090054e+05,2.958525085449218750e+01,-2.352577209472656250e+00,5.965008718434372526e-02,6.720260522803875314e-03
1.072322964864749956e+05,3.462185668945312500e+01,-2.658744812011718750e+00,5.893292905911500651e-02,1.069321439423536260e-02
1.072323464554980019e+05,3.796527862548828125e+01,-3.618057250976562500e+00,5.553090940378636181e-02,1.433836769320952914e-02
1.072323970669970004e+05,3.888916778564453125e+01,-2.601905822753906250e+00,4.930457599699597515e-02,1.913197885127262618e-02
1.072324464341900020e+05,3.819510650634765625e+01,4.180908203125000000e-01,4.208137696601582656e-02,2.542839647894910154e-02
1.072324977472949977e+05,3.502660369873046875e+01,5.610008239746093750e+00,3.315506341434525800e-02,3.338471173433915640e-02
1.072325463084939984e+05,3.066336059570312500e+01,9.175025939941406250e+00,2.477722606269059519e-02,3.840049952521140675e-02
1.072325965808100009e+05,2.369622802734375000e+01,1.685080718994140625e+01,1.524660232670444968e-02,4.575020961796427005e-02
1.072326463780369959e+05,1.608966064453125000e+01,2.335436248779296875e+01,6.735492053922761263e-03,5.136757843831446513e-02
1.072326963824669947e+05,7.917709350585937500e+00,2.789521789550781250e+01,-2.791416820604672444e-04,5.293168220453160766e-02
1.072327462861380045e+05,7.657928466796875000e-01,3.377973937988281250e+01,-4.192245362250740515e-03,5.435722286596571251e-02
1.072327964139359974e+05,-4.376159667968750000e+00,3.805068206787109375e+01,-3.958597794304359596e-03,5.386084560865607440e-02
1.072328464674209972e+05,-6.266586303710937500e+00,4.056504058837890625e+01,1.269006824349078189e-03,5.103683611638243356e-02
1.072328965826640051e+05,-4.049743652343750000e+00,4.094654846191406250e+01,1.171160126066894333e-02,4.575255885553912438e-02
1.072329468366840010e+05,2.052993774414062500e+00,3.923732757568359375e+01,2.609369938366695729e-02,3.852378281476800947e-02
1.072329964583760011e+05,7.546066284179687500e+00,3.636721038818359375e+01,3.784870214843477632e-02,3.109527329645765670e-02
1.072330460671229957e+05,1.565702819824218750e+01,3.232128143310546875e+01,4.883832055834913533e-02,2.397658743319070612e-02
1.072330959341090056e+05,2.450000000000000000e+01,2.600000000000000000e+01,5.800616618968219146e-02,1.598957482786384637e-02
1.072331459664639988e+05,3.360166168212890625e+01,2.023557281494140625e+01,6.490693794410287709e-02,1.003393593150871815e-02
1.072331959421149950e+05,4.042609405517578125e+01,1.511234283447265625e+01,6.707595192231113890e-02,6.851102064876827408e-03
1.072332460850439966e+05,4.514336395263671875e+01,1.131150817871093750e+01,6.478533193971312831e-02,6.828712575929749007e-03
1.072332960002329928e+05,4.784868621826171875e+01,8.897560119628906250e+00,5.940773083984915437e-02,9.406550530485714018e-03
1.072333460483660019e+05,4.807241821289062500e+01,6.886489868164062500e+00,5.153110007057455644e-02,1.264759039579347460e-02
1.072333959385729977e+05,4.665534210205078125e+01,7.000000000000000000e+00,4.294961935760071431e-02,1.759926106661681075e-02
1.072334459596880042e+05,4.260177612304687500e+01,9.126411437988281250e+00,3.323201669179011442e-02,2.425457413018686920e-02
1.072334957188410044e+05,3.639028167724609375e+01,9.253395080566406250e+00,2.294694688663023729e-02,2.764990677009125652e-02
1.072335458874540054e+05,2.957714843750000000e+01,1.255385589599609375e+01,1.405044890890163808e-02,3.251494145586839718e-02
1.072335964631759998e+05,1.997572326660156250e+01,1.850000000000000000e+01,4.469860934879506253e-03,3.997079742362379812e-02
1.072336468247690063e+05,1.109223937988281250e+01,2.250000000000000000e+01,-2.587583681893865228e-03,4.461133697175932722e-02
1.072336957643170026e+05,2.102127075195312500e+00,2.591489410400390625e+01,-7.649763073822229975e-03,4.659367417168187170e-02
1.072337456451369944e+05,-3.988281250000000000e+00,2.615972137451171875e+01,-7.774004931194219981e-03,4.344114102947246175e-02
1.072337958364530059e+05,-8.614028930664062500e+00,2.593956756591796875e+01,-4.525198934947800844e-03,3.860092836370509345e-02
1.072338463488419948e+05,-1.178686523437500000e+01,2.253464508056640625e+01,6.220182165454016254e-04,3.068535502116462310e-02
1.072338961785129941e+05,-1.183058166503906250e+01,1.975206756591796875e+01,8.429738361261790436e-03,2.424699462193300251e-02
1.072339468789370003e+05,-8.619735717773437500e+00,1.457379913330078125e+01,1.907089846773499589e-02,1.708879252831923407e-02
1.072339959157440026e+05,-4.388320922851562500e+00,8.954742431640625000e+00,2.922600040550450695e-02,1.077415169432225164e-02
1.072340461227649939e+05,2.201324462890625000e+00,3.061668395996093750e+00,3.954127281546530176e-02,5.712096734544556964e-03
1.072340955040319968e+05,9.849395751953125000e+00,-2.379516601562500000e+00,4.888520163926260431e-02,2.630153264241388844e-03
1.072341457031449972e+05,1.707226562500000000e+01,-1.012014770507812500e+01,5.531260880302696359e-02,-1.826354210941703859e-03
1.072341954408540041e+05,2.473771667480468750e+01,-1.313850402832031250e+01,5.995377152166989076e-02,-7.450846917900835753e-04
1.072342455792639958e+05,3.139576721191406250e+01,-1.322978210449218750e+01,6.192096734275726044e-02,5.465549193699660580e-03
1.072342952773059951e+05,3.353932952880859375e+01,-1.457865905761718750e+01,5.765821118391415562e-02,1.055254859185277005e-02
1.072343454063270037e+05,3.442399597167968750e+01,-1.417622375488281250e+01,5.063517147037796540e-02,1.579243077433108502e-02
1.072343952147209930e+05,3.281356048583984375e+01,-1.240678405761718750e+01,4.167844525715277276e-02,2.127721473179998782e-02
1.072344454153709958e+05,2.929957580566406250e+01,-1.065907287597656250e+01,3.196761425861315009e-02,2.548605368598070089e-02
1.072344957754829957e+05,2.514721679687500000e+01,-4.110137939453125000e+00,2.362862114121767887e-02,3.373213544058540486e-02
1.072345452936189977e+05,1.856375122070312500e+01,9.748306274414062500e-01,1.502950037021673693e-02,4.013074137408043085e-02
1.072345953118820034e+05,1.165657043457031250e+01,8.253028869628906250e+00,7.747533085879464154e-03,4.692029589316244753e-02
1.072346454669579980e+05,2.528518676757812500e+00,1.566156005859375000e+01,-4.861973293805027518e-05,5.271306694064605003e-02
1.072346950100389950e+05,-3.849365234375000000e+00,2.076987457275390625e+01,-3.458104935046224515e-03,5.449059628917288234e-02
1.072347462626810011e+05,-8.574951171875000000e+00,2.623785400390625000e+01,-2.520709268678276993e-03,5.468018724880308740e-02
1.072347959109469957e+05,-1.195338439941406250e+01,2.902966308593750000e+01,9.310085945307064459e-04,5.182855721958962159e-02
1.072348472165150015e+05,-1.132759094238281250e+01,3.332758331298828125e+01,9.083308270915996241e-03,5.012069926544774484e-02
1.072348952332920016e+05,-8.776519775390625000e+00,3.406269836425781250e+01,1.874135275362889472e-02,4.608279435371753774e-02
1.072349467452660028e+05,-3.407760620117187500e+00,3.353475952148437500e+01,3.019138365005464772e-02,4.010662660445143274e-02
1.072349948685230047e+05,3.860473632812500000e+00,3.317957305908203125e+01,4.172843413996984302e-02,3.576875050894715025e-02
1.072350453987270012e+05,1.179815673828125000e+01,2.923087310791015625e+01,5.144592742743368807e-02,2.863430992135680003e-02
1.072350950836950069e+05,2.047091674804687500e+01,2.567274475097656250e+01,5.937213287749821405e-02,2.271239802847978273e-02
1.072351453118820064e+05,3.050000000000000000e+01,2.284042358398437500e+01,6.651032279614817189e-02,1.939580973159053118e-02
1.072351949505920056e+05,3.689773559570312500e+01,1.993126678466796875e+01,6.805537883602391647e-02,1.775654223853255845e-02
1.072352452667409962e+05,4.235261535644531250e+01,1.799173736572265625e+01,6.614144098978136377e-02,1.815893990188875012e-02
1.072352947103969927e+05,4.508966064453125000e+01,1.814315032958984375e+01,6.085511350188351626e-02,2.153937010031175062e-02
1.072353448032879969e+05,4.644258880615234375e+01,1.895781707763671875e+01,5.402626806448559971e-02,2.600127592470343960e-02
1.072353947401629994e+05,4.615222930908203125e+01,2.141816711425781250e+01,4.672107851422434288e-02,3.168995682183976120e-02
1.072354446721290005e+05,4.382455444335937500e+01,2.374081420898437500e+01,3.881115926903232899e-02,3.636264047423758833e-02
1.072354946930029982e+05,3.943171691894531250e+01,2.897797393798828125e+01,3.024649412530858866e-02,4.291839942100017513e-02
1.072355447347279987e+05,3.344695281982421875e+01,3.284104156494140625e+01,2.160407861712739311e-02,4.726043324804223705e-02
1.072355945491589955e+05,2.603608703613281250e+01,3.850000000000000000e+01,1.320985515142841446e-02,5.192802346095040655e-02
1.072356445218659937e+05,1.633403015136718750e+01,4.514730072021484375e+01,4.011229827392499836e-03,5.700259323807940759e-02
1.072356945181839983e+05,8.151092529296875000e+00,5.033791351318359375e+01,-1.932485521014402907e-03,5.968940088891885876e-02
1.072357446127610019e+05,-1.423950195312500000e-01,5.536647796630859375e+01,-5.651188582885213751e-03,6.088754553774192169e-02
1.072357944549319946e+05,-5.393661499023437500e+00,5.893078994750976562e+01,-4.571070899159798695e-03,5.989402073668960436e-02
1.072358449760799995e+05,-8.554870605468750000e+00,6.073141098022460938e+01,3.044834428158199602e-04,5.641300785896581627e-02
1.072358945737339964e+05,-7.271652221679687500e+00,6.036180496215820312e+01,1.014906406674615305e-02,5.071159432875808892e-02
1.072359448991060053e+05,-3.513916015625000000e+00,5.923317718505859375e+01,2.239098187591533062e-02,4.460655909011330966e-02
1.072359950384419935e+05,2.062500000000000000e+00,5.634375000000000000e+01,3.464238655547050016e-02,3.799342133538621824e-02
1.072360447276140039e+05,8.360000610351562500e+00,5.082760620117187500e+01,4.481330161861044742e-02,2.975752463701747050e-02
1.072360955500190030e+05,1.589230346679687500e+01,4.456166076660156250e+01,5.325073893376622985e-02,2.180411938075762363e-02
1.072361458644829981e+05,2.523696899414062500e+01,3.784849548339843750e+01,6.141350016760632746e-02,1.528767783812221004e-02
1.072361943222190021e+05,3.343066406250000000e+01,3.045758056640625000e+01,6.680091305866982243e-02,9.722639881818869595e-03
1.072362444009260071e+05,3.947815704345703125e+01,2.554694366455078125e+01,6.742006619444346205e-02,8.394538093990128180e-03
1.072362943147629994e+05,4.423999786376953125e+01,2.155999755859375000e+01,6.508274029810259820e-02,9.946049986582349012e-03
1.072363444601359952e+05,4.620941925048828125e+01,1.938392639160156250e+01,5.923466589019989875e-02,1.409291519164465600e-02
1.072363945466570003e+05,4.593450164794921875e+01,1.797111511230468750e+01,5.114443362462639531e-02,1.891196792693050632e-02
1.072364443659770041e+05,4.300000000000000000e+01,1.852884674072265625e+01,4.128983403275446329e-02,2.487387008963482665e-02
1.072364943089989974e+05,3.730168914794921875e+01,2.021286773681640625e+01,2.995274469044331006e-02,3.105477802567468970e-02
1.072365442141700041e+05,2.934049987792968750e+01,2.375265502929687500e+01,1.808771927522866141e-02,3.794846940253204098e-02
1.072365941180810041e+05,2.032524108886718750e+01,2.950000000000000000e+01,7.433900795817925677e-03,4.608887646029340840e-02
1.072366443368610053e+05,9.000000000000000000e+00,3.700000000000000000e+01,-3.141359943484377248e-03,5.497883583887752668e-02
1.072366940344769973e+05,-1.216018676757812500e+00,4.039273834228515625e+01,-1.036803563653991567e-02,5.762541913118238157e-02
1.072367441813500045e+05,-9.065307617187500000e+00,4.489345550537109375e+01,-1.225054013231120786e-02,5.852920797220222127e-02
1.072367938305410062e+05,-1.573529052734375000e+01,4.707612609863281250e+01,-1.075474926723873209e-02,5.625408319644853439e-02
1.072368443372070033e+05,-1.926251220703125000e+01,4.714022064208984375e+01,-4.971144114870797159e-03,5.088422387957816651e-02
1.072368942862109980e+05,-1.959028625488281250e+01,4.557949066162109375e+01,4.312597617096743108e-03,4.402422502833681223e-02
1.072369445998790034e+05,-1.499137878417968750e+01,4.300000000000000000e+01,1.822737440442481413e-02,3.705956654163909680e-02
1.072369940382200002e+05,-7.647354125976562500e+00,3.874361419677734375e+01,3.362051177947947278e-02,2.991777482761770468e-02
1.072370439287420013e+05,1.010131835937500000e-02,3.246464538574218750e+01,4.640885406183621609e-02,2.191605870603987108e-02
1.072370940360600071e+05,9.582870483398437500e+00,2.684272003173828125e+01,5.748159775259381599e-02,1.609874132045099188e-02
1.072371438137499936e+05,1.957235717773437500e+01,2.053421020507812500e+01,6.607690602467822250e-02,1.155013350539810246e-02
1.072371945845809969e+05,2.812667846679687500e+01,1.441310882568359375e+01,7.023718365883403758e-02,8.585773270443158856e-03
1.072372439136809990e+05,3.309786987304687500e+01,1.104591369628906250e+01,6.831254123322577643e-02,9.726965973408205346e-03
1.072372956192279962e+05,3.704684448242187500e+01,8.745010375976562500e+00,6.299819488629825048e-02,1.344046293768927022e-02
1.072373438348180061e+05,4.000000000000000000e+01,7.925529479980468750e+00,5.785920869135502409e-02,1.840949081602141074e-02
1.072373947903700027e+05,3.950000000000000000e+01,7.609092712402343750e+00,4.952785042190280262e-02,2.325474770243082454e-02
1.072374439108990045e+05,3.700000000000000000e+01,8.500000000000000000e+00,4.040089994082907837e-02,2.810451738281004655e-02
1.072374937832919968e+05,3.200000000000000000e+01,1.300000000000000000e+01,3.006648346192276541e-02,3.585761242901189250e-02
1.072375438205170067e+05,2.591175842285156250e+01,1.650000000000000000e+01,2.049098682817618658e-02,4.190939050243272512e-02
1.072375945869410061e+05,1.700000000000000000e+01,2.247058868408203125e+01,1.013178958071488112e-02,4.874580888557289438e-02
1.072376442497240059e+05,7.000000000000000000e+00,2.900000000000000000e+01,4.160460828375109332e-04,5.519198040250399007e-02
1.072376934873999999e+05,-1.972991943359375000e+00,3.369625091552734375e+01,-6.067592737969328132e-03,5.809662760483969013e-02
1.072377436016239953e+05,-8.061462402343750000e+00,3.731013488769531250e+01,-6.735008798348575410e-03,5.779365526733169778e-02
1.072377944306590070e+05,-1.404167175292968750e+01,4.103125000000000000e+01,-5.024862869576381119e-03,5.665405292615205424e-02
1.072378450096209999e+05,-1.679570007324218750e+01,4.265950012207031250e+01,4.640219682956123193e-04,5.341686297754629636e-02
1.072378935540240054e+05,-1.499586486816406250e+01,4.362809753417968750e+01,1.067858987383342451e-02,4.980422283570025421e-02
1.072379435001009988e+05,-9.350006103515625000e+00,4.230000305175781250e+01,2.483590113591319093e-02,4.411273972583501513e-02
1.072379940471010050e+05,-1.703796386718750000e+00,3.683745574951171875e+01,3.955942352831773312e-02,3.434944322110713294e-02
1.072380433932760061e+05,6.161758422851562500e+00,3.393756866455078125e+01,5.129359409505419853e-02,2.830555054653803929e-02
1.072380943316790072e+05,1.594453430175781250e+01,2.884315490722656250e+01,6.134417184024543862e-02,2.252115921783551938e-02
1.072381447739940049e+05,2.530604553222656250e+01,2.003675079345703125e+01,6.829280613522675791e-02,1.388109340022939883e-02
1.072381934895629965e+05,3.319947052001953125e+01,1.471968078613281250e+01,7.135192876732976419e-02,9.749907486155270919e-03
1.072382431936420035e+05,3.995970916748046875e+01,1.169037628173828125e+01,7.100500157392693190e-02,1.074758499994625527e-02
1.072382932067380025e+05,4.456320190429687500e+01,1.000966644287109375e+01,6.742023145700720699e-02,1.498923150227894630e-02
1.072383429958539928e+05,4.568744659423828125e+01,1.000748443603515625e+01,5.988737567363676406e-02,2.121212942902967261e-02
1.072383931972260034e+05,4.498532104492187500e+01,1.066353607177734375e+01,5.066705741648387662e-02,2.736434781433428123e-02
1.072384430575639999e+05,4.092537689208984375e+01,1.311193847656250000e+01,3.943532784633600047e-02,3.395264725398614014e-02
1.072384930397889984e+05,3.440361785888671875e+01,1.707831573486328125e+01,2.725177256686765748e-02,4.087221182534230002e-02
1.072385430149970052e+05,2.559820556640625000e+01,2.310794830322265625e+01,1.489626267776374136e-02,4.874313271371229911e-02
1.072385941185470001e+05,1.523301696777343750e+01,3.100000000000000000e+01,3.415465409215008574e-03,5.742294452167058527e-02
1.072386443915300042e+05,5.712493896484375000e+00,3.549334716796875000e+01,-4.276636613511144991e-03,6.077149332291589823e-02
1.072386932329120027e+05,-2.430252075195312500e+00,4.165396118164062500e+01,-7.714604012795577004e-03,6.348667182392779551e-02
1.072387432575819985e+05,-9.270614624023437500e+00,4.513491821289062500e+01,-7.470404829975053895e-03,6.233509206584923745e-02
1.072387944030030048e+05,-1.341947937011718750e+01,4.635418701171875000e+01,-2.919899731078361149e-03,5.752849960893259562e-02
1.072388443378210068e+05,-1.421128845214843750e+01,4.633657836914062500e+01,5.494536097413869891e-03,5.151576606251696139e-02
1.072388931585929968e+05,-1.137309265136718750e+01,4.360689544677734375e+01,1.712419093375784629e-02,4.353158960278064038e-02
1.072389432823539973e+05,-5.619232177734375000e+00,4.029135894775390625e+01,3.069693570416814898e-02,3.580436268324205945e-02
1.072389941939429991e+05,2.320358276367187500e+00,3.423908233642578125e+01,4.438898435372477802e-02,2.698286031734350998e-02
1.072390435468030046e+05,1.150000000000000000e+01,3.000000000000000000e+01,5.640014609449882366e-02,2.188684546092869998e-02
1.072390929980140063e+05,2.245640563964843750e+01,2.371117401123046875e+01,6.718865948438848545e-02,1.686159924820765377e-02
1.072391428919260070e+05,3.239964294433593750e+01,1.724372863769531250e+01,7.419002360129083040e-02,1.261734508280439732e-02
1.072391936444419989e+05,4.005577850341796875e+01,1.330132293701171875e+01,7.570983046941259786e-02,1.241892621827294513e-02
1.072392433681880066e+05,4.592094421386718750e+01,1.156381225585937500e+01,7.338376882107841559e-02,1.610563481979827155e-02
1.072392930657679972e+05,4.908428955078125000e+01,1.109717559814453125e+01,6.734884178877012517e-02,2.166369070170946765e-02
1.072393425846080063e+05,4.937915802001953125e+01,1.123484039306640625e+01,5.841657050025614306e-02,2.715872339213950756e-02
1.072393925132230070e+05,4.735128021240234375e+01,1.355932617187500000e+01,4.796935628885024006e-02,3.373437792627836246e-02
1.072394424651709996e+05,4.311698913574218750e+01,1.711440277099609375e+01,3.708789262396618158e-02,4.059367305791574537e-02
1.072394940809219988e+05,3.683117675781250000e+01,2.061013793945312500e+01,2.619401306052551726e-02,4.589273924648398784e-02
1.072395433325600025e+05,2.806799316406250000e+01,2.643466186523437500e+01,1.520799012659931199e-02,5.221429012116986235e-02
1.072395933951369952e+05,1.774816894531250000e+01,3.283472442626953125e+01,4.541082182516760490e-03,5.814636736848277643e-02
1.072396444778360019e+05,7.990875244140625000e+00,3.862197875976562500e+01,-3.021071377344995701e-03,6.205363960568586329e-02
1.072396926470379985e+05,-8.453674316406250000e-01,4.329257202148437500e+01,-7.235841501971131129e-03,6.363625100927347567e-02
1.072397434489610023e+05,-7.038467407226562500e+00,4.765384674072265625e+01,-6.248184380290781881e-03,6.328085258658995571e-02
1.072397939232390054e+05,-1.014065551757812500e+01,4.923784637451171875e+01,-2.643561168843011622e-04,5.965345265398245417e-02
1.072398429466009984e+05,-1.066491699218750000e+01,4.995629119873046875e+01,8.573345806341080289e-03,5.498370811706834727e-02
1.072398922895909927e+05,-6.181503295898437500e+00,4.860582733154296875e+01,2.198691457428643414e-02,4.864234912348359974e-02
1.072399386898429948e+05,1.280593872070312500e+00,4.434608459472656250e+01,3.711997152446169790e-02,4.025709325942781330e-02
1.072399885326799995e+05,8.669815063476562500e+00,3.950000000000000000e+01,4.976797340774271466e-02,3.168223437366468609e-02
1.072400385208869993e+05,1.850000000000000000e+01,3.322222137451171875e+01,6.143362953093732537e-02,2.370339900457993365e-02
1.072400886695560039e+05,2.975672912597656250e+01,2.677143859863281250e+01,7.184241962222198685e-02,1.749481617938439260e-02
1.072401385008570069e+05,3.872232055664062500e+01,2.044935607910156250e+01,7.712142550990866430e-02,1.337390224382001974e-02
1.072401885005450022e+05,4.772727203369140625e+01,1.663636016845703125e+01,7.954159957341923326e-02,1.365856595209460900e-02
1.072402385722699983e+05,5.308743286132812500e+01,1.211475372314453125e+01,7.659441509314786345e-02,1.458052555758375390e-02
1.072402884093119937e+05,5.553244018554687500e+01,1.042018890380859375e+01,6.937854743644591982e-02,1.845197903542724477e-02
1.072403383489819971e+05,5.458742523193359375e+01,9.329887390136718750e+00,5.861549878249178169e-02,2.305987475813732132e-02
1.072403882834490068e+05,5.108502197265625000e+01,9.171958923339843750e+00,4.633685110431678966e-02,2.774641529370603862e-02
1.072404382679150003e+05,4.484883880615234375e+01,1.070930480957031250e+01,3.335811143713365151e-02,3.316850591340131382e-02
1.072404884544730012e+05,3.591855621337890625e+01,1.315431213378906250e+01,2.005315442516688446e-02,3.860119634875752020e-02
1.072405381783479970e+05,2.592308044433593750e+01,1.950000000000000000e+01,8.386028927361045826e-03,4.726274692642781772e-02
1.072405883005539945e+05,1.530000305175781250e+01,2.350000000000000000e+01,-9.215055075289385611e-04,5.260620137655765832e-02
1.072406381658920000e+05,4.243118286132812500e+00,2.881078338623046875e+01,-8.011293253663620550e-03,5.703471086441422311e-02
1.072406882537089987e+05,-2.770462036132812500e+00,3.017615509033203125e+01,-8.376024488654959521e-03,5.569578307196541844e-02
1.072407380145289935e+05,-6.947219848632812500e+00,2.986332702636718750e+01,-3.223419992073213447e-03,5.064654486305730785e-02
1.072407883178079937e+05,-7.455749511718750000e+00,2.841150665283203125e+01,6.819152675031511790e-03,4.404844323031625875e-02
1.072408381049430027e+05,-3.860733032226562500e+00,2.593857574462890625e+01,2.072790568825646357e-02,3.743687608716790571e-02
1.072408880643720040e+05,2.288040161132812500e+00,2.313587188720703125e+01,3.568249118671567438e-02,3.198730798336223841e-02
1.072409381214669993e+05,1.150259399414062500e+01,1.845722961425781250e+01,5.103121935714242247e-02,2.612751760163503981e-02
1.072409878076949972e+05,2.111418151855468750e+01,1.385312652587890625e+01,6.353398394573414598e-02,2.145320250039177770e-02
1.072410378257169941e+05,3.137287902832031250e+01,8.536720275878906250e+00,7.294588318275480043e-02,1.735432336183099361e-02
1.072410878362380026e+05,4.026869964599609375e+01,2.404464721679687500e+00,7.776914325894634938e-02,1.330486857257844741e-02
1.072411377758529998e+05,4.689393615722656250e+01,6.212158203125000000e-01,7.748475951941524720e-02,1.495695681900845175e-02
1.072411878774670040e+05,5.063929748535156250e+01,-1.282562255859375000e+00,7.234128446220014497e-02,1.819430806642120119e-02
1.072412378930809937e+05,5.205903625488281250e+01,-1.226852416992187500e+00,6.426730663954936806e-02,2.332909894523427577e-02
1.072412876357899950e+05,5.117305755615234375e+01,1.323219299316406250e+00,5.468603858305789989e-02,3.070542550905992762e-02
1.072413376389970072e+05,4.737039947509765625e+01,3.593040466308593750e+00,4.358519419444449594e-02,3.686785838851348862e-02
1.072413877290179953e+05,4.135437011718750000e+01,6.500000000000000000e+00,3.207951198078657501e-02,4.180159581971665261e-02
1.072414377774650056e+05,3.190858459472656250e+01,9.679107666015625000e+00,1.915602529012707528e-02,4.544037858160682869e-02
1.072414876202839951e+05,2.000000000000000000e+01,1.900000000000000000e+01,5.653129941395308722e-03,5.490442526442951277e-02
1.072415375605470035e+05,7.708587646484375000e+00,2.499079895019531250e+01,-5.729088934361241392e-03,6.094712456174337240e-02
1.072415874946810072e+05,-2.500000000000000000e+00,2.850000000000000000e+01,-1.164558541931481894e-02,6.157751499370586051e-02
1.072416376671269973e+05,-9.480590820312500000e+00,2.974905395507812500e+01,-1.071564054450946379e-02,5.748489013434573275e-02
1.072416875959460012e+05,-1.488941955566406250e+01,3.188579559326171875e+01,-6.013800310719290276e-03,5.378544537475193899e-02
1.072417376601339929e+05,-1.626235961914062500e+01,3.194507598876953125e+01,3.250011637180041935e-03,4.894951892671270399e-02
1.072417878949129954e+05,-1.227142333984375000e+01,2.872856903076171875e+01,1.798655722748535371e-02,4.118479112382845281e-02
1.072418375350849965e+05,-8.131576538085937500e+00,2.518421173095703125e+01,3.130136198388614593e-02,3.381457325472893294e-02
1.072418874275709968e+05,-2.394592285156250000e+00,2.005652618408203125e+01,4.265342323170161210e-02,2.644127252669134856e-02
1.072419375726839935e+05,6.769226074218750000e+00,1.261538696289062500e+01,5.454645795571543693e-02,1.804899576748224266e-02
1.072419885935130005e+05,1.648591613769531250e+01,8.683097839355468750e+00,6.467245965058107671e-02,1.513654364526431650e-02
1.072420374046549987e+05,2.528305053710937500e+01,3.960403442382812500e+00,7.125274069027930091e-02,1.388449429842088939e-02
1.072420892147370032e+05,3.104185485839843750e+01,4.118957519531250000e-01,7.110601577343325652e-02,1.483806911692575614e-02
1.072421373979019991e+05,3.468846893310546875e+01,-2.269309997558593750e+00,6.729658210767192061e-02,1.695062439290005718e-02
1.072421872705540009e+05,3.524627685546875000e+01,-3.276351928710937500e+00,5.902183320434777059e-02,2.072625691965292172e-02
1.072422373057060031e+05,3.098620605468750000e+01,-1.917243957519531250e+00,4.583133304107954442e-02,2.691697177277245154e-02
1.072422871381729929e+05,2.544647216796875000e+01,-9.347229003906250000e-01,3.248478965057807755e-02,3.206654661598290490e-02
1.072423373869339994e+05,1.745697021484375000e+01,2.068702697753906250e+00,1.938700900976070285e-02,3.782393849302851524e-02
1.072423872081599984e+05,7.500000000000000000e+00,6.000000000000000000e+00,7.140152930296315981e-03,4.357065757951956997e-02
1.072424372685520066e+05,-3.514541625976562500e+00,9.127952575683593750e+00,-3.418390195672998955e-03,4.709094485284043285e-02
1.072424873173509986e+05,-1.194583129882812500e+01,1.143544769287109375e+01,-8.228294515392274577e-03,4.806429338982983607e-02
1.072425374490200047e+05,-1.869032287597656250e+01,1.425576019287109375e+01,-8.074428318309401220e-03,4.850597911535725615e-02
1.072425872478209931e+05,-2.386534118652343750e+01,1.462528991699218750e+01,-4.702373160688666509e-03,4.601762203174680765e-02
1.072426373094349983e+05,-2.454347229003906250e+01,1.477536010742187500e+01,3.926952388258256321e-03,4.275584924540395959e-02
1.072426871177910070e+05,-2.398083496093750000e+01,1.331881713867187500e+01,1.367886435410742979e-02,3.826111755792098446e-02
1.072427372462939966e+05,-2.018481445312500000e+01,1.089976501464843750e+01,2.507630850868237254e-02,3.322875606224332673e-02
1.072427872262409946e+05,-1.487428283691406250e+01,7.448333740234375000e+00,3.606455692269838059e-02,2.800781516514801867e-02
1.072428371013199940e+05,-7.725143432617187500e+00,2.896057128906250000e+00,4.642179093801700879e-02,2.259272825064426518e-02
1.072428872752659954e+05,-1.250000000000000000e-01,-3.125000000000000000e+00,5.474703018710275898e-02,1.653650046960032649e-02
1.072429371908989997e+05,9.990676879882812500e+00,-6.913696289062500000e+00,6.348445419414015800e-02,1.402376679075079818e-02
1.072429878063979995e+05,1.759025573730468750e+01,-1.054608154296875000e+01,6.771302010172086661e-02,1.354900616541043074e-02
1.072430369088339939e+05,2.399247741699218750e+01,-1.001806640625000000e+01,6.846136005037962990e-02,1.845560335265713364e-02
1.072430867898190045e+05,2.624655151367187500e+01,-1.178607177734375000e+01,6.302087874620432295e-02,2.160624661795418344e-02
1.072431367764710012e+05,2.646807861328125000e+01,-1.300000000000000000e+01,5.443553494528829279e-02,2.376483924947736526e-02
1.072431866518820025e+05,2.611376953125000000e+01,-1.093620300292968750e+01,4.627101252328438830e-02,2.863701327420817289e-02
1.072432368472920061e+05,2.285885620117187500e+01,-9.558639526367187500e+00,3.703879968535715717e-02,3.263440579142993375e-02
1.072432865974080050e+05,1.709573364257812500e+01,-7.840827941894531250e+00,2.681365410518548806e-02,3.570190497771263266e-02
1.072433366604290059e+05,9.747009277343750000e+00,-4.949905395507812500e+00,1.664990846412153086e-02,3.901738550976349695e-02
1.072433866927280033e+05,2.000000000000000000e+00,-9.677124023437500000e-02,8.301646425529517204e-03,4.402036784747886955e-02
1.072434367702489981e+05,-7.843856811523437500e+00,1.023712158203125000e+00,-3.685588971664988112e-05,4.436380875917830813e-02
1.072434867536230013e+05,-1.481857299804687500e+01,1.806381225585937500e+00,-3.504456340885121757e-03,4.245172828959538347e-02
1.072435369775870058e+05,-1.942118835449218750e+01,4.347290039062500000e+00,-1.811933402831818196e-03,4.221082265729259736e-02
1.072435867529259995e+05,-2.203472900390625000e+01,3.288955688476562500e+00,3.386650435368739054e-03,3.876061346151008641e-02
1.072436368915390049e+05,-2.209268188476562500e+01,2.023170471191406250e+00,1.140686014444690366e-02,3.458403976175807026e-02
1.072436868553020031e+05,-1.900000000000000000e+01,-1.590911865234375000e+00,2.200958548516892405e-02,2.847358478620128086e-02
1.072437370674700069e+05,-1.451577758789062500e+01,-5.186393737792968750e+00,3.262948160456831392e-02,2.297747407977030268e-02
1.072437867010500049e+05,-7.789566040039062500e+00,-8.193267822265625000e+00,4.328028181789179279e-02,1.964431267626016997e-02
1.072438367594599986e+05,7.257232666015625000e-01,-1.197087097167968750e+01,5.360492569699944893e-02,1.693311250486786990e-02
1.072438865981309937e+05,8.513214111328125000e+00,-1.831057739257812500e+01,6.081301767436049499e-02,1.198985811558252179e-02
1.072439366662999964e+05,1.650000000000000000e+01,-2.200000000000000000e+01,6.557353201947713206e-02,1.009097760561401130e-02
1.072439865301380050e+05,2.248963928222656250e+01,-2.409461975097656250e+01,6.637472694760739034e-02,1.148529059707405209e-02
1.072440365461970068e+05,2.750000000000000000e+01,-2.476666259765625000e+01,6.462207966064618947e-02,1.531023475673960743e-02
1.072440864048299991e+05,3.008227539062500000e+01,-2.348210144042968750e+01,5.991124823906437968e-02,2.127168353631985614e-02
1.072441363597970048e+05,3.000164794921875000e+01,-2.105453491210937500e+01,5.235892876374106247e-02,2.788832318496287793e-02
1.072441862241710041e+05,2.737921142578125000e+01,-1.841896057128906250e+01,4.278728098021548909e-02,3.339242154776534549e-02
1.072442362722109974e+05,2.188294982910156250e+01,-1.635844421386718750e+01,3.144981940316943225e-02,3.648112803651118452e-02
1.072442862977140030e+05,1.562011718750000000e+01,-1.256983947753906250e+01,2.121167952697756640e-02,3.990982365591083658e-02
1.072443362185879960e+05,8.025421142578125000e+00,-7.665199279785156250e+00,1.219101979682136322e-02,4.409328285953031945e-02
1.072443862734800059e+05,1.480560302734375000e-01,-3.829345703125000000e-01,5.224888276413867938e-03,5.051651124198172638e-02
1.072444373791419930e+05,-8.908569335937500000e+00,1.922286987304687500e+00,-8.497830349017965190e-04,5.073874013711408143e-02
1.072444865370210027e+05,-1.317510986328125000e+01,5.755958557128906250e+00,-1.977016367533460106e-04,5.064274376744523631e-02
1.072445368187819986e+05,-1.564006042480468750e+01,8.145744323730468750e+00,4.829415971876881153e-03,4.876087347571911312e-02
1.072445860902160057e+05,-1.484965515136718750e+01,9.453262329101562500e+00,1.370260046590066755e-02,4.579783763346836900e-02
1.072446362512180058e+05,-1.112500000000000000e+01,9.375000000000000000e+00,2.529895753957496496e-02,4.150691305264955083e-02
1.072446860406490014e+05,-5.973098754882812500e+00,7.486297607421875000e+00,3.676120352534437141e-02,3.584806210821271655e-02
1.072447359168380062e+05,3.735488891601562500e+00,5.799407958984375000e+00,5.070994689305981240e-02,3.121544692146159886e-02
1.072447860145629966e+05,1.301531982421875000e+01,1.038345336914062500e+00,6.209431140600578380e-02,2.456554697367754544e-02
1.072448357578090072e+05,2.422636413574218750e+01,-2.042839050292968750e+00,7.231362962779044889e-02,2.052038963158975271e-02
1.072448871477649955e+05,3.357368469238281250e+01,-5.500000000000000000e+00,7.766672767243719411e-02,1.797007245580027265e-02
1.072449401140419941e+05,4.162000274658203125e+01,-7.500000000000000000e+00,7.849965539015094085e-02,1.837049101426049477e-02
1.072449911969999957e+05,4.685124969482421875e+01,-8.325332641601562500e+00,7.510133727526510650e-02,2.098625387303258705e-02
1.072450397540700069e+05,4.848303985595703125e+01,-9.882720947265625000e+00,6.757810774884692728e-02,2.260553012833469919e-02
1.072450894117980060e+05,4.738606262207031250e+01,-8.443588256835937500e+00,5.691878269084042763e-02,2.672729514700395229e-02
1.072451395251520007e+05,4.394030761718750000e+01,-6.117828369140625000e+00,4.516552254804236805e-02,3.195165346271832546e-02
1.072451895335620065e+05,3.705412292480468750e+01,-4.558952331542968750e+00,3.200488522406051695e-02,3.550151350055779503e-02
1.072452392886040034e+05,2.859927368164062500e+01,2.263221740722656250e+00,1.954217611420971945e-02,4.360362225397780567e-02
1.072452902320260037e+05,1.861578369140625000e+01,7.500000000000000000e+00,8.351789666666435685e-03,4.994572094736795392e-02
1.072453402601770067e+05,6.889831542968750000e+00,1.166949462890625000e+01,-1.943904344910513116e-03,5.309260481523696285e-02
1.072453897469070071e+05,-3.323196411132812500e+00,1.702281188964843750e+01,-8.305972034973449492e-03,5.577927188543372466e-02
1.072454396530399972e+05,-1.126156616210937500e+01,2.096220397949218750e+01,-9.446711797607330874e-03,5.623669712676259563e-02
1.072454899529849936e+05,-1.680616760253906250e+01,2.399559783935546875e+01,-5.876696238518552828e-03,5.490262008024302670e-02
1.072455396743049932e+05,-1.991836547851562500e+01,2.767857360839843750e+01,9.252688660752253491e-04,5.427619632946363570e-02
1.072455899546209985e+05,-1.882653808593750000e+01,2.782653045654296875e+01,1.193882489083144399e-02,5.016196294331405625e-02
1.072456401144200063e+05,-1.500000000000000000e+01,2.600000000000000000e+01,2.488359357423449228e-02,4.356482937905350322e-02
1.072456896643890068e+05,-8.739715576171875000e+00,2.390461730957031250e+01,3.813031975606483159e-02,3.736473163216427751e-02
1.072457392764690012e+05,-1.108947753906250000e+00,2.096031951904296875e+01,4.998882340792610429e-02,3.179832019576569330e-02
1.072457893933419982e+05,7.109756469726562500e+00,1.850000000000000000e+01,5.932941163817742614e-02,2.833231118857773220e-02
1.072458390511250036e+05,1.749362182617187500e+01,1.397071075439453125e+01,6.828660192935126494e-02,2.412536893839209787e-02
1.072458890852390032e+05,2.671568298339843750e+01,1.034998321533203125e+01,7.399629164298818229e-02,2.146592436385965502e-02
1.072459390360020043e+05,3.313259124755859375e+01,8.105163574218750000e+00,7.432480897991600166e-02,2.150503249654220697e-02
1.072459889852460037e+05,3.760204315185546875e+01,6.996597290039062500e+00,7.060800034632810918e-02,2.376845919260119067e-02
1.072460389030649967e+05,3.973085784912109375e+01,7.009475708007812500e+00,6.389370886237763503e-02,2.753645741665577268e-02
1.072460889970489952e+05,3.870587921142578125e+01,7.500000000000000000e+00,5.425949894379002852e-02,3.146288850417697236e-02
1.072461389322369942e+05,3.439090728759765625e+01,8.936363220214843750e+00,4.223341014179445019e-02,3.553417223470541758e-02
1.072461889587769983e+05,2.800000000000000000e+01,1.500000000000000000e+01,2.976453797318394726e-02,4.401436965540451995e-02
1.072462387898190063e+05,2.003022766113281250e+01,2.126279449462890625e+01,1.822817400050523104e-02,5.263949830182134554e-02
1.072462888546729955e+05,1.097601318359375000e+01,2.599520111083984375e+01,8.342763760319511779e-03,5.767345013894450284e-02
1.072463386504369992e+05,1.710845947265625000e+00,2.990361785888671875e+01,9.060605106907884676e-04,5.935440174225980331e-02
1.072463888861239975e+05,-5.525314331054687500e+00,3.373417663574218750e+01,-1.816503572824396118e-03,5.936784139365499507e-02
1.072464387083869951e+05,-1.080467224121093750e+01,3.574815368652343750e+01,-2.077189216389344062e-04,5.698035837660228586e-02
1.072464890595180041e+05,-1.537669372558593750e+01,3.650616455078125000e+01,3.228532558673072317e-03,5.287207178948275660e-02
1.072465390982240060e+05,-1.632035827636718750e+01,3.691616821289062500e+01,1.030716287125343217e-02,4.893569874590250612e-02
1.072465890801719943e+05,-1.361038208007812500e+01,3.583116912841796875e+01,2.107242150557090549e-02,4.441279832532464555e-02
1.072466388540100015e+05,-8.308273315429687500e+00,3.341575622558593750e+01,3.357624513275146716e-02,3.928502093249067184e-02
1.072466888075689931e+05,-1.880599975585937500e+00,3.034328460693359375e+01,4.510822500724254863e-02,3.435487724197686110e-02
1.072467384955559974e+05,6.911758422851562500e+00,2.699019622802734375e+01,5.634991008683969127e-02,3.032408455045389195e-02
1.072467896334020043e+05,1.832669067382812500e+01,2.107481384277343750e+01,6.800795482969379524e-02,2.453935680897820215e-02
1.072468395494059951e+05,2.950000000000000000e+01,1.600000000000000000e+01,7.736300333416147590e-02,2.028528381230288585e-02
1.072468908769370028e+05,3.650000000000000000e+01,1.050000000000000000e+01,7.885617941488683169e-02,1.693775824335540248e-02
1.072469384405129967e+05,4.315686035156250000e+01,8.000000000000000000e+00,7.791347925040531530e-02,1.773962560947273809e-02
1.072469899920600001e+05,4.751782989501953125e+01,6.663696289062500000e+00,7.277374199150908607e-02,2.133864908931346754e-02
1.072470384806119982e+05,4.912430572509765625e+01,5.267959594726562500e+00,6.563514959481520084e-02,2.484877928773236017e-02
1.072470887496310024e+05,4.715384674072265625e+01,4.923080444335937500e+00,5.485535451588944428e-02,2.851060688135221080e-02
1.072471392944079998e+05,4.347087097167968750e+01,7.500000000000000000e+00,4.360419549137245498e-02,3.471080333248464933e-02
1.072471890839499974e+05,3.600000000000000000e+01,8.500000000000000000e+00,3.068949514285963104e-02,3.858377524439299266e-02
1.072472383431990020e+05,2.737962341308593750e+01,1.457986450195312500e+01,1.867462433380739223e-02,4.638681771113954688e-02
1.072472883347760071e+05,1.714077758789062500e+01,1.700000000000000000e+01,7.720844630771897532e-03,4.987402324899840173e-02
1.072473381830209983e+05,8.364654541015625000e+00,2.036466217041015625e+01,1.166807708348989447e-03,5.201810494144947644e-02
1.072473882403390016e+05,7.308349609375000000e-01,2.131863403320312500e+01,-1.130550653418618823e-03,5.047643074084884329e-02
1.072474381497129943e+05,-3.801193237304687500e+00,2.043712615966796875e+01,1.936564164064034921e-03,4.585834880060832286e-02
1.072474883411589981e+05,-5.344268798828125000e+00,2.072131347656250000e+01,9.518463401702412230e-03,4.250265096764427319e-02
1.072475383522920019e+05,-4.479766845703125000e+00,1.937283325195312500e+01,1.951823892740602029e-02,3.872690805669982972e-02
1.072475883264250006e+05,-1.431930541992187500e+00,1.752986907958984375e+01,3.037720024439088257e-02,3.512536342650830756e-02
1.072476380985589931e+05,3.553115844726562500e+00,1.464617919921875000e+01,4.110932640387961190e-02,3.124028340435545947e-02
1.072476885245960002e+05,1.250000000000000000e+01,1.100000000000000000e+01,5.385860958713060975e-02,2.718983225911576762e-02
1.072477380780279927e+05,2.208110046386718750e+01,5.184822082519531250e+00,6.538122127016904317e-02,2.145620818488900086e-02
1.072477878633479995e+05,3.195349121093750000e+01,2.207443237304687500e+00,7.429399231564579043e-02,1.939833560166173004e-02
1.072478379934060067e+05,3.972024536132812500e+01,-2.342483520507812500e+00,7.801984952745380508e-02,1.737930308524235357e-02
1.072478881792589964e+05,4.557601165771484375e+01,-4.329093933105468750e+00,7.702505749530652590e-02,1.859010456228106511e-02
1.072479379143200058e+05,4.889713287353515625e+01,-4.992820739746093750e+00,7.200589844550049634e-02,2.211723035924929859e-02
1.072479882981529954e+05,4.979746246337890625e+01,-4.826019287109375000e+00,6.398801100534712294e-02,2.656537901714599303e-02
1.072480379501029965e+05,4.832230377197265625e+01,-1.575759887695312500e+00,5.448186734926266372e-02,3.374025899931840794e-02
1.072480878943290008e+05,4.492945861816406250e+01,1.305114746093750000e+00,4.449327132825162817e-02,3.986435426985319302e-02
1.072481375764830009e+05,4.000000000000000000e+01,3.500000000000000000e+00,3.505562363618575789e-02,4.336343180295099825e-02
1.072481877320219937e+05,3.188493347167968750e+01,8.586822509765625000e+00,2.431632126970157542e-02,4.833833485726540813e-02
1.072482375421000033e+05,2.120945739746093750e+01,1.747276306152343750e+01,1.248816729905780076e-02,5.734711845274389347e-02
1.072482876879730029e+05,1.002392578125000000e+01,2.339168548583984375e+01,2.067466693957228929e-03,6.269967146199151298e-02
1.072483377426609950e+05,-3.992309570312500000e-01,2.860077667236328125e+01,-4.854695693545234281e-03,6.478265553064675719e-02
1.072483875531090016e+05,-8.187545776367187500e+00,3.056883239746093750e+01,-6.242959350486319836e-03,6.165765707480469482e-02
1.072484381158119941e+05,-1.398554992675781250e+01,3.266379547119140625e+01,-3.141708373845690516e-03,5.744849166714143668e-02
1.072484882075920032e+05,-1.773684692382812500e+01,3.343421173095703125e+01,2.799940623057432798e-03,5.270720472621292368e-02
1.072485382743910013e+05,-1.880056762695312500e+01,3.316958618164062500e+01,1.110642285111747979e-02,4.784827548000661346e-02
1.072485887685019989e+05,-1.410345458984375000e+01,3.043103790283203125e+01,2.478063611058821392e-02,4.134512917836360990e-02
1.072486379515659937e+05,-1.042857360839843750e+01,2.728571319580078125e+01,3.590442446619957623e-02,3.541556409376345887e-02
1.072486874772949959e+05,-4.617111206054687500e+00,2.384684753417968750e+01,4.579734821137535633e-02,3.061120900898570141e-02
1.072487384930690023e+05,1.057418823242187500e+00,1.999521636962890625e+01,5.278175241775991816e-02,2.688726296324428847e-02
1.072487886155710003e+05,9.621063232421875000e+00,1.488622283935546875e+01,6.055403991696253763e-02,2.298112396721731926e-02
1.072488377235060034e+05,1.685809326171875000e+01,1.119470214843750000e+01,6.565004008245545197e-02,2.123065688919444777e-02
1.072488874432709999e+05,2.290527343750000000e+01,7.945869445800781250e+00,6.732982869618664434e-02,2.104461143375068594e-02
1.072489375637909980e+05,2.560035705566406250e+01,6.242309570312500000e+00,6.374368592078087647e-02,2.317322066577066214e-02
1.072489871495569969e+05,2.582638549804687500e+01,5.478012084960937500e+00,5.648428471175304805e-02,2.660997900263236890e-02
1.072490372134109930e+05,2.315487670898437500e+01,6.077690124511718750e+00,4.623036113623351512e-02,3.118539002778251620e-02
1.072490872332470026e+05,1.787329101562500000e+01,7.690193176269531250e+00,3.439271713266552066e-02,3.622738824589613604e-02
1.072491372868059989e+05,1.199160766601562500e+01,1.047162628173828125e+01,2.403500566318120604e-02,4.156480063511245465e-02
1.072491872561049968e+05,4.375610351562500000e+00,1.263129425048828125e+01,1.464406202173224730e-02,4.506829122604002341e-02
1.072492377609380055e+05,-3.656082153320312500e+00,1.707643890380859375e+01,7.171430984614209081e-03,4.967639630655464045e-02
1.072492871726860030e+05,-1.243954467773437500e+01,1.973145294189453125e+01,1.000507168970800331e-03,5.181344888229470758e-02
1.072493392052109994e+05,-1.881752014160156250e+01,2.274201202392578125e+01,-5.502992902003123188e-04,5.272977717956522925e-02
1.072493875323380053e+05,-2.329591369628906250e+01,2.529592132568359375e+01,1.454260019329058073e-03,5.309413224508823664e-02
1.072494393522159953e+05,-2.603546142578125000e+01,2.569123840332031250e+01,6.479316848811179919e-03,5.021377562249434989e-02
1.072494875908060058e+05,-2.476690673828125000e+01,2.598462677001953125e+01,1.530755684255587223e-02,4.737819140242376104e-02
1.072495380073059932e+05,-2.012823486328125000e+01,2.376588439941406250e+01,2.750301744757181754e-02,4.194676987468753948e-02
1.072495882793259952e+05,-1.391351318359375000e+01,2.144036102294921875e+01,3.992965384050436300e-02,3.689031522344225766e-02
1.072496386593630014e+05,-5.666931152343750000e+00,1.927690887451171875e+01,5.184782145173978674e-02,3.336075333092017314e-02
1.072496881278149958e+05,2.758163452148437500e+00,1.605321502685546875e+01,6.116406840216818269e-02,3.003331763171278312e-02
1.072497371009920025e+05,1.417041015625000000e+01,1.213116455078125000e+01,7.100707389918081702e-02,2.658527347626891274e-02
1.072497869844219967e+05,2.439175415039062500e+01,8.402061462402343750e+00,7.774862285085093472e-02,2.395294668365349072e-02
1.072498370566090016e+05,3.151669311523437500e+01,4.731369018554687500e+00,7.861760950183063756e-02,2.224164754053852000e-02
1.072498866651889984e+05,3.692094421386718750e+01,3.436187744140625000e+00,7.552229758529928338e-02,2.382723221577854114e-02
1.072499378377209941e+05,4.030000305175781250e+01,1.900001525878906250e+00,6.929085860738139202e-02,2.601944566963476299e-02
1.072499876242629980e+05,4.078128814697265625e+01,2.063842773437500000e+00,6.085947531567166557e-02,2.971266780686812256e-02
1.072500366704210028e+05,3.816048431396484375e+01,4.950157165527343750e+00,5.023411441026553320e-02,3.605507752380316538e-02
1.072500868960520020e+05,3.364730834960937500e+01,8.488479614257812500e+00,3.895862244412214709e-02,4.274809570859454400e-02
1.072501374352730054e+05,2.793269348144531250e+01,1.157211303710937500e+01,2.888996651529081305e-02,4.756190505333127150e-02
1.072501872587399994e+05,1.917094421386718750e+01,1.607062530517578125e+01,1.816026661162218475e-02,5.220879050212363232e-02
1.072502373630569928e+05,8.794876098632812500e+00,2.320513153076171875e+01,7.526238958431533121e-03,5.884147592730344656e-02
1.072502875272999954e+05,-1.718902587890625000e-01,2.707107543945312500e+01,7.387572687205731792e-04,6.122255656370650251e-02
1.072503366862169933e+05,-6.406494140625000000e+00,2.883698272705078125e+01,-3.033769475684483519e-04,5.926185854760934041e-02
1.072503868016079941e+05,-9.740005493164062500e+00,3.105999755859375000e+01,4.256660079472805724e-03,5.654216871794023186e-02
1.072504375475870038e+05,-1.075509643554687500e+01,3.085713958740234375e+01,1.243866808980192279e-02,5.163382308428060563e-02
1.072504870118529943e+05,-9.439834594726562500e+00,3.031535339355468750e+01,2.227912997479922913e-02,4.696771407196051462e-02
1.072505368575790053e+05,-5.648132324218750000e+00,2.820236968994140625e+01,3.313166306544727824e-02,4.164430993918864787e-02
1.072505862617529929e+05,0.000000000000000000e+00,2.600000000000000000e+01,4.389241874859274584e-02,3.730565241302498392e-02
1.072506372326200071e+05,8.840805053710937500e+00,2.278152465820312500e+01,5.583094409184618384e-02,3.313517243842888094e-02
1.072506873499920039e+05,2.027941894531250000e+01,1.700000000000000000e+01,6.870418660308948156e-02,2.711414480792400869e-02
1.072507363830209943e+05,3.096153259277343750e+01,1.150000000000000000e+01,7.846889476311894041e-02,2.182574386865108323e-02
1.072507862400989980e+05,3.950000000000000000e+01,8.000000000000000000e+00,8.251937734061387530e-02,2.011356709284117111e-02
1.072508371746320045e+05,4.750000000000000000e+01,3.000000000000000000e+00,8.302290727605922405e-02,1.846577614668337697e-02
1.072508873956150055e+05,5.166062164306640625e+01,2.725219726562500000e-01,7.834670082474690100e-02,1.958323222795218393e-02
1.072509365332540037e+05,5.266739654541015625e+01,-1.895523071289062500e-01,6.970176555507429095e-02,2.378324438454960249e-02
1.072509863985359989e+05,5.042807006835937500e+01,7.651596069335937500e-01,5.783405761940695056e-02,2.972162821507657107e-02
1.072510364171499969e+05,4.449269866943359375e+01,4.149635314941406250e+00,4.352684954692090380e-02,3.769218404040602932e-02
1.072510860960629943e+05,3.620315551757812500e+01,7.118537902832031250e+00,2.902151902280551699e-02,4.409409566768055649e-02
1.072511363066939957e+05,2.678436279296875000e+01,1.254739379882812500e+01,1.639279490020661978e-02,5.118765045209384273e-02
1.072511861134570063e+05,1.498500061035156250e+01,1.769697570800781250e+01,4.564448527085540608e-03,5.675406963801534616e-02
1.072512369364540064e+05,4.287307739257812500e+00,2.346547698974609375e+01,-3.225319514418900635e-03,6.118938999277783591e-02
1.072512869567720045e+05,-4.688919067382812500e+00,2.679170989990234375e+01,-6.084516420648042323e-03,6.169415537755159468e-02
1.072513364474830014e+05,-1.025198364257812500e+01,2.694482421875000000e+01,-3.045152204288074926e-03,5.708541660064660878e-02
1.072513862401350052e+05,-1.450000000000000000e+01,2.850000000000000000e+01,2.721377162127926186e-03,5.322402245713409030e-02
1.072514368880219990e+05,-1.404835510253906250e+01,2.773114013671875000e+01,1.335540787333993479e-02,4.807447102532930866e-02
1.072514868428030022e+05,-1.068534851074218750e+01,2.611846160888671875e+01,2.634139738366711100e-02,4.292294024377856648e-02
1.072515362350520008e+05,-6.308792114257812500e+00,2.350058746337890625e+01,3.812017994337967008e-02,3.784898340801665095e-02
1.072515858488719969e+05,-4.319305419921875000e-01,1.952986907958984375e+01,4.834262772173936185e-02,3.237238402164200474e-02
1.072516369200159970e+05,9.476837158203125000e+00,1.392955780029296875e+01,6.026756730420194247e-02,2.606125950828600685e-02
1.072516873938859935e+05,2.004588317871093750e+01,9.633956909179687500e+00,7.115765994037283326e-02,2.237833226458888630e-02
1.072517357659190020e+05,2.954269409179687500e+01,6.428894042968750000e+00,7.842349429157990937e-02,2.152135804593396928e-02
1.072517877592959994e+05,3.530118560791015625e+01,4.259796142578125000e+00,7.786311558319536363e-02,2.314639538410209058e-02
1.072518356976850046e+05,4.082538604736328125e+01,2.094863891601562500e+00,7.569675972610007131e-02,2.507119412935491370e-02
1.072518859862969985e+05,4.255154418945312500e+01,2.191001892089843750e+00,6.850755745585292156e-02,2.902229981401531489e-02
1.072519368587380013e+05,4.139719390869140625e+01,3.705604553222656250e+00,5.821631265730151106e-02,3.454595649669207902e-02
1.072519868696299964e+05,3.668093872070312500e+01,7.340919494628906250e+00,4.549205432807196248e-02,4.173189543350626363e-02
1.072520357980849949e+05,2.871951293945312500e+01,1.174390411376953125e+01,3.117428511220260781e-02,4.873331626414441342e-02
1.072520853609240003e+05,1.852970886230468750e+01,1.750000000000000000e+01,1.673246497828859147e-02,5.563244630881955533e-02
1.072521363989569945e+05,6.684860229492187500e+00,2.389533233642578125e+01,3.583619154936122653e-03,6.176611282376033574e-02
1.072521861186659953e+05,-3.000000000000000000e+00,2.900000000000000000e+01,-3.769789051032569616e-03,6.508275868498547556e-02
1.072522356579500047e+05,-1.256307983398437500e+01,3.491266632080078125e+01,-7.506794933623550659e-03,6.759577186001174132e-02
1.072522855905089964e+05,-1.884071350097656250e+01,3.859418487548828125e+01,-5.609601182320261836e-03,6.691372850755217261e-02
1.072523364336539962e+05,-2.401547241210937500e+01,3.992126464843750000e+01,-9.196847494658197397e-04,6.258497038786890732e-02
1.072523865897479991e+05,-2.546475219726562500e+01,4.115051269531250000e+01,7.436103147819145276e-03,5.815619300682464687e-02
1.072524359440150001e+05,-2.249325561523437500e+01,3.923989105224609375e+01,1.984486442520139865e-02,5.136452957675236020e-02
1.072524858259080065e+05,-1.695288085937500000e+01,3.567932891845703125e+01,3.380428996667344393e-02,4.329226690551921802e-02
1.072525353452290001e+05,-9.978729248046875000e+00,3.099290466308593750e+01,4.668430696322604934e-02,3.542137996704478736e-02
1.072525853945840063e+05,-2.512924194335937500e+00,2.611925506591796875e+01,5.674111454899832818e-02,2.915378565928702231e-02
1.072526353777909972e+05,5.668624877929687500e+00,2.064622497558593750e+01,6.433214206206133712e-02,2.424444463079123563e-02
1.072526857437349972e+05,1.550000000000000000e+01,1.450000000000000000e+01,7.130848689054586353e-02,2.006591090546604172e-02
1.072527353648519929e+05,2.352519226074218750e+01,1.000093078613281250e+01,7.488975008245267462e-02,1.876411710328108190e-02
1.072527854023359978e+05,2.929890441894531250e+01,4.595611572265625000e+00,7.398100975031413062e-02,1.760012665720861458e-02
1.072528351558230061e+05,3.080354309082031250e+01,1.312042236328125000e+00,6.711019343608409793e-02,1.888587292673536699e-02
1.072528853237129952e+05,2.910717773437500000e+01,-1.727096557617187500e+00,5.599007841348220549e-02,2.089419049537404732e-02
1.072529350906809996e+05,2.416433715820312500e+01,-3.672203063964843750e+00,4.241981352306806868e-02,2.369371227801514435e-02
1.072529851596649969e+05,1.791584777832031250e+01,-5.000000000000000000e+00,2.957004063007076175e-02,2.664504145707665209e-02
1.072530363415850006e+05,1.011666870117187500e+01,-4.039329528808593750e+00,1.824019927474969383e-02,3.150368653831591564e-02
1.072530863686810044e+05,1.153198242187500000e+00,-1.410774230957031250e+00,8.808573585393490724e-03,3.777874252254348475e-02
1.072531338502949948e+05,-9.938659667968750000e+00,3.104095458984375000e-01,-6.876860823496547259e-04,4.199616346458760752e-02
1.072531814424629993e+05,-1.770581054687500000e+01,3.022369384765625000e+00,-4.945069305180231634e-03,4.548265571358650616e-02
1.072532314181149995e+05,-2.390820312500000000e+01,6.142341613769531250e+00,-4.326470873217025392e-03,4.838378436919537479e-02
1.072532814048769942e+05,-2.840888977050781250e+01,7.865531921386718750e+00,-2.573935870922930413e-04,4.904166909688802145e-02
1.072533314052869973e+05,-2.943196105957031250e+01,9.463989257812500000e+00,7.803928845323472585e-03,4.855501852806504148e-02
1.072533813378829946e+05,-2.715435791015625000e+01,9.002067565917968750e+00,1.901907532962873737e-02,4.546400957731106668e-02
1.072534312153130013e+05,-2.278102111816406250e+01,7.167884826660156250e+00,3.104861099091776183e-02,4.053566022785055900e-02
1.072534813855190005e+05,-1.645948791503906250e+01,5.021339416503906250e+00,4.273930782463673805e-02,3.567917240432287584e-02
1.072535310506170063e+05,-9.151809692382812500e+00,3.412796020507812500e+00,5.272728956210866874e-02,3.266470614880272877e-02
1.072535812212849996e+05,-1.718414306640625000e+00,-1.811752319335937500e-01,5.995981774471841746e-02,2.874017485948462264e-02
1.072536310843630054e+05,6.490554809570312500e+00,-3.527137756347656250e+00,6.561231562483695046e-02,2.557925847952587095e-02
1.072536810009409965e+05,1.471441650390625000e+01,-8.947082519531250000e+00,6.966808733614025806e-02,2.091986171662120475e-02
1.072537308584260027e+05,2.271658325195312500e+01,-1.009204101562500000e+01,7.232637629171885518e-02,2.146423274278808774e-02
1.072537809042440058e+05,2.747872924804687500e+01,-1.250000000000000000e+01,7.048934488540067878e-02,2.240601051657004766e-02
1.072538309783570003e+05,2.963829040527343750e+01,-1.350000000000000000e+01,6.468845896330613354e-02,2.471897150629274315e-02
1.072538807423429971e+05,2.870213317871093750e+01,-1.250000000000000000e+01,5.550398486428205491e-02,2.917366286540306122e-02
1.072539307405870059e+05,2.450000000000000000e+01,-1.050000000000000000e+01,4.352358528695313145e-02,3.450533945534858815e-02
1.072539809144040046e+05,1.750920104980468750e+01,-8.609848022460937500e+00,3.014159059036632463e-02,3.877680034131561482e-02
1.072540317711219977e+05,1.020103454589843750e+01,-5.067543029785156250e+00,1.895329658223416508e-02,4.350910996337263581e-02
1.072540809921500040e+05,2.964584350585937500e+00,-5.179595947265625000e-02,1.128196225785741552e-02,4.915425090897366373e-02
1.072541343715910043e+05,-7.000000000000000000e+00,3.000000000000000000e+00,3.567429481139458569e-03,5.137593272954630447e-02
1.072541808992120059e+05,-1.497474670410156250e+01,5.996391296386718750e+00,-8.852717662070769267e-04,5.258564768685070057e-02
1.072542307500309980e+05,-2.000131225585937500e+01,8.398857116699218750e+00,1.949499561867962250e-05,5.179769256827231050e-02
1.072542808901440003e+05,-2.200720214843750000e+01,1.118771362304687500e+01,6.167250363367453303e-03,5.131075909540689511e-02
1.072543306799260026e+05,-2.150000000000000000e+01,1.200000000000000000e+01,1.546861720591233280e-02,4.902543283708187677e-02
1.072543806487620022e+05,-1.902900695800781250e+01,1.138395690917968750e+01,2.585560902288868215e-02,4.498670029872862963e-02
1.072544306531909970e+05,-1.475222778320312500e+01,1.117131805419921875e+01,3.614824189364973517e-02,4.176409267183010809e-02
1.072544807287309959e+05,-8.843307495117187500e+00,9.788116455078125000e+00,4.581611746464371582e-02,3.836329924945455078e-02
1.072545305754389992e+05,-1.759613037109375000e+00,9.354850769042968750e+00,5.440436812665434829e-02,3.681825733139541812e-02
1.072545805817380024e+05,7.516265869140625000e+00,9.080574035644531250e+00,6.325739439812660958e-02,3.656183587598278717e-02
1.072546306665180018e+05,1.511941528320312500e+01,9.330894470214843750e+00,6.854839956607533535e-02,3.749136597251485209e-02
1.072546804290220025e+05,2.174345397949218750e+01,7.270919799804687500e+00,7.044878548700458931e-02,3.600536484393438569e-02
1.072547302674899984e+05,2.723931884765625000e+01,7.001708984375000000e+00,6.960872659630701342e-02,3.585949120206933377e-02
1.072547803019550047e+05,3.051046752929687500e+01,5.458114624023437500e+00,6.568908442148746474e-02,3.480849601905913748e-02
1.072548303163469973e+05,3.173298645019531250e+01,5.019523620605468750e+00,5.947981397837927980e-02,3.486229125177432719e-02
1.072548801909250033e+05,3.063006591796875000e+01,9.915161132812500000e-01,5.144665386602619017e-02,3.116817599465188104e-02
1.072549303420929937e+05,2.701197814941406250e+01,-4.353294372558593750e+00,4.181468611954315684e-02,2.515703695553603639e-02
1.072549802011709980e+05,2.009043884277343750e+01,-8.963546752929687500e+00,3.013187774208177933e-02,2.033097044634400025e-02
1.072550301887490059e+05,1.213020324707031250e+01,-1.419308471679687500e+01,1.905380937141563924e-02,1.621202366908815889e-02
1.072550802649919933e+05,3.188385009765625000e+00,-1.897808837890625000e+01,9.524050702416637926e-03,1.363789713254526942e-02
1.072551302685319970e+05,-7.956726074218750000e+00,-2.550927734375000000e+01,1.313150634638798886e-05,1.001252219611033917e-02
1.072551804481629952e+05,-1.716116333007812500e+01,-3.053283691406250000e+01,-5.447560489243850890e-03,8.230662293250590178e-03
1.072552302856669994e+05,-2.496318054199218750e+01,-3.684878540039062500e+01,-6.893499627679454400e-03,5.782702733581779331e-03
1.072552801194859931e+05,-3.057659912109375000e+01,-4.189291381835937500e+01,-4.387004663730896536e-03,4.725462195795317177e-03
1.072553300984329981e+05,-3.690565490722656250e+01,-4.873585510253906250e+01,-2.166833997666026135e-03,2.075692084462489595e-03
1.072553801292139979e+05,-3.804650878906250000e+01,-5.549185180664062500e+01,4.896860497162092152e-03,-8.877370978518581146e-04
1.072554302040680050e+05,-3.680407714843750000e+01,-6.112541198730468750e+01,1.466260503712386865e-02,-2.376012214283428070e-03
1.072554801085350045e+05,-3.503630065917968750e+01,-6.502722167968750000e+01,2.353998813602765222e-02,-1.319145729131103451e-03
1.072555300276860071e+05,-3.050000000000000000e+01,-7.000000000000000000e+01,3.298832335168840751e-02,-1.074739549482013612e-03
1.072555799644119979e+05,-2.146847534179687500e+01,-7.004154968261718750e+01,4.562063550676404011e-02,4.092104833983881140e-03
1.072556299976180017e+05,-1.403086853027343750e+01,-7.235850524902343750e+01,5.490468556261988986e-02,7.177242419429963327e-03
1.072556798789000022e+05,-7.213485717773437500e+00,-7.149247741699218750e+01,6.016511669550955732e-02,1.206727850124734991e-02
1.072557299602169951e+05,-1.207351684570312500e+00,-7.006221008300781250e+01,6.189639873160619060e-02,1.704262764426699855e-02
1.072557800428680057e+05,2.532028198242187500e+00,-6.650883483886718750e+01,5.955154518806068248e-02,2.322505821330700035e-02
1.072558301158329996e+05,6.219573974609375000e+00,-6.247662353515625000e+01,5.639924744409432339e-02,2.897876861359202291e-02
1.072558800671320059e+05,7.000000000000000000e+00,-5.700000000000000000e+01,5.067525989703576539e-02,3.492206920916209045e-02
1.072559301560419990e+05,6.202606201171875000e+00,-4.926828002929687500e+01,4.365564372364781620e-02,4.227794775036183145e-02
1.072559800844709971e+05,2.201858520507812500e+00,-4.521427917480468750e+01,3.427423906452402302e-02,4.448555816249388783e-02
1.072560297920320008e+05,-1.610946655273437500e+00,-3.809654235839843750e+01,2.639765682465115837e-02,4.784894248958962426e-02
1.072560798135719961e+05,-8.522659301757812500e+00,-3.472380065917968750e+01,1.735068229722495914e-02,4.686035251924538375e-02
1.072561299599070044e+05,-1.656082153320312500e+01,-3.030279541015625000e+01,8.502596761955534543e-03,4.581036286388143891e-02
1.072561797727259982e+05,-2.541516113281250000e+01,-2.566722106933593750e+01,5.942935110102437468e-04,4.558594592479603413e-02
1.072562309749050037e+05,-3.352830505371093750e+01,-2.625836181640625000e+01,-4.468689120102301016e-03,3.978099585836242236e-02
1.072562796753989969e+05,-3.850000000000000000e+01,-2.707142639160156250e+01,-4.248577953398481599e-03,3.342345955160649223e-02
1.072563295485330018e+05,-4.374502563476562500e+01,-2.954681396484375000e+01,-2.562069595126607868e-03,2.621273334626193774e-02
1.072563793680740055e+05,-4.635305786132812500e+01,-3.090434265136718750e+01,1.937607892365765527e-03,2.176992493283190500e-02
1.072564294610390061e+05,-4.715649414062500000e+01,-3.473411560058593750e+01,8.278018944024273518e-03,1.664070096918093822e-02
1.072564810054940026e+05,-4.339656066894531250e+01,-3.756669616699218750e+01,1.903594285093997140e-02,1.351065647893623378e-02
1.072565295648960018e+05,-3.734375000000000000e+01,-3.781250000000000000e+01,3.122731221389659154e-02,1.476317236033865277e-02
1.072565815097370069e+05,-3.083537292480468750e+01,-4.101329040527343750e+01,4.175812960182242323e-02,1.397885470425782456e-02
1.072566296312899940e+05,-2.435707092285156250e+01,-4.399014282226562500e+01,4.934149112186833608e-02,1.260356794918931350e-02
1.072566793982579984e+05,-1.889131164550781250e+01,-4.828260803222656250e+01,5.276967150324922418e-02,9.526570605089552946e-03
1.072567295515190053e+05,-1.389907836914062500e+01,-4.905503845214843750e+01,5.348718841774100646e-02,1.039892352764353045e-02
1.072567793579309946e+05,-9.836257934570312500e+00,-5.027645874023437500e+01,5.224320825993204742e-02,1.201014251244931358e-02
1.072568293775259954e+05,-8.198013305664062500e+00,-4.972914123535156250e+01,4.794819882516199172e-02,1.541028731484030134e-02
1.072568793523250060e+05,-8.095306396484375000e+00,-4.779345703125000000e+01,4.193196937545887182e-02,2.022547489762673012e-02
1.072569292547179939e+05,-1.008975219726562500e+01,-4.625941467285156250e+01,3.441389307726706870e-02,2.395031752071512948e-02
1.072569792322209978e+05,-1.317231750488281250e+01,-4.213821411132812500e+01,2.688658068152868091e-02,2.930242867702959747e-02
1.072570292582419934e+05,-1.844485473632812500e+01,-3.972557067871093750e+01,1.861940719129238919e-02,3.215124315675459143e-02
1.072570791199870000e+05,-2.423684692382812500e+01,-3.627960205078125000e+01,1.129917375759849352e-02,3.457695401560119397e-02
1.072571290782860015e+05,-3.101400756835937500e+01,-3.253280639648437500e+01,4.752216518170024329e-03,3.672728438921170346e-02
1.072571790134009934e+05,-3.950000000000000000e+01,-2.950000000000000000e+01,-2.187581322387742444e-03,3.760503613796142841e-02
1.072572291995499982e+05,-4.570597839355468750e+01,-2.898239135742187500e+01,-5.376169961129571850e-03,3.499271720684699050e-02
1.072572790236659930e+05,-4.785842895507812500e+01,-2.749641418457031250e+01,-2.023293955201552197e-03,3.286410346830145879e-02
1.072573290510020015e+05,-4.830427551269531250e+01,-2.758813476562500000e+01,4.856393268347365677e-03,2.971365112150861978e-02
1.072573788859869965e+05,-4.695733642578125000e+01,-2.739761352539062500e+01,1.329070663009315062e-02,2.731932949328746280e-02
1.072574290494519955e+05,-4.322599792480468750e+01,-2.855747985839843750e+01,2.293965277215224280e-02,2.427067763266336359e-02
1.072574788565860072e+05,-3.831658935546875000e+01,-2.920100402832031250e+01,3.205994726023668473e-02,2.230145514803585222e-02
1.072575290922349959e+05,-3.242478942871093750e+01,-3.203590393066406250e+01,3.996938631008610521e-02,1.866288321889380403e-02
1.072575789243500039e+05,-2.733468627929687500e+01,-3.626965332031250000e+01,4.475770419094132757e-02,1.352900918763309118e-02
1.072576288001689973e+05,-2.249620056152343750e+01,-4.164448547363281250e+01,4.704027845520233897e-02,7.518855478639251133e-03
1.072576788404120016e+05,-1.800120544433593750e+01,-4.756095886230468750e+01,4.761263803044139820e-02,1.749417165675518082e-03
1.072577288855069928e+05,-1.355413818359375000e+01,-5.143507385253906250e+01,4.759098032774834036e-02,-4.485285970272437361e-04
1.072577789797870064e+05,-1.050000000000000000e+01,-5.519564819335937500e+01,4.600819705489016254e-02,-7.968807190094559512e-04
1.072578290294379985e+05,-9.361679077148437500e+00,-5.662419128417968750e+01,4.221593396717322061e-02,2.084761970062506964e-03
1.072578787830910005e+05,-9.350646972656250000e+00,-5.735186767578125000e+01,3.735252565564810973e-02,6.127559437212132254e-03
1.072579288340560015e+05,-1.061306762695312500e+01,-5.647738647460937500e+01,3.182792204115575396e-02,1.134016971962916592e-02
1.072579785577650036e+05,-1.302601623535156250e+01,-5.440266418457031250e+01,2.613589937322833082e-02,1.702009422362069091e-02
1.072580287264700019e+05,-1.626086425781250000e+01,-5.147825622558593750e+01,2.072717420101001171e-02,2.246715158238075591e-02
1.072580785918449983e+05,-2.072285461425781250e+01,-4.701428222656250000e+01,1.526246212677480341e-02,2.831062204588810985e-02
1.072581339157710026e+05,-2.677003479003906250e+01,-4.328338623046875000e+01,9.137967644866344663e-03,3.194066014708252244e-02
1.072581834274069988e+05,-3.369267272949218750e+01,-3.863375854492187500e+01,3.105328336703683245e-03,3.539824278123695350e-02
1.072582324997319956e+05,-4.227272033691406250e+01,-3.350909423828125000e+01,-3.977322388542529896e-03,3.850537224276075893e-02
1.072582821515709948e+05,-5.044966125488281250e+01,-3.358232116699218750e+01,-9.715650041554196870e-03,3.495128422950471991e-02
1.072583328171799949e+05,-5.930836486816406250e+01,-2.920898437500000000e+01,-1.463612482952104943e-02,3.473996196660083385e-02
1.072583829727919947e+05,-6.519847106933593750e+01,-2.708180236816406250e+01,-1.514884589223707001e-02,3.369450741951845324e-02
1.072584334451439936e+05,-6.974728393554687500e+01,-2.870529174804687500e+01,-1.261907940236083048e-02,2.831278523902665961e-02
1.072584835738489928e+05,-7.124696350097656250e+01,-2.682514953613281250e+01,-6.444565853777943498e-03,2.663758989982269176e-02
1.072585326898030034e+05,-7.034210205078125000e+01,-2.886842346191406250e+01,2.000594897502323832e-03,2.248576700693157362e-02
1.072585822540679947e+05,-6.563722229003906250e+01,-2.910491943359375000e+01,1.358444008314409895e-02,2.029196709170442287e-02
1.072586318696109956e+05,-5.966717529296875000e+01,-3.117584228515625000e+01,2.510579450547792413e-02,1.734250475775786504e-02
1.072586822682039929e+05,-5.145814514160156250e+01,-3.280030822753906250e+01,3.649931416250445232e-02,1.521959353369457812e-02
1.072587321773370059e+05,-4.158021545410156250e+01,-3.121286010742187500e+01,4.724599216893586584e-02,1.760079695192190430e-02
1.072587825168929994e+05,-3.170152282714843750e+01,-3.454885864257812500e+01,5.543808064863092744e-02,1.551912399974107043e-02
1.072588322457680042e+05,-2.284332275390625000e+01,-3.728916931152343750e+01,5.998319543954486188e-02,1.267090971692715756e-02
1.072588822031229938e+05,-1.493548583984375000e+01,-3.772579956054687500e+01,6.127497868817248505e-02,1.270088613370184971e-02
1.072589333364689955e+05,-9.000000000000000000e+00,-3.600000000000000000e+01,5.892681902623045365e-02,1.637600557688877190e-02
1.072589821986099996e+05,-4.913574218750000000e+00,-3.417990112304687500e+01,5.458710465932235106e-02,2.065462192522337509e-02
1.072590336945279996e+05,-2.552536010742187500e+00,-3.139854431152343750e+01,4.816246690338976677e-02,2.523949524051263826e-02
1.072590822548010037e+05,-1.343368530273437500e+00,-2.668675231933593750e+01,4.220151797735459398e-02,3.117882451897397572e-02
1.072591323520430014e+05,-1.016601562500000000e+00,-2.186462402343750000e+01,3.657874955000188499e-02,3.639783715644882844e-02
1.072591822472140047e+05,-1.048812866210937500e+00,-1.551896667480468750e+01,3.235021662231241102e-02,4.207772216100659490e-02
1.072592322496239940e+05,-2.600006103515625000e+00,-9.199996948242187500e+00,2.802156178736551692e-02,4.678875618029399580e-02
1.072592820762390038e+05,-5.686462402343750000e+00,-1.836631774902343750e+00,2.294060803059518733e-02,5.149830171276822965e-02
1.072593315265419951e+05,-9.336318969726562500e+00,4.123779296875000000e+00,1.804226076254818872e-02,5.386805713383380212e-02
1.072593817597839952e+05,-1.320996093750000000e+01,1.161086273193359375e+01,1.398407205194306113e-02,5.670792147207150830e-02
1.072594315287700010e+05,-1.647846984863281250e+01,1.660717010498046875e+01,1.180223775253607527e-02,5.673356591373267949e-02
1.072594823966560070e+05,-1.773077392578125000e+01,2.273076629638671875e+01,1.309273600451997532e-02,5.706957386542005350e-02
1.072595323768249946e+05,-1.779167175292968750e+01,2.579166412353515625e+01,1.667885689370900842e-02,5.453175894813955260e-02
1.072595822742360033e+05,-1.598019409179687500e+01,2.937623596191406250e+01,2.232649498854263892e-02,5.229191301874532016e-02
1.072596315577630012e+05,-1.297183227539062500e+01,3.156952667236328125e+01,2.875655829682658218e-02,4.949520946498436880e-02
1.072596816152279935e+05,-7.378372192382812500e+00,3.291136932373046875e+01,3.697803860555464589e-02,4.626392713236485849e-02
1.072597312912699999e+05,1.295623779296875000e+00,3.286885070800781250e+01,4.767813544400878456e-02,4.233931420051245675e-02
1.072597817114369973e+05,1.025880432128906250e+01,3.274007415771484375e+01,5.739087474586923587e-02,3.900639527402858381e-02
1.072598333370019973e+05,1.740217590332031250e+01,3.198912811279296875e+01,6.246741923291940918e-02,3.610109543467283910e-02
1.072598819616260007e+05,2.415916442871093750e+01,3.064398193359375000e+01,6.486170986820141704e-02,3.361764993597372853e-02
1.072599319252590067e+05,3.065388488769531250e+01,2.787159729003906250e+01,6.528880123555541592e-02,2.999238398104130121e-02
1.072599813044329931e+05,3.488848876953125000e+01,2.400359344482421875e+01,6.291442379182220213e-02,2.555779199027093801e-02
1.072600312561769970e+05,3.699024963378906250e+01,2.171945953369140625e+01,5.773580101473954618e-02,2.351099225510358548e-02
1.072600814424370037e+05,3.750655364990234375e+01,1.762162780761718750e+01,5.116513527873105260e-02,2.077914644005905004e-02
1.072601312757190026e+05,3.622151947021484375e+01,1.623670959472656250e+01,4.383727652500783029e-02,2.136520757202645809e-02
1.072601811561119976e+05,3.420480346679687500e+01,1.626412200927734375e+01,3.720478630965194655e-02,2.464532990888363556e-02
1.072602311286699987e+05,3.078332519531250000e+01,1.686433410644531250e+01,3.087908040399722776e-02,2.880858056472870854e-02
1.072602810997469933e+05,2.585043334960937500e+01,2.017887878417968750e+01,2.441370243032732479e-02,3.540106193852739225e-02
1.072603311593050021e+05,1.986764526367187500e+01,2.600000000000000000e+01,1.808826887290052032e-02,4.433454967180605610e-02
1.072603811231230065e+05,1.250000000000000000e+01,3.100000000000000000e+01,1.152029716168124357e-02,5.127719836614825361e-02
1.072604330967040005e+05,5.029907226562500000e+00,3.666208648681640625e+01,6.133472870917477948e-03,5.656193397888525931e-02
1.072604820896769961e+05,-2.322906494140625000e+00,4.325175476074218750e+01,2.156989257029555407e-03,6.157449860961906885e-02
1.072605330997650017e+05,-7.898086547851562500e+00,4.917834472656250000e+01,1.450104629190117345e-03,6.441873078811022335e-02
1.072605810555789940e+05,-1.252777099609375000e+01,5.346111297607421875e+01,2.603585818774747929e-03,6.476536391809926962e-02
1.072606311100629973e+05,-1.467391967773437500e+01,5.480434417724609375e+01,6.938003874699463780e-03,6.040273649285279184e-02
1.072606805915330042e+05,-1.441128540039062500e+01,5.399232482910156250e+01,1.400084655626893798e-02,5.326012160024672787e-02
1.072607314502889931e+05,-1.147770690917968750e+01,5.112180328369140625e+01,2.351403831839599112e-02,4.424590111949341931e-02
1.072607809654620069e+05,-6.801040649414062500e+00,4.510077667236328125e+01,3.355893469149821146e-02,3.338046511828321461e-02
1.072608308677610039e+05,3.054656982421875000e-01,3.778498077392578125e+01,4.424065278752360719e-02,2.262627392643858787e-02
1.072608807593209931e+05,5.571716308593750000e+00,3.183458709716796875e+01,5.070830229081600693e-02,1.592289325607856160e-02
1.072609306206019974e+05,1.250000000000000000e+01,2.565000152587890625e+01,5.604590842573937970e-02,1.196703013133293414e-02
1.072609809454729984e+05,1.933306884765625000e+01,1.850667572021484375e+01,5.981643703570725668e-02,8.697990718822420919e-03
1.072610307457000017e+05,2.569563293457031250e+01,1.612083435058593750e+01,6.197551244081393740e-02,1.156628443173590703e-02
1.072610808246829984e+05,3.013623046875000000e+01,1.421199035644531250e+01,6.105518411715819133e-02,1.652750302371820343e-02
1.072611307646310015e+05,3.298119354248046875e+01,1.267781066894531250e+01,5.767481165524307452e-02,2.130467894086839412e-02
1.072611805524689989e+05,3.321686553955078125e+01,1.574327850341796875e+01,5.142469423641214676e-02,2.992902437386996128e-02
1.072612305088239955e+05,3.240184783935546875e+01,1.921597290039062500e+01,4.447793486200796176e-02,3.848894522302020310e-02
1.072612813383199973e+05,3.014750671386718750e+01,2.546490478515625000e+01,3.734056837506608689e-02,4.821990320139016295e-02
1.072613303716079972e+05,2.559838867187500000e+01,3.230609893798828125e+01,2.946193465314750695e-02,5.697141435474648019e-02
1.072613820458950067e+05,2.045982360839843750e+01,3.881771087646484375e+01,2.216827796077110169e-02,6.284461160506507604e-02
1.072614308374990069e+05,1.400000000000000000e+01,4.413725280761718750e+01,1.541653787007107521e-02,6.554139949260419373e-02
1.072614827065440040e+05,6.234878540039062500e+00,4.843038177490234375e+01,8.647298881771174617e-03,6.479061207786165899e-02
1.072615308275599964e+05,-3.031951904296875000e+00,5.332899475097656250e+01,1.395559572946895865e-03,6.473230719414374557e-02
1.072615805623430060e+05,-9.686569213867187500e+00,5.587511444091796875e+01,-1.831372404976716606e-03,6.201927289591219195e-02
1.072616302366440068e+05,-1.531356811523437500e+01,5.656978988647460938e+01,-1.791401290658800605e-03,5.723090134164039722e-02
1.072616802327210025e+05,-1.756216430664062500e+01,5.592230224609375000e+01,3.101043927017869961e-03,5.136065770583383983e-02
1.072617302454460005e+05,-1.650000000000000000e+01,5.400000000000000000e+01,1.229948516088597704e-02,4.516990949489214924e-02
1.072617813785699982e+05,-1.346987915039062500e+01,4.997590637207031250e+01,2.323779523468332692e-02,3.790303246812370269e-02
1.072618308353360044e+05,-5.861892700195312500e+00,4.441506958007812500e+01,3.724387865576221646e-02,3.032204441361149513e-02
1.072618803782500036e+05,3.366531372070312500e+00,3.548315429687500000e+01,5.110772046354439963e-02,2.023874266564752028e-02
1.072619305762139993e+05,1.078958129882812500e+01,2.966548156738281250e+01,5.977667436911975052e-02,1.487665705622542855e-02
1.072619812426379940e+05,2.028155517578125000e+01,2.200000000000000000e+01,6.691069006749361670e-02,1.042314944244979863e-02
1.072620306234599993e+05,2.946665954589843750e+01,1.400000000000000000e+01,7.201595773120383903e-02,6.531651944133153032e-03
1.072620802237799944e+05,3.651428222656250000e+01,1.100000000000000000e+01,7.300714736810298700e-02,9.078297630495425763e-03
1.072621300091370067e+05,4.350000000000000000e+01,8.000000000000000000e+00,7.251167926274337816e-02,1.337221525086386420e-02
1.072621799121590011e+05,4.725173950195312500e+01,7.543113708496093750e+00,6.831575783756148323e-02,1.998309910437028047e-02
1.072622298315319931e+05,4.850000000000000000e+01,1.024193572998046875e+01,6.115377785621556317e-02,2.937860017009716329e-02
1.072622797058319993e+05,4.815958404541015625e+01,1.413886260986328125e+01,5.299943024687742144e-02,3.894996043082113446e-02
1.072623299617960001e+05,4.583860778808593750e+01,1.889978790283203125e+01,4.428305004920483900e-02,4.731503003216145503e-02
1.072623799076879950e+05,4.077315521240234375e+01,2.352124786376953125e+01,3.444618049402070614e-02,5.314569819934444189e-02
1.072624298013770021e+05,3.324142456054687500e+01,2.615489959716796875e+01,2.359256341445066518e-02,5.442652284710431526e-02
1.072624797533060046e+05,2.500000000000000000e+01,2.912744903564453125e+01,1.391449081173121161e-02,5.413000221864187195e-02
1.072625298059750057e+05,1.533610534667968750e+01,3.239669799804687500e+01,5.114316540653390808e-03,5.383792724369458604e-02
1.072625797194229963e+05,5.477661132812500000e+00,3.512779235839843750e+01,-1.858129264081846699e-03,5.326396858021654329e-02
1.072626295553160016e+05,-2.649932861328125000e+00,3.829288482666015625e+01,-4.927253744078839703e-03,5.342951697440598280e-02
1.072626794601900037e+05,-9.815841674804687500e+00,3.965738677978515625e+01,-5.053938905143440241e-03,5.199349367162126034e-02
1.072627300075770036e+05,-1.437532043457031250e+01,4.134156036376953125e+01,-1.327554632001640145e-03,5.073987081680878669e-02
1.072627798272109940e+05,-1.547834777832031250e+01,4.155050659179687500e+01,6.488113961513726491e-03,4.843433984550331306e-02
1.072628297782330046e+05,-1.159733581542968750e+01,4.101605224609375000e+01,1.952825212626104617e-02,4.543019029371019035e-02
1.072628799469749938e+05,-5.924774169921875000e+00,3.975663757324218750e+01,3.352437732561175388e-02,4.210475925748453918e-02
1.072629297557380050e+05,1.785034179687500000e+00,3.724203491210937500e+01,4.686763392420244256e-02,3.806348991747589977e-02
1.072629795600200014e+05,1.097172546386718750e+01,3.496418762207031250e+01,5.862032704738420752e-02,3.490807294997998189e-02
1.072630298239840049e+05,2.090267944335937500e+01,3.196370697021484375e+01,6.805978335214082908e-02,3.198105154511492881e-02
1.072630794030090037e+05,3.031730651855468750e+01,2.809126281738281250e+01,7.425207612202928964e-02,2.876599210436957266e-02
1.072631294892879960e+05,3.688293457031250000e+01,2.396329498291015625e+01,7.472821124416560712e-02,2.571260720372711001e-02
1.072631802014160057e+05,4.210160064697265625e+01,2.064705657958984375e+01,7.160640096528764209e-02,2.427980570764078777e-02
1.072632300351419981e+05,4.479146575927734375e+01,1.631279754638671875e+01,6.558814562853569619e-02,2.247729882359910530e-02
1.072632793724640069e+05,4.546346282958984375e+01,1.273384094238281250e+01,5.789721631655071754e-02,2.151785909799821747e-02
1.072633290848580073e+05,4.480075836181640625e+01,1.175804901123046875e+01,4.999198338218616838e-02,2.391171122529567317e-02
1.072633798981319997e+05,4.216735839843750000e+01,1.239927673339843750e+01,4.173216112166269753e-02,2.893156904610367369e-02
1.072634301118739968e+05,3.836097717285156250e+01,1.478006744384765625e+01,3.421055406406667970e-02,3.571163494426052992e-02
1.072634790972360061e+05,3.357688903808593750e+01,1.797583770751953125e+01,2.760115412021288406e-02,4.240649306361238269e-02
1.072635291973499989e+05,2.725535583496093750e+01,2.309612274169921875e+01,2.092294682150584034e-02,4.970998899863184745e-02
1.072635789403910021e+05,2.089689636230468750e+01,2.975120544433593750e+01,1.562363354936760484e-02,5.751863715963280443e-02
1.072636291327630024e+05,1.398335266113281250e+01,3.465741729736328125e+01,1.123329725410090324e-02,6.184180207670314511e-02
1.072636801720539952e+05,8.098861694335937500e+00,3.904035949707031250e+01,9.227892705476262170e-03,6.328505329797343149e-02
1.072637302985930000e+05,2.735595703125000000e+00,4.245084381103515625e+01,8.860424066050379133e-03,6.254842484498424060e-02
1.072637792436409945e+05,-1.413345336914062500e+00,4.478060150146484375e+01,1.009913040528020306e-02,6.022285174844614619e-02
1.072638310498890060e+05,-2.783859252929687500e+00,4.444332122802734375e+01,1.489896784147355657e-02,5.450471050969488834e-02
1.072638789774259931e+05,-6.510772705078125000e-01,4.179856109619140625e+01,2.339057167589616432e-02,4.708056434883990671e-02
1.072639303877700004e+05,3.032287597656250000e+00,3.666364288330078125e+01,3.329175239418821763e-02,3.715380412436576629e-02
1.072639789680609974e+05,7.911682128906250000e+00,3.151770019531250000e+01,4.267164056352658330e-02,2.908850866139311292e-02
1.072640289780269959e+05,1.440594482421875000e+01,2.500000000000000000e+01,5.147987776782245173e-02,2.167924946877069353e-02
1.072640788448450039e+05,2.134313964843750000e+01,1.750000000000000000e+01,5.875686403757107018e-02,1.507274052903201378e-02
1.072641289615879941e+05,2.933000183105468750e+01,1.024517059326171875e+01,6.513006405141757993e-02,1.034054867669959021e-02
1.072641788647020003e+05,3.480612182617187500e+01,6.397956848144531250e+00,6.713305700009908339e-02,1.106444432507987935e-02
1.072642288454649970e+05,3.991774749755859375e+01,1.110298156738281250e+00,6.679363389586875921e-02,1.185127425150576258e-02
1.072642795150360034e+05,4.300000000000000000e+01,-2.934799194335937500e-01,6.352116099973365015e-02,1.667967111353591686e-02
1.072643296189459943e+05,4.422988128662109375e+01,-4.655151367187500000e-01,5.820636750865389175e-02,2.309532119789434179e-02
1.072643787794730015e+05,4.365123748779296875e+01,3.075180053710937500e-01,5.159460729685930863e-02,2.940157793488216292e-02
1.072644285952369974e+05,4.153382110595703125e+01,2.232063293457031250e+00,4.425369094013069382e-02,3.540012538848961304e-02
1.072644786537199980e+05,3.706391143798828125e+01,7.116539001464843750e+00,3.579654844924272383e-02,4.326580972090560140e-02
1.072645287744439993e+05,3.242233276367187500e+01,9.500000000000000000e+00,2.869366719488121095e-02,4.722541812280685314e-02
1.072645787326510035e+05,2.553738403320312500e+01,1.727790069580078125e+01,2.114932690160938045e-02,5.496644255662239825e-02
1.072646288650420029e+05,1.782124328613281250e+01,2.426707458496093750e+01,1.402579645254593138e-02,6.174599533134117468e-02
1.072646795837240061e+05,1.086227416992187500e+01,3.011639404296875000e+01,9.403183461278739885e-03,6.543677480040233085e-02
1.072647292545069940e+05,5.250000000000000000e+00,3.575000000000000000e+01,8.040732792607176160e-03,6.723761587868816447e-02
1.072647792499359930e+05,1.629638671875000000e-01,4.101184844970703125e+01,8.550975962536143393e-03,6.764176258129549202e-02
1.072648295979359973e+05,-2.308151245117187500e+00,4.552877807617187500e+01,1.241474608286104869e-02,6.688863747920766045e-02
1.072648788190740015e+05,-3.086212158203125000e+00,4.762068939208984375e+01,1.823038189789938368e-02,6.361142133951584732e-02
1.072649288812620071e+05,-3.282623291015625000e-01,4.649217987060546875e+01,2.737204943728828790e-02,5.641502300964419681e-02
1.072649786507109966e+05,3.823532104492187500e+00,4.200000000000000000e+01,3.720717692662001141e-02,4.577975924867110774e-02
1.072650285000659933e+05,6.629623413085937500e+00,3.750000000000000000e+01,4.342815848898403525e-02,3.626446620784759545e-02
1.072650785181060055e+05,1.079296875000000000e+01,3.127970886230468750e+01,4.830488145841098369e-02,2.746611416531099734e-02
1.072651286766999983e+05,1.458940124511718750e+01,2.447082519531250000e+01,5.120068882791597303e-02,2.024124030289992798e-02
1.072651782737239992e+05,1.835998535156250000e+01,1.863800048828125000e+01,5.281758346446254609e-02,1.623446682250562906e-02
1.072652286233350023e+05,2.150000000000000000e+01,1.397692108154296875e+01,5.291794382851185835e-02,1.557678236297833224e-02
1.072652785026719939e+05,2.410038757324218750e+01,9.796829223632812500e+00,5.209225989170847976e-02,1.667405024695749194e-02
1.072653286742289929e+05,2.553126525878906250e+01,7.603721618652343750e+00,4.988230986907117581e-02,2.020493902023134947e-02
1.072653781252549961e+05,2.501232910156250000e+01,7.330177307128906250e+00,4.566888631684901806e-02,2.576947046154362542e-02
1.072654283758670063e+05,2.286759948730468750e+01,7.359359741210937500e+00,3.974555467161344779e-02,3.104772699929008936e-02
1.072654782305929984e+05,1.942787170410156250e+01,8.546241760253906250e+00,3.319560498691730144e-02,3.615477987686400996e-02
1.072655282799279958e+05,1.430844116210937500e+01,1.129076385498046875e+01,2.593609092287627038e-02,4.169757205435496716e-02
1.072655782764869946e+05,8.557174682617187500e+00,1.410791778564453125e+01,1.928177324653881919e-02,4.621853635114978737e-02
1.072656280899169942e+05,1.297683715820312500e+00,1.707389068603515625e+01,1.250995854669255392e-02,4.949678449858858909e-02
1.072656788307840034e+05,-6.778747558593750000e+00,2.010406494140625000e+01,6.103324733774305455e-03,5.162549826222606608e-02
1.072657288905089954e+05,-1.394154357910156250e+01,2.447683715820312500e+01,2.073981444081302028e-03,5.459723847763896243e-02
1.072657784393110051e+05,-2.183709716796875000e+01,2.854710388183593750e+01,-1.369020634422353500e-03,5.704475554711897767e-02
1.072658283707770024e+05,-2.931019592285156250e+01,3.388503265380859375e+01,-3.693624325580700807e-03,6.032452424908077426e-02
1.072658784776120010e+05,-3.450550842285156250e+01,3.806075286865234375e+01,-2.807394018494786814e-03,6.212318465696569508e-02
1.072659283783569990e+05,-3.864999389648437500e+01,4.134999847412109375e+01,-6.416769163740398962e-05,6.216359126093904536e-02
1.072659784396000032e+05,-4.095085144042968750e+01,4.226456451416015625e+01,4.530490324378647071e-03,5.895602890222087500e-02
1.072660282353079965e+05,-4.016215515136718750e+01,4.316216278076171875e+01,1.198845316086692703e-02,5.542348737460313368e-02
1.072660783471610048e+05,-3.671478271484375000e+01,4.200704193115234375e+01,2.172800241079549805e-02,5.035954367148822580e-02
1.072661283200159960e+05,-3.200000000000000000e+01,3.850000000000000000e+01,3.143897753678982776e-02,4.331275341123370926e-02
1.072661808672589978e+05,-2.500000000000000000e+01,3.400000000000000000e+01,4.150694704068921131e-02,3.584945722842210886e-02
1.072662289296840027e+05,-1.786070251464843750e+01,3.073167419433593750e+01,4.974379600735849560e-02,3.172964731265550536e-02
1.072662835172269988e+05,-1.147222900390625000e+01,2.594444274902343750e+01,5.392482464456485602e-02,2.779877517622138250e-02
1.072663292867790005e+05,-4.186309814453125000e+00,2.238918304443359375e+01,5.821600196428641794e-02,2.627940920222324866e-02
1.072663771590190008e+05,1.810806274414062500e+00,1.881655120849609375e+01,5.963643200807183103e-02,2.533569569271314215e-02
1.072664242097100068e+05,7.429214477539062500e+00,1.604252624511718750e+01,5.986558936248619761e-02,2.567904493976216895e-02
1.072664740412510000e+05,1.121766662597656250e+01,1.304228973388671875e+01,5.732157090194554827e-02,2.617690900645160829e-02
1.072665239539769973e+05,1.400000000000000000e+01,1.150000000000000000e+01,5.363292704360392987e-02,2.825184336099981555e-02
1.072665740406830009e+05,1.578125000000000000e+01,1.024218750000000000e+01,4.944704344617534969e-02,3.063590108609189760e-02
1.072666239089830051e+05,1.655618286132812500e+01,9.129211425781250000e+00,4.516957426866886893e-02,3.257887888319115771e-02
1.072666739063929999e+05,1.569230651855468750e+01,8.307693481445312500e+00,4.012357832621262638e-02,3.407650696935195234e-02
1.072667238684509939e+05,1.367098999023437500e+01,6.456977844238281250e+00,3.474077156044327874e-02,3.376110937523540273e-02
1.072667737355849968e+05,1.094854736328125000e+01,6.112136840820312500e+00,2.971912918265580406e-02,3.441614761124733857e-02
1.072668237897539948e+05,7.084503173828125000e+00,6.174133300781250000e+00,2.467138449563378161e-02,3.572741834481900358e-02
1.072668738681069954e+05,2.109313964843750000e+00,5.522628784179687500e+00,1.943368527672072882e-02,3.614296153987749116e-02
1.072669238168879965e+05,-3.913604736328125000e+00,6.636810302734375000e+00,1.397174213691626532e-02,3.808692547479165108e-02
1.072669736572999973e+05,-1.066099548339843750e+01,7.863487243652343750e+00,8.618125406680603173e-03,4.031970122409724716e-02
1.072670238411339960e+05,-1.625761413574218750e+01,9.319236755371093750e+00,5.619235344292337897e-03,4.241331520620310325e-02
1.072670736081570067e+05,-1.956620788574218750e+01,1.035147857666015625e+01,6.587953700790814826e-03,4.353671137147209491e-02
1.072671237284370000e+05,-2.072897338867187500e+01,1.086320495605468750e+01,1.114623863626779121e-02,4.340522546246529390e-02
1.072671737964570057e+05,-2.018750000000000000e+01,1.106250000000000000e+01,1.779729519455943224e-02,4.251485453039235279e-02
1.072672235410169960e+05,-1.830000305175781250e+01,9.699996948242187500e+00,2.505121491613345602e-02,3.978415520591316312e-02
1.072672737406850065e+05,-1.507997131347656250e+01,8.825355529785156250e+00,3.228493978043278645e-02,3.747998306739500074e-02
1.072673237759100011e+05,-1.034210205078125000e+01,7.342102050781250000e+00,3.954318901918447288e-02,3.524435605936614146e-02
1.072673736441729998e+05,-4.723602294921875000e+00,7.036415100097656250e+00,4.619470774547877051e-02,3.488222073491106801e-02
1.072674234771949996e+05,4.829406738281250000e-02,6.420455932617187500e+00,5.022759607717331570e-02,3.497516051659134428e-02
1.072674734808460053e+05,4.875930786132812500e+00,5.317756652832031250e+00,5.251069585898544834e-02,3.462393108474966230e-02
1.072675234304600017e+05,7.486495971679687500e+00,4.435546875000000000e+00,5.126962422714492068e-02,3.438212722981955072e-02
1.072675734171670047e+05,9.754440307617187500e+00,3.278297424316406250e+00,4.872551928990564302e-02,3.386749438815971069e-02
1.072676232789299975e+05,1.191204833984375000e+01,3.338760375976562500e+00,4.638525934454522381e-02,3.471054494939822266e-02
1.072676732580990065e+05,1.297180175781250000e+01,2.511276245117187500e+00,4.361035251281126374e-02,3.484244739601344981e-02
1.072677231983609963e+05,1.363977050781250000e+01,2.654685974121093750e+00,4.103961859600872841e-02,3.572764492202779030e-02
1.072677734546580032e+05,1.310626220703125000e+01,2.480232238769531250e+00,3.787469231999533725e-02,3.631453242652019076e-02
1.072678231769590057e+05,1.279701232910156250e+01,3.117103576660156250e+00,3.559912297514323393e-02,3.757139460543329479e-02
1.072678731133889960e+05,1.188319396972656250e+01,3.226776123046875000e+00,3.352231321616161441e-02,3.815859626709022789e-02
1.072679230468549940e+05,1.006352233886718750e+01,3.089576721191406250e+00,3.099460890454592762e-02,3.806177429723892752e-02
1.072679731662270060e+05,7.576538085937500000e+00,2.852569580078125000e+00,2.806907024259428299e-02,3.758768414798183133e-02
1.072680231596179947e+05,5.266052246093750000e+00,2.943748474121093750e+00,2.581786477282868586e-02,3.746621174965322765e-02
1.072680734020639939e+05,1.997329711914062500e+00,2.417114257812500000e+00,2.316837099236614822e-02,3.679352321958595518e-02
1.072681230905130069e+05,-2.610168457031250000e+00,1.813560485839843750e+00,1.930775260129529228e-02,3.598318940331546312e-02
1.072681730174239929e+05,-6.322540283203125000e+00,1.355094909667968750e+00,1.668576670478050944e-02,3.541787607191465570e-02
1.072682228960750072e+05,-1.122027587890625000e+01,6.567230224609375000e-01,1.364638560602866174e-02,3.481224884196335717e-02
1.072682730295030051e+05,-1.632966613769531250e+01,3.571319580078125000e-02,1.067799692368909953e-02,3.438620873328560729e-02
1.072683230663760041e+05,-2.214064025878906250e+01,-2.112884521484375000e-01,7.369577906847911419e-03,3.454969428527084052e-02
1.072683728424909932e+05,-2.816014099121093750e+01,-5.166473388671875000e-01,4.138031492713141468e-03,3.481054484512208225e-02
1.072684228817709954e+05,-3.517941284179687500e+01,-9.169845581054687500e-01,2.297182365946712213e-04,3.489124622014148913e-02
1.072684728339589929e+05,-3.972329711914062500e+01,-1.500000000000000000e+00,-5.434420703170628197e-04,3.465635152210876091e-02
1.072685238007330045e+05,-4.267756652832031250e+01,-4.264488220214843750e+00,1.765019529282214894e-03,3.176267424366874259e-02
1.072685728872229956e+05,-4.356561279296875000e+01,-7.676521301269531250e+00,6.627935241770459285e-03,2.775001197115200408e-02
1.072686248275079997e+05,-4.269047546386718750e+01,-1.300000000000000000e+01,1.344529044119160271e-02,2.174552817580577280e-02
1.072686727653410053e+05,-4.059017944335937500e+01,-1.853962707519531250e+01,2.034300522548516260e-02,1.612972514801594426e-02
1.072687246903479972e+05,-3.637606811523437500e+01,-2.326153564453125000e+01,2.814975690646279172e-02,1.258181877101627322e-02
1.072687728261229931e+05,-3.138754272460937500e+01,-2.886604309082031250e+01,3.540217013722429112e-02,9.465570175360503435e-03
1.072688225749239937e+05,-2.565254211425781250e+01,-3.542372131347656250e+01,4.157189206595127834e-02,5.778289780464372638e-03
1.072688727286659996e+05,-2.003030395507812500e+01,-4.296969604492187500e+01,4.595772901497083285e-02,1.343683077498859790e-03
1.072689227220580069e+05,-1.463693237304687500e+01,-4.817012023925781250e+01,4.857612380530370449e-02,-3.764212170166703064e-05
1.072689728375779960e+05,-9.499114990234375000e+00,-5.152557373046875000e+01,4.981264064163907351e-02,1.924889856944507482e-03
1.072690226959150023e+05,-6.922012329101562500e+00,-5.408982849121093750e+01,4.758621540397953154e-02,5.318596283713020179e-03
1.072690726788250031e+05,-6.288772583007812500e+00,-5.546330261230468750e+01,4.245888611426659742e-02,9.552908912955647425e-03
1.072691226232170011e+05,-7.253738403320312500e+00,-5.568656921386718750e+01,3.574776734975795150e-02,1.418969051835344830e-02
1.072691724657949962e+05,-1.051687622070312500e+01,-5.531442260742187500e+01,2.747551812458518677e-02,1.837848581694073030e-02
1.072692224737789948e+05,-1.530874633789062500e+01,-5.372369384765625000e+01,1.876941445761982907e-02,2.267086276653255961e-02
1.072692724531340064e+05,-2.161659240722656250e+01,-5.183093261718750000e+01,1.014068604308588500e-02,2.628096348853248970e-02
1.072693224488029955e+05,-2.819094848632812500e+01,-4.988058471679687500e+01,3.094291708267415952e-03,2.881043532387447814e-02
1.072693724802499928e+05,-3.609179687500000000e+01,-4.783692932128906250e+01,-3.432695986362699347e-03,3.043583941827835912e-02
1.072694223538460064e+05,-4.550000000000000000e+01,-4.633332824707031250e+01,-1.031934444393767247e-02,3.075489259316555035e-02
1.072694735578399996e+05,-5.031240844726562500e+01,-4.873310852050781250e+01,-1.068538442387083343e-02,2.591177257821788982e-02
1.072695224420360028e+05,-5.699301147460937500e+01,-4.644056701660156250e+01,-1.119588112208791397e-02,2.575542874188825604e-02
1.072695721548180009e+05,-5.946119689941406250e+01,-4.797735595703125000e+01,-7.161271302413653450e-03,2.304684906394505878e-02
1.072696221180809953e+05,-6.005999755859375000e+01,-4.771453857421875000e+01,-3.837991080517175191e-04,2.201010785220531424e-02
1.072696721427129960e+05,-5.787037658691406250e+01,-4.902777099609375000e+01,8.828354170066228523e-03,2.009434468502408616e-02
1.072697219670500053e+05,-5.347283935546875000e+01,-5.103778076171875000e+01,1.919030469322392102e-02,1.741513157751394675e-02
1.072697721304400038e+05,-4.683020019531250000e+01,-5.427500915527343750e+01,3.011828072713941887e-02,1.354244573267788382e-02
1.072698220705360000e+05,-4.078947448730468750e+01,-5.821052551269531250e+01,3.807010127067814859e-02,9.180739158981723880e-03
1.072698721143159928e+05,-3.631623840332031250e+01,-5.743385314941406250e+01,4.126802083309807218e-02,1.091663382983536212e-02
1.072699221250779956e+05,-2.811511230468750000e+01,-6.020863342285156250e+01,4.630499479951204200e-02,1.053024210520515924e-02
1.072699721942470060e+05,-2.218542480468750000e+01,-6.051278686523437500e+01,4.862584536422231291e-02,1.202788061213716508e-02
1.072700219901579985e+05,-1.744999694824218750e+01,-6.314999389648437500e+01,4.828991981267115319e-02,1.111317225616020171e-02
1.072700718940869992e+05,-1.350000000000000000e+01,-6.200000000000000000e+01,4.635013265737553817e-02,1.362494923982885547e-02
1.072701219907740015e+05,-1.119851684570312500e+01,-6.138121032714843750e+01,4.261828203212279786e-02,1.626543599932520068e-02
1.072701721571459930e+05,-1.062521362304687500e+01,-5.885025024414062500e+01,3.731994458785931751e-02,2.046416420424626570e-02
1.072702218155220035e+05,-1.162734985351562500e+01,-5.632463073730468750e+01,3.108515500449315211e-02,2.428164121621655125e-02
1.072702720764300029e+05,-1.378819274902343750e+01,-5.318060302734375000e+01,2.462978171175545308e-02,2.775410518790397824e-02
1.072703220729879977e+05,-1.693577575683593750e+01,-5.020642089843750000e+01,1.857517196398835585e-02,3.016447635101997954e-02
1.072703718858810025e+05,-2.123484802246093750e+01,-4.692802429199218750e+01,1.272646932306160591e-02,3.202275058619977188e-02
1.072704217704949988e+05,-2.612886047363281250e+01,-4.450000000000000000e+01,7.514348091598954671e-03,3.236206672096794690e-02
1.072704717582019948e+05,-3.132827758789062500e+01,-4.333868408203125000e+01,3.250920741532686842e-03,3.067070765216014031e-02
1.072705216107049928e+05,-3.886859130859375000e+01,-4.332536315917968750e+01,-2.573335676801076499e-03,2.735741296369016348e-02
1.072705715450599964e+05,-4.664039611816406250e+01,-4.268852233886718750e+01,-8.270027379945248114e-03,2.495363127390638064e-02
1.072706214770999941e+05,-5.454048156738281250e+01,-4.692428588867187500e+01,-1.309857589417589424e-02,1.794727752638550916e-02
1.072706714533250051e+05,-6.093373107910156250e+01,-4.512025451660156250e+01,-1.511797448281377437e-02,1.762084985551126345e-02
1.072707213577920047e+05,-6.246153259277343750e+01,-4.815383911132812500e+01,-1.034449922562667712e-02,1.455431953079570906e-02
1.072707713181830040e+05,-6.335714721679687500e+01,-4.935714721679687500e+01,-3.539569246484054743e-03,1.308275753531624314e-02
1.072708214024629997e+05,-6.286193847656250000e+01,-5.096902465820312500e+01,3.778584253342286148e-03,1.205602503866109315e-02
1.072708713374660001e+05,-6.125590515136718750e+01,-5.306954956054687500e+01,1.060423790384238188e-02,1.077319942616589143e-02
1.072709213255429931e+05,-5.900000000000000000e+01,-5.450000000000000000e+01,1.623295129333554923e-02,1.032151138388380518e-02
1.072709726774799929e+05,-5.460855102539062500e+01,-5.788517761230468750e+01,2.247347999032829960e-02,7.945853634238851659e-03
1.072710214437880059e+05,-4.984599304199218750e+01,-5.874472045898437500e+01,2.800294136136656856e-02,8.076951213775183935e-03
1.072710732866839971e+05,-4.450000000000000000e+01,-5.997058105468750000e+01,3.255605267883893150e-02,8.678591499291225808e-03
1.072711213904420001e+05,-4.000000000000000000e+01,-6.050000000000000000e+01,3.520053966702121895e-02,9.929072882653287857e-03
1.072711713590739964e+05,-3.414753723144531250e+01,-6.336065673828125000e+01,3.792398602729390999e-02,8.326660263629867553e-03
1.072712213786140055e+05,-2.625878906250000000e+01,-5.856217956542968750e+01,4.276270026736578994e-02,1.464576793288496076e-02
1.072712713915420027e+05,-2.045928955078125000e+01,-5.689796447753906250e+01,4.525140092234443412e-02,1.911485141831977333e-02
1.072713214503780036e+05,-1.448963928222656250e+01,-5.512867736816406250e+01,4.669587664896265172e-02,2.184124686790041986e-02
1.072713764991950011e+05,-8.513626098632812500e+00,-5.386021423339843750e+01,4.705826986688817215e-02,2.245168762176178584e-02
1.072714263227360061e+05,-3.559326171875000000e+00,-5.195762634277343750e+01,4.707231793732433861e-02,2.317576755931267940e-02
1.072714755114110012e+05,7.240295410156250000e-01,-4.995225524902343750e+01,4.623969659598237136e-02,2.380123009940311729e-02
1.072715254274879990e+05,3.301818847656250000e+00,-4.880084228515625000e+01,4.350788536004682877e-02,2.330097033991997829e-02
1.072715752175480011e+05,4.793609619140625000e+00,-4.897470092773437500e+01,3.975323704842746719e-02,2.104551694610751547e-02
1.072716253732159967e+05,4.943664550781250000e+00,-5.016311645507812500e+01,3.509551242881619321e-02,1.745029709570058291e-02
1.072716753018489981e+05,4.463607788085937500e+00,-5.182444763183593750e+01,3.065342876406889835e-02,1.364571308434441715e-02
1.072717256009970006e+05,3.093048095703125000e+00,-5.299002075195312500e+01,2.638311229866557167e-02,1.117994444325552672e-02
1.072717749305790057e+05,1.249694824218750000e+00,-5.523770141601562500e+01,2.274488090145356661e-02,8.559879724458735462e-03
1.072718253001709963e+05,-1.510757446289062500e+00,-5.727210998535156250e+01,1.906320492626292426e-02,6.604234078580822898e-03
1.072718753574699949e+05,-4.477279663085937500e+00,-5.846022033691406250e+01,1.598277993422678178e-02,6.264722901856478732e-03
1.072719252067699999e+05,-7.771316528320312500e+00,-6.019854736328125000e+01,1.336004735840404245e-02,5.887842775218643521e-03
1.072719747904789983e+05,-1.077095031738281250e+01,-6.162112426757812500e+01,1.171051457308398477e-02,5.791518924469510332e-03
1.072720248259630025e+05,-1.425770568847656250e+01,-6.341786193847656250e+01,1.012578363333173012e-02,5.271747533593627855e-03
1.072720744495609979e+05,-1.847366333007812500e+01,-6.402023315429687500e+01,7.902106247008829076e-03,5.931149746931270450e-03
1.072721246885989967e+05,-2.191584777832031250e+01,-6.424824523925781250e+01,6.626563568193251375e-03,7.243912450290206084e-03
1.072721745239360025e+05,-2.750000000000000000e+01,-6.400000000000000000e+01,3.347753519888745088e-03,8.955879963846079261e-03
1.072722246015489945e+05,-3.165371704101562500e+01,-6.264161682128906250e+01,1.401597399570561620e-03,1.162207318465804246e-02
1.072722745049410005e+05,-3.690383911132812500e+01,-6.290383911132812500e+01,-1.066076320836072122e-03,1.213644003349352574e-02
1.072723243482959952e+05,-4.072875976562500000e+01,-5.972875976562500000e+01,-1.826969321080132436e-03,1.555797355107450819e-02
1.072723742461890070e+05,-4.613368225097656250e+01,-5.703782653808593750e+01,-3.808244083498092680e-03,1.884117487252366663e-02
1.072724246348000015e+05,-5.010076904296875000e+01,-5.511778259277343750e+01,-4.442631631579402329e-03,2.043044059307224519e-02
1.072724741272319952e+05,-4.586842346191406250e+01,-5.386842346191406250e+01,4.704994309957029330e-03,2.028524419909354462e-02
1.072725252125779953e+05,-4.257649230957031250e+01,-5.421122741699218750e+01,1.465311141287491126e-02,1.757044659870233075e-02
1.072725741008299956e+05,-3.819677734375000000e+01,-5.219677734375000000e+01,2.353817641994843113e-02,1.739356864750101622e-02
1.072726246810870070e+05,-3.334051513671875000e+01,-4.996340942382812500e+01,3.048793053917479151e-02,1.848499117626302424e-02
1.072726747191820032e+05,-2.403752136230468750e+01,-4.929003906250000000e+01,4.028838398934549148e-02,1.817108846116392493e-02
1.072727247247399937e+05,-1.742935180664062500e+01,-4.989100646972656250e+01,4.607478941117463395e-02,1.590223480219651875e-02
1.072727747584089957e+05,-1.153622436523437500e+01,-5.107246398925781250e+01,4.832121285394036514e-02,1.271334437054896793e-02
1.072728249238360004e+05,-6.828903198242187500e+00,-5.369754028320312500e+01,4.755552668374331271e-02,8.222296566094560583e-03
1.072728754077610065e+05,-2.975631713867187500e+00,-5.630911254882812500e+01,4.507398056172737255e-02,4.216712612870626709e-03
1.072729244659560063e+05,-4.356384277343750000e-01,-5.909405517578125000e+01,4.154760828164705960e-02,1.066124426241640832e-03
1.072729747256789997e+05,9.640197753906250000e-01,-6.239813232421875000e+01,3.712747894171389285e-02,-1.751545824773596827e-03
1.072730246329039946e+05,1.867370605468750000e+00,-6.554400634765625000e+01,3.318133686740001864e-02,-3.753846921311608520e-03
1.072730745730920025e+05,3.143051147460937500e+00,-6.851426696777343750e+01,3.093385082442502362e-02,-4.954991134959334242e-03
1.072731241375060054e+05,4.458435058593750000e+00,-7.138969421386718750e+01,3.011404331341844751e-02,-5.673796157567870257e-03
1.072731739206950006e+05,5.738128662109375000e+00,-7.413449096679687500e+01,3.009904806348292008e-02,-6.089711999776419027e-03
1.072732241932140023e+05,6.834228515625000000e+00,-7.630627441406250000e+01,3.028363712344613046e-02,-5.818772039367189897e-03
1.072732738378299982e+05,7.974411010742187500e+00,-7.904093933105468750e+01,3.066811550397114186e-02,-6.226648950768201574e-03
1.072733244887540059e+05,7.810501098632812500e+00,-7.880064392089843750e+01,2.953323779676357563e-02,-3.541046775978308470e-03
1.072733736198919942e+05,8.202301025390625000e+00,-7.744572448730468750e+01,2.883627327514588432e-02,8.150265289079833275e-04
1.072734255294729955e+05,7.204544067382812500e+00,-7.411817932128906250e+01,2.674881711082996438e-02,7.143582829357709996e-03
1.072734742568740039e+05,6.466552734375000000e+00,-6.927896118164062500e+01,2.514344662516336537e-02,1.434776240257899446e-02
1.072735256861069938e+05,5.049896240234375000e+00,-6.282429504394531250e+01,2.309998437940593077e-02,2.214470090947094974e-02
1.072735742993049935e+05,3.616546630859375000e+00,-5.521052551269531250e+01,2.149076812509909812e-02,2.990617815303132226e-02
1.072736245326950011e+05,2.780105590820312500e+00,-4.717637634277343750e+01,2.092902746812762976e-02,3.643518445571158199e-02
1.072736740574970027e+05,2.008224487304687500e+00,-3.794552612304687500e+01,2.103062926509960059e-02,4.273148124816134041e-02
1.072737238943709963e+05,1.714096069335937500e+00,-2.888903808593750000e+01,2.184035792931716957e-02,4.759328293608966476e-02
1.072737740276870027e+05,9.055023193359375000e-01,-1.910319519042968750e+01,2.212269466161985443e-02,5.198144614584697398e-02
1.072738241794479982e+05,2.998199462890625000e-01,-8.007019042968750000e+00,2.230661036411062809e-02,5.717044714912718900e-02
1.072738741460430028e+05,-1.500000000000000000e+00,5.000000000000000000e-01,2.097749392964903467e-02,5.906746507185295370e-02
1.072739235618649982e+05,-3.578964233398437500e+00,9.828308105468750000e+00,1.895030292335432576e-02,6.076605543395470488e-02
1.072739743753990042e+05,-5.221832275390625000e+00,1.573397827148437500e+01,1.752392195794359037e-02,5.827936373155023775e-02
1.072740236327400053e+05,-8.205200195312500000e+00,2.178323364257812500e+01,1.510220639412730020e-02,5.579798107367099635e-02
1.072740740918869997e+05,-1.075000000000000000e+01,2.587500000000000000e+01,1.317737190989782398e-02,5.176453464435687435e-02
1.072741243355360057e+05,-1.555326843261718750e+01,2.764956665039062500e+01,9.218131331870601380e-03,4.594913899896312104e-02
1.072741739268749952e+05,-1.883850097656250000e+01,2.941316223144531250e+01,6.899520506405791564e-03,4.117678169616507261e-02
1.072742236376390065e+05,-2.400000000000000000e+01,2.950000000000000000e+01,3.433487402752524731e-03,3.621711979464105335e-02
1.072742739082689950e+05,-2.876652526855468750e+01,2.896898651123046875e+01,5.556315230067429556e-04,3.177642647431969808e-02
1.072743239870300022e+05,-3.222131347656250000e+01,2.732513427734375000e+01,-1.382586504154945106e-04,2.748005480375632914e-02
1.072743733742600016e+05,-3.795124816894531250e+01,2.670867156982421875e+01,-2.711461214479682358e-03,2.548071482195695195e-02
1.072744235375760036e+05,-4.194897460937500000e+01,2.394898223876953125e+01,-3.719897206266427336e-03,2.238195343611574725e-02
1.072744737233729975e+05,-4.144618225097656250e+01,2.193106079101562500e+01,1.087455028452498362e-03,2.040172172450426327e-02
1.072745233753780049e+05,-3.900000000000000000e+01,1.650000000000000000e+01,9.118464886066608710e-03,1.532856343531205714e-02
1.072745737285820069e+05,-3.347787475585937500e+01,1.184466552734375000e+01,2.004828643968238622e-02,1.089696095106511275e-02
1.072746233782159979e+05,-2.737788391113281250e+01,5.809844970703125000e+00,3.019210182611382215e-02,6.017771063701281981e-03
1.072746738007160020e+05,-2.062455749511718750e+01,-1.662712097167968750e+00,3.845248825437030948e-02,2.035995954262417862e-04
1.072747236960900045e+05,-1.121720886230468750e+01,-6.161590576171875000e+00,4.729775360589381916e-02,-1.500350052381298205e-03
1.072747766598299932e+05,-1.918319702148437500e+00,-1.025183105468750000e+01,5.415506913445478770e-02,-6.083055250266020120e-04
1.072748243843119999e+05,4.232421875000000000e+00,-1.403993225097656250e+01,5.617115001388996165e-02,5.861500334956651348e-04
1.072748742201489949e+05,1.109184265136718750e+01,-1.507142639160156250e+01,5.634591354983985168e-02,4.652563188265280286e-03
1.072749241481329955e+05,1.550741577148437500e+01,-1.558091735839843750e+01,5.355352033565331793e-02,9.360885211926187749e-03
1.072749751288880070e+05,1.887684631347656250e+01,-1.381951904296875000e+01,4.922398547156632553e-02,1.572775031175252178e-02
1.072750230845540063e+05,2.013323974609375000e+01,-1.159759521484375000e+01,4.381938109781523261e-02,2.153763398442148230e-02
1.072750729174830049e+05,1.956115722656250000e+01,-6.700927734375000000e+00,3.686539946617038016e-02,2.883519221982994152e-02
1.072751228410600015e+05,1.800000000000000000e+01,-5.000000000000000000e-01,3.011759491224644952e-02,3.667987093123508541e-02
1.072751731964679930e+05,1.502838134765625000e+01,5.893775939941406250e+00,2.350172472565221007e-02,4.326307742254015959e-02
1.072752229775269952e+05,1.205285644531250000e+01,1.433885192871093750e+01,1.856166504440368709e-02,5.042436316843548066e-02
1.072752731183440046e+05,8.715652465820312500e+00,2.144409179687500000e+01,1.495628415343825540e-02,5.486921301331376677e-02
1.072753227870889968e+05,5.510375976562500000e+00,2.899722290039062500e+01,1.278382320218772114e-02,5.813567841358533578e-02
1.072753733413839946e+05,2.589355468750000000e+00,3.571102905273437500e+01,1.189608551601739964e-02,5.944972783280484674e-02
1.072754228873529937e+05,-1.905197143554687500e+00,4.396839904785156250e+01,9.727048499631338330e-03,6.211337268146208124e-02
1.072754729225399933e+05,-4.338928222656250000e+00,5.099574279785156250e+01,9.688226901608899821e-03,6.360767996838934124e-02
1.072755225828039984e+05,-6.131561279296875000e+00,5.666983413696289062e+01,1.107567052573242214e-02,6.328894430218488798e-02
1.072755729391560017e+05,-6.012268066406250000e+00,5.917769622802734375e+01,1.478210214427098934e-02,5.893693266903463068e-02
1.072756230186210014e+05,-3.622940063476562500e+00,6.158146286010742188e+01,2.104738557759389117e-02,5.433792617549917936e-02
1.072756730289380066e+05,1.913894653320312500e+00,6.173766326904296875e+01,3.043645845324332092e-02,4.845061927160243531e-02
1.072757230152739940e+05,9.731338500976562500e+00,6.034114074707031250e+01,4.156677330420933264e-02,4.187511642756076846e-02
1.072757735459389951e+05,1.787431335449218750e+01,5.763384246826171875e+01,5.130792714735966931e-02,3.516686193205956906e-02
1.072758225712270068e+05,2.701139831542968750e+01,5.518101501464843750e+01,5.972236628387168900e-02,3.046486168874035574e-02
1.072758744237339997e+05,3.585667419433593750e+01,5.208957672119140625e+01,6.525308268685275914e-02,2.679858615022989721e-02
1.072759223024370003e+05,4.415528106689453125e+01,4.908484649658203125e+01,6.893090105324095607e-02,2.460047983177227754e-02
1.072759735964120046e+05,5.137209320068359375e+01,4.671669006347656250e+01,6.931470378314003034e-02,2.398329138177534084e-02
1.072760223514609970e+05,5.683322143554687500e+01,4.371929168701171875e+01,6.758730462523129812e-02,2.340508619277587715e-02
1.072760724362220062e+05,6.012122344970703125e+01,4.280441284179687500e+01,6.284913658380668344e-02,2.514029573390164085e-02
1.072761222961510066e+05,6.088522338867187500e+01,4.304338073730468750e+01,5.570332779672132473e-02,2.870257314086971032e-02
1.072761725863180036e+05,5.944736480712890625e+01,4.450000000000000000e+01,4.694588077159940476e-02,3.350050493325263529e-02
1.072762221105280041e+05,5.542907714843750000e+01,4.696828460693359375e+01,3.698663155367225980e-02,3.879578957819748014e-02
1.072762722107890004e+05,5.011087036132812500e+01,4.922820281982421875e+01,2.732944819598251765e-02,4.280755193439423484e-02
1.072763221228470065e+05,4.452407073974609375e+01,5.271884918212890625e+01,1.979499390871817741e-02,4.687683372841539020e-02
1.072763721602940059e+05,3.748058319091796875e+01,5.635194015502929688e+01,1.307319148000827061e-02,5.029715583744928664e-02
1.072764221446860029e+05,2.966134643554687500e+01,6.126431655883789062e+01,7.129633319438367922e-03,5.431334862450183654e-02
1.072764721553359996e+05,2.372068786621093750e+01,6.272068786621093750e+01,4.743849032354655049e-03,5.386618770615103635e-02
1.072765222112640040e+05,1.736668395996093750e+01,6.493875503540039062e+01,3.557659870880601483e-03,5.277438362208044381e-02
1.072765723405250028e+05,1.307785034179687500e+01,6.476512527465820312e+01,5.147620838415647992e-03,4.913973154551347367e-02
1.072766226829880034e+05,1.138014221191406250e+01,6.375544738769531250e+01,1.016564995897108539e-02,4.451457017883998779e-02
1.072766725465469935e+05,1.318527221679687500e+01,6.077918624877929688e+01,1.908238096743739357e-02,3.848620230503499440e-02
1.072767218704249972e+05,1.778059387207031250e+01,5.727482604980468750e+01,3.045503514500444431e-02,3.271571794393067500e-02
1.072767716599840060e+05,2.325640869140625000e+01,5.374359130859375000e+01,4.117482154847094261e-02,2.828919420576891594e-02
1.072768219015780051e+05,3.141105651855468750e+01,4.811862182617187500e+01,5.227608400764543334e-02,2.300610271651971905e-02
1.072768719065610057e+05,3.887368011474609375e+01,4.324488830566406250e+01,6.034474289808552244e-02,1.933622446459925051e-02
1.072769217466580012e+05,4.600000000000000000e+01,3.842063140869140625e+01,6.518835010310855549e-02,1.701709614171481935e-02
1.072769715975500003e+05,5.245983886718750000e+01,3.397127532958984375e+01,6.718626390554456596e-02,1.597798510586150023e-02
1.072770220011979982e+05,5.619600677490234375e+01,3.154373931884765625e+01,6.474254064178706913e-02,1.783677972732833350e-02
1.072770717951650004e+05,5.709276580810546875e+01,2.863674163818359375e+01,5.834566693812101579e-02,1.962244253343146949e-02
1.072771220322580048e+05,5.539120483398437500e+01,2.501689147949218750e+01,4.903372161735916612e-02,1.990823169534143219e-02
1.072771717410220008e+05,5.063513183593750000e+01,2.206756591796875000e+01,3.756622039490452314e-02,2.005585718435243595e-02
1.072772218139129982e+05,4.450000000000000000e+01,1.989062500000000000e+01,2.631982454445940325e-02,2.081287343182914099e-02
1.072772717962119932e+05,3.714366149902343750e+01,1.942774200439453125e+01,1.640963729087106110e-02,2.346906990175958579e-02
1.072773217143999937e+05,2.991319274902343750e+01,1.923787689208984375e+01,9.338468282468877224e-03,2.646119820310893767e-02
1.072773715758659964e+05,2.201556396484375000e+01,2.079384613037109375e+01,4.035589804968993388e-03,3.079957102660238477e-02
1.072774215797950019e+05,1.441903686523437500e+01,2.230273437500000000e+01,6.932094502708832651e-04,3.458467962738878687e-02
1.072774714931119961e+05,7.500000000000000000e+00,2.150000000000000000e+01,-7.008805506030016397e-04,3.459356883520038617e-02
1.072775215220219980e+05,1.961761474609375000e+00,2.025354003906250000e+01,2.009069998788817757e-04,3.253107104478777239e-02
1.072775714360989950e+05,-1.145965576171875000e+00,1.926397705078125000e+01,4.197619021972513742e-03,3.042767108105229323e-02
1.072776217938399932e+05,-6.845092773437500000e-01,1.792657470703125000e+01,1.234123629311891304e-02,2.839445883849255406e-02
1.072776715625479992e+05,2.535552978515625000e+00,1.614962768554687500e+01,2.309765947806797712e-02,2.637889387379897116e-02
1.072777215257170028e+05,9.024154663085937500e+00,1.516018676757812500e+01,3.603241951241857588e-02,2.566953466388776500e-02
1.072777713365170057e+05,1.549038696289062500e+01,1.553845977783203125e+01,4.680843811165934232e-02,2.720053651772989106e-02
1.072778215473699966e+05,2.364341735839843750e+01,1.527574920654296875e+01,5.622932390400550706e-02,2.851162782438419058e-02
1.072778715600019932e+05,3.285611724853515625e+01,1.346762847900390625e+01,6.440503822809254264e-02,2.760546999032086751e-02
1.072779214500420057e+05,4.068279266357421875e+01,1.331720733642578125e+01,6.894216570562611279e-02,2.784696482229662498e-02
1.072779717531719944e+05,4.845228576660156250e+01,1.441909027099609375e+01,7.122757894969450332e-02,2.992295967366754433e-02
1.072780214419919939e+05,5.516638183593750000e+01,1.465110015869140625e+01,7.148505652961496815e-02,3.126844269419590261e-02
1.072780711407180061e+05,6.119217681884765625e+01,1.484983062744140625e+01,7.049730387975021439e-02,3.192318442523765787e-02
1.072781211598130030e+05,6.560046386718750000e+01,1.481892395019531250e+01,6.780013440702928329e-02,3.188507628318304477e-02
1.072781711709450028e+05,6.911042022705078125e+01,1.523448944091796875e+01,6.447466501632670433e-02,3.211922659288138360e-02
1.072782217950729973e+05,7.191725921630859375e+01,1.472719573974609375e+01,6.115917820004952710e-02,3.135160402317729161e-02
1.072782711158580059e+05,7.411846160888671875e+01,1.429511260986328125e+01,5.849864173041589843e-02,3.051155790437895185e-02
1.072783229873649980e+05,7.520330047607421875e+01,1.402259063720703125e+01,5.530695969838732295e-02,2.991289705917539454e-02
1.072783711180480022e+05,7.559221649169921875e+01,1.336885070800781250e+01,5.267133835216354643e-02,2.931125416461677693e-02
1.072784211711609969e+05,7.515485382080078125e+01,1.157512664794921875e+01,4.955459104816314908e-02,2.728582553816066847e-02
1.072784710939789948e+05,7.428060150146484375e+01,1.075437164306640625e+01,4.680522609221649671e-02,2.635909535557200839e-02
1.072785210172229999e+05,7.245223999023437500e+01,1.083659362792968750e+01,4.380269385905263130e-02,2.709803441465644808e-02
1.072785711109469994e+05,7.044612121582031250e+01,1.192453002929687500e+01,4.121129408684612999e-02,2.947820463395780383e-02
1.072786210825599992e+05,6.790331268310546875e+01,1.267541503906250000e+01,3.878049417319977960e-02,3.157310505236159137e-02
1.072786707768610067e+05,6.462007141113281250e+01,1.378077697753906250e+01,3.606717682018496796e-02,3.345713055683679354e-02
1.072787208774000028e+05,6.077331542968750000e+01,1.380802917480468750e+01,3.311772894397299605e-02,3.357516165365760641e-02
1.072787705549969978e+05,5.568863677978515625e+01,1.346921539306640625e+01,2.923670664194101543e-02,3.257919876817756688e-02
1.072788208384610043e+05,5.100000000000000000e+01,1.210156250000000000e+01,2.615522100264208380e-02,3.015408044637472862e-02
1.072788708248339972e+05,4.445568084716796875e+01,1.253925323486328125e+01,2.181994902150021301e-02,2.985209864290613857e-02
1.072789207755590032e+05,3.999063873291015625e+01,1.302040100097656250e+01,2.010715724236310925e-02,3.054122263181677926e-02
1.072789707397279999e+05,3.671295928955078125e+01,1.297531127929687500e+01,2.099115815565334026e-02,3.087177454489021741e-02
1.072790208746919961e+05,3.571113586425781250e+01,1.300418090820312500e+01,2.512475506620292717e-02,3.105954043016459845e-02
1.072790706402340002e+05,3.709322357177734375e+01,1.256214904785156250e+01,3.212790812083267389e-02,3.061955261515651033e-02
1.072791208969379950e+05,4.099690246582031250e+01,1.171517181396484375e+01,4.146185584608600566e-02,2.952691940353586314e-02
1.072791709357729997e+05,4.612261199951171875e+01,1.044372558593750000e+01,5.093666758822940066e-02,2.795616917073242766e-02
1.072792209797200048e+05,5.170421600341796875e+01,1.031286621093750000e+01,5.882107518536330154e-02,2.783815712707565435e-02
1.072792706046139938e+05,5.729197692871093750e+01,1.212697601318359375e+01,6.441172731148495090e-02,3.056741933942227346e-02
1.072793206402090000e+05,6.304146575927734375e+01,1.311463165283203125e+01,6.814072047913054264e-02,3.286553461332707149e-02
1.072793703952679934e+05,6.671126556396484375e+01,1.570774841308593750e+01,6.823282021267618180e-02,3.632790979857244973e-02
1.072794204992330051e+05,7.044261932373046875e+01,1.761475372314453125e+01,6.713104234157044048e-02,3.870446050316641434e-02
1.072794705527159967e+05,7.293640136718750000e+01,1.774800872802734375e+01,6.475534742008559608e-02,3.812044536104267772e-02
1.072795235778079950e+05,7.392797851562500000e+01,1.722148895263671875e+01,6.060138073614956128e-02,3.558411177527946723e-02
1.072795714856029954e+05,7.301519775390625000e+01,1.401216125488281250e+01,5.566156839388769484e-02,3.029875840964747075e-02
1.072796192027340003e+05,6.938283538818359375e+01,8.464576721191406250e+00,4.804309935043059310e-02,2.211208608041516019e-02
1.072796667325129965e+05,6.422808074951171875e+01,1.526016235351562500e+00,3.939222066834809771e-02,1.291072542383124924e-02
1.072797166404419986e+05,5.783268737792968750e+01,-3.871597290039062500e+00,3.070458221500120891e-02,6.933205432184327832e-03
1.072797664848160057e+05,5.015522766113281250e+01,-8.712295532226562500e+00,2.268217867225056847e-02,4.288396118108828148e-03
1.072798166688729980e+05,4.052455139160156250e+01,-1.299163818359375000e+01,1.432735259427810742e-02,4.042529138594999627e-03
1.072798664880989963e+05,3.297922515869140625e+01,-1.944807434082031250e+01,9.842574508082325979e-03,1.991712092650289867e-03
1.072799165773779969e+05,2.489999389648437500e+01,-2.539999389648437500e+01,7.004673090021458493e-03,-8.843811465213818890e-05
1.072799667706390028e+05,1.896807861328125000e+01,-3.007446289062500000e+01,7.566446823511867315e-03,-5.499574107974899984e-04
1.072800166379940056e+05,1.387861633300781250e+01,-3.714141845703125000e+01,9.869480359075658016e-03,-3.373483995762913135e-03
1.072800666434779996e+05,1.131558227539062500e+01,-4.249049377441406250e+01,1.484466823541291669e-02,-4.895234835713316301e-03
1.072801168657009985e+05,1.043006896972656250e+01,-4.908357238769531250e+01,2.136405370970539952e-02,-7.294672534880211612e-03
1.072801668626659957e+05,1.259458923339843750e+01,-5.459458923339843750e+01,3.020262271934246595e-02,-8.648595678672751919e-03
1.072802166069480008e+05,1.554364013671875000e+01,-5.891146850585937500e+01,3.863754931205776871e-02,-8.286365988346054701e-03
1.072802666353759996e+05,1.793589782714843750e+01,-6.236154174804687500e+01,4.423810948539219634e-02,-6.635724884990631955e-03
1.072803163581770059e+05,2.200000000000000000e+01,-6.250000000000000000e+01,4.933672569521597995e-02,-1.398972583199875608e-03
1.072803665696039970e+05,2.550000000000000000e+01,-6.000000000000000000e+01,5.247277874047173718e-02,6.923452763609470872e-03
1.072804163938300044e+05,2.738217163085937500e+01,-5.736610412597656250e+01,5.242957840801096281e-02,1.450051299268736299e-02
1.072804666091639956e+05,2.949487304687500000e+01,-4.936167907714843750e+01,5.147091225862927832e-02,2.611856189353249993e-02
1.072805163042049971e+05,2.900000000000000000e+01,-4.139999389648437500e+01,4.763370373257080903e-02,3.669412377379940859e-02
1.072805673448299931e+05,2.900000000000000000e+01,-3.150000000000000000e+01,4.406908783652686151e-02,4.670536731505348094e-02
1.072806161397480028e+05,2.637040710449218750e+01,-2.186654663085937500e+01,3.882219966378337023e-02,5.438314619045331311e-02
1.072806679960339970e+05,2.194775390625000000e+01,-1.083122253417968750e+01,3.169906104706760042e-02,6.082555905735502477e-02
1.072807162503269938e+05,1.732009887695312500e+01,-1.723556518554687500e-01,2.560125184234960868e-02,6.612032777671827954e-02
1.072807678228729928e+05,9.324005126953125000e+00,7.161216735839843750e+00,1.702604954073531213e-02,6.550918489154104740e-02
1.072808158978340070e+05,6.541595458984375000e-01,1.612007141113281250e+01,8.624577042003492289e-03,6.612866664801950178e-02
1.072808660981309949e+05,-8.057922363281250000e+00,2.107517242431640625e+01,1.739712475682185511e-03,6.229831011675635716e-02
1.072809159665049956e+05,-1.857943725585937500e+01,2.347556304931640625e+01,-5.281110765356519798e-03,5.537857615526469574e-02
1.072809660948209930e+05,-2.755691528320312500e+01,2.351502227783203125e+01,-9.406375651240521385e-03,4.641880137737061651e-02
1.072810159609910042e+05,-3.588165283203125000e+01,1.881360626220703125e+01,-1.117515880620343488e-02,3.364675464394065174e-02
1.072810660072890023e+05,-4.194245910644531250e+01,1.216242980957031250e+01,-9.477593476064777311e-03,2.015055904681805829e-02
1.072811160980499990e+05,-4.533332824707031250e+01,4.750000000000000000e+00,-4.191813207588469814e-03,8.664684702873706040e-03
1.072811660586090002e+05,-4.450000000000000000e+01,-4.000000000000000000e+00,5.707469488660590895e-03,-9.915391238613166514e-04
1.072812156747429981e+05,-4.152577209472656250e+01,-1.420619201660156250e+01,1.725050219447211985e-02,-9.652590948400117943e-03
1.072812659348549932e+05,-3.706147766113281250e+01,-2.254913330078125000e+01,2.834281518129411204e-02,-1.410368404741762366e-02
1.072813161273190053e+05,-3.104937744140625000e+01,-3.000000000000000000e+01,3.834315998901807049e-02,-1.521433582474028545e-02
1.072813659770630038e+05,-2.586412048339843750e+01,-3.771826171875000000e+01,4.465931304614573216e-02,-1.559004863627064252e-02
1.072814157926220068e+05,-2.081455993652343750e+01,-4.352975463867187500e+01,4.799618255252769555e-02,-1.392369823932235184e-02
1.072814657413660025e+05,-1.625085449218750000e+01,-4.646586608886718750e+01,4.900812163132734628e-02,-8.965136572854061348e-03
1.072815157176280045e+05,-1.272702026367187500e+01,-4.871984863281250000e+01,4.792064017460312408e-02,-3.451117659165843510e-03
1.072815656737969985e+05,-1.114474487304687500e+01,-4.777029418945312500e+01,4.427285109737966184e-02,4.324519658886853690e-03
1.072816156395959988e+05,-1.034854125976562500e+01,-4.564643859863281250e+01,3.976124915507128765e-02,1.231690275017167588e-02
1.072816656796720054e+05,-1.182029724121093750e+01,-4.365972900390625000e+01,3.352567834696613264e-02,1.822028426590734801e-02
1.072817156488780020e+05,-1.402442932128906250e+01,-4.046272277832031250e+01,2.732310759207570716e-02,2.321431699045609781e-02
1.072817654997339996e+05,-1.755903625488281250e+01,-3.602862548828125000e+01,2.109129056755481429e-02,2.812990144873881923e-02
1.072818157554380014e+05,-2.325000000000000000e+01,-3.300000000000000000e+01,1.374897629249181852e-02,3.033127204095475288e-02
1.072818656967930001e+05,-3.146670532226562500e+01,-3.043148803710937500e+01,4.634547593799401288e-03,3.054213717743594139e-02
1.072819155072410067e+05,-3.950000000000000000e+01,-2.591667175292968750e+01,-3.141845526683534340e-03,3.229760114094989976e-02
1.072819653280219936e+05,-4.791310119628906250e+01,-2.305648803710937500e+01,-9.330175102736169845e-03,3.257231263472105953e-02
1.072820154925230017e+05,-5.767710876464843750e+01,-1.865881347656250000e+01,-1.535765891677297323e-02,3.410613541768320323e-02
1.072820654590810009e+05,-6.628561401367187500e+01,-1.679243469238281250e+01,-1.908868127530518460e-02,3.312087466692072157e-02
