t,ex,ey,ux,uy
1.071190831598210061e+05,-2.194636535644531250e+01,-1.440229797363281250e+01,-7.908592219848633101e-03,-5.190012097778320087e-03
1.071191266473940050e+05,-1.963517761230468750e+01,-1.790232849121093750e+01,2.877762161107300098e-03,-2.107718408349484179e-02
1.071191776297080069e+05,-1.087937927246093750e+01,-3.485334777832031250e+01,1.734362576136566289e-02,-5.093809720261716079e-02
1.071192268836080038e+05,-1.350000000000000000e+01,-3.550000000000000000e+01,6.890820825253840716e-03,-3.932835879263682499e-02
1.071192770676869986e+05,-3.796737670898437500e+00,-3.844317626953125000e+01,1.201200402049230898e-02,-3.165285908051299057e-02
1.071193270973600011e+05,-1.256602478027343750e+01,-3.375558471679687500e+01,1.576222052609391189e-03,-1.984788012745422256e-02
1.071193761948169995e+05,-2.777824401855468750e+01,-3.142144775390625000e+01,-1.730291364082119088e-02,-1.149309708487616932e-02
1.071194269740589953e+05,-3.079022216796875000e+01,-8.781417846679687500e+00,-2.574438630700535968e-02,1.212110498585214705e-02
1.071194752127450047e+05,-3.424276733398437500e+01,-2.267257690429687500e+00,-2.877743630735263292e-02,2.366327975354383384e-02
1.071195260569120001e+05,-3.711680603027343750e+01,3.962097167968750000e+00,-2.847458869459947722e-02,2.756870830264540259e-02
1.071195751572390000e+05,-3.918467712402343750e+01,1.337387084960937500e+01,-2.658180842372283303e-02,3.067866016688128653e-02
1.071196251880600030e+05,-4.039218139648437500e+01,2.143838500976562500e+01,-2.384960370306121041e-02,3.208567840232694895e-02
1.071196751682330068e+05,-3.863134765625000000e+01,2.390953826904296875e+01,-1.900203934592702149e-02,2.807122334924367496e-02
1.071197251537209959e+05,-3.236730957031250000e+01,2.345145416259765625e+01,-1.039478395211784582e-02,2.034749409956252211e-02
1.071197752224489959e+05,-2.363854980468750000e+01,1.910311126708984375e+01,2.787451864627345233e-04,9.470683633983610974e-03
1.071198252570670011e+05,-1.376904296875000000e+01,1.519867706298828125e+01,1.080157100940052142e-02,5.172485645710701158e-05
1.071198750752219930e+05,-2.648696899414062500e+00,1.274941253662109375e+01,2.048830657897392910e-02,-5.379863183264697174e-03
1.071199249294150068e+05,1.097058105468750000e+01,7.441177368164062500e+00,3.049399288537075342e-02,-1.049327785704028820e-02
1.071199749091069971e+05,2.528985595703125000e+01,-8.698883056640625000e-01,3.982952435119389845e-02,-1.726698638865987318e-02
1.071200247830209992e+05,3.845108795166015625e+01,-8.011093139648437500e-01,4.668624516763196508e-02,-1.621523114165520502e-02
1.071200749717669969e+05,5.025338745117187500e+01,-4.176254272460937500e+00,5.061407211654263272e-02,-1.513100850633742993e-02
1.071201249847360014e+05,6.244384002685546875e+01,-5.509361267089843750e+00,5.371063924633101561e-02,-1.273970385158101556e-02
1.071201749032799999e+05,7.377145385742187500e+01,-6.345886230468750000e+00,5.600250894707539673e-02,-1.004584851938237870e-02
1.071202247361030022e+05,8.297315979003906250e+01,-2.851890563964843750e+00,5.654124366232159832e-02,-4.089927421464268145e-03
1.071202748164600052e+05,9.240614318847656250e+01,-1.413200378417968750e+00,5.727672704372196999e-02,2.289844858135974687e-04
1.071203248921509949e+05,1.008922348022460938e+02,4.871154785156250000e+00,5.803618914949992130e-02,7.227374962724072288e-03
1.071203745886599936e+05,1.065000000000000000e+02,1.350000000000000000e+01,5.701186214337658487e-02,1.621457601712938262e-02
1.071204246279990039e+05,1.107205886840820312e+02,2.000000000000000000e+01,5.490170122834468758e-02,2.263183506033118048e-02
1.071204745683020010e+05,1.145824737548828125e+02,2.650000000000000000e+01,5.318530908958869763e-02,2.691770219772627801e-02
1.071205259960389958e+05,1.167234039306640625e+02,3.200000000000000000e+01,5.101253862283673668e-02,2.878087775439949758e-02
1.071205758375830046e+05,1.170234375000000000e+02,3.884896087646484375e+01,4.823355270686075641e-02,3.099945500062414178e-02
1.071206246342090017e+05,1.164780235290527344e+02,4.600000000000000000e+01,4.546910426712248710e-02,3.376557742099456361e-02
1.071206743535879941e+05,1.149163627624511719e+02,5.428673553466796875e+01,4.268692718920347878e-02,3.767624394674880944e-02
1.071207243327799952e+05,1.162430801391601562e+02,5.995727920532226562e+01,4.342538941274859399e-02,3.955021081105180442e-02
1.071207743271929940e+05,1.142757644653320312e+02,6.764313125610351562e+01,4.300982911729889224e-02,4.248156219610621509e-02
1.071208242716079985e+05,1.142707023620605469e+02,7.127070236206054688e+01,4.415785571128752474e-02,4.228218892813849494e-02
1.071208742722250026e+05,1.119871253967285156e+02,7.611373519897460938e+01,4.399982239799152262e-02,4.234970042180306871e-02
1.071209241564539989e+05,1.083623199462890625e+02,8.089673995971679688e+01,4.230016787326902616e-02,4.304779698318875192e-02
1.071209741656090046e+05,1.045000000000000000e+02,8.300000000000000000e+01,4.020693534211442627e-02,4.202379158902548595e-02
1.071210241742999933e+05,9.750000000000000000e+01,8.500000000000000000e+01,3.569477783714497532e-02,4.082860612408643897e-02
1.071210742500839988e+05,8.657633209228515625e+01,8.764967727661132812e+01,2.753315310980049280e-02,4.083026619773499205e-02
1.071211240711279970e+05,7.764820861816406250e+01,8.636560440063476562e+01,2.106311200608738249e-02,3.829237110234035013e-02
1.071211741728189954e+05,6.867604064941406250e+01,8.212001800537109375e+01,1.644091344080347156e-02,3.278818959815262696e-02
1.071212239540680021e+05,5.974742126464843750e+01,7.871649551391601562e+01,1.331896910037797671e-02,2.808033028106802359e-02
1.071212741519429983e+05,4.942229461669921875e+01,7.518412017822265625e+01,9.912198280512526938e-03,2.471642755480411846e-02
1.071213239633399935e+05,3.996630859375000000e+01,6.846359252929687500e+01,7.374309738761290756e-03,1.988189987084963348e-02
1.071213740660670010e+05,3.224560546875000000e+01,5.872225570678710938e+01,6.832478075257733541e-03,1.260977155989596518e-02
1.071214241618139931e+05,2.590060424804687500e+01,4.731191253662109375e+01,8.055526014387720535e-03,4.069428209172783195e-03
1.071214740710799961e+05,2.293284606933593750e+01,3.707130432128906250e+01,1.234533568365522166e-02,-2.568815896543667765e-03
1.071215239159759949e+05,2.309259033203125000e+01,2.485555267333984375e+01,1.953026044840869280e-02,-9.186798083719527330e-03
1.071215738586679945e+05,2.455200195312500000e+01,1.262218475341796875e+01,2.745321362761905110e-02,-1.499809977269573116e-02
1.071216239598770044e+05,2.800000000000000000e+01,-2.500000000000000000e+00,3.572986759845534627e-02,-2.245297385314759531e-02
1.071216741146970016e+05,3.070866394042968750e+01,-1.802760314941406250e+01,4.180379015873008502e-02,-3.023665066222163550e-02
1.071217239075940015e+05,3.600000000000000000e+01,-2.900000000000000000e+01,4.804525246452121673e-02,-3.341067836806449476e-02
1.071217739608779957e+05,4.200000000000000000e+01,-3.950000000000000000e+01,5.394075534187593723e-02,-3.426792348560617207e-02
1.071218239704209991e+05,4.634599304199218750e+01,-4.824171447753906250e+01,5.733555911500401447e-02,-3.323798207928649329e-02
1.071218757623029960e+05,4.750000000000000000e+01,-5.800000000000000000e+01,5.626697403600168512e-02,-3.306559262132949262e-02
1.071219237955639983e+05,5.029759216308593750e+01,-6.164114379882812500e+01,5.565566682621470723e-02,-2.929807202910484146e-02
1.071219750626909954e+05,5.200000000000000000e+01,-6.350000000000000000e+01,5.428838368277559556e-02,-2.325193862566862432e-02
1.071220237830209953e+05,5.060456848144531250e+01,-6.638365173339843750e+01,5.081712210706863797e-02,-1.932024903407878608e-02
1.071220737802310032e+05,4.850000000000000000e+01,-6.700000000000000000e+01,4.644682025868952097e-02,-1.545498334867553489e-02
1.071221236647009937e+05,4.450000000000000000e+01,-6.650000000000000000e+01,4.114422586154804773e-02,-1.183141356284865900e-02
1.071221738355949929e+05,4.055124664306640625e+01,-6.264700317382812500e+01,3.659894010496864136e-02,-6.354479288249574934e-03
1.071222237401760067e+05,3.423017883300781250e+01,-6.015507507324218750e+01,3.121483731308662135e-02,-2.569197325305772397e-03
1.071222735586280032e+05,2.788453674316406250e+01,-5.509828186035156250e+01,2.638233328900493543e-02,1.863189675567072240e-03
1.071223237795780005e+05,1.961688232421875000e+01,-5.005844116210937500e+01,2.086774801750427427e-02,5.662376629596406474e-03
1.071223735911219992e+05,1.040277099609375000e+01,-4.248611450195312500e+01,1.502668378867236254e-02,1.074429343065156327e-02
1.071224235574619961e+05,5.266876220703125000e-01,-3.493429565429687500e+01,9.220194898451869459e-03,1.552357466250751244e-02
1.071224736719299981e+05,-1.050000000000000000e+01,-2.800000000000000000e+01,3.116546140547224453e-03,1.887822887285134019e-02
1.071225234800680046e+05,-2.100419616699218750e+01,-2.324789428710937500e+01,-2.008821575855426755e-03,1.929128638429881623e-02
1.071225739000710018e+05,-2.771519470214843750e+01,-1.499366760253906250e+01,-2.849972005838793954e-03,2.169187624898501546e-02
1.071226235616540071e+05,-3.194187927246093750e+01,-8.603622436523437500e+00,-8.756900321483379601e-05,2.329825136477499739e-02
1.071226734879199939e+05,-3.362004089355468750e+01,-3.311027526855468750e+00,5.416708903659143287e-03,2.359457834641950913e-02
1.071227235901289969e+05,-3.240267944335937500e+01,2.154441833496093750e+00,1.313974405926671141e-02,2.376653954209149988e-02
1.071227734049699939e+05,-2.852804565429687500e+01,6.037300109863281250e+00,2.225641254123802981e-02,2.285207597062959353e-02
1.071228235074749973e+05,-2.212863159179687500e+01,9.351165771484375000e+00,3.220365863244890881e-02,2.145129067796427286e-02
1.071228731690769928e+05,-1.340756225585937500e+01,1.217227172851562500e+01,4.253350871801998834e-02,2.004616953162887544e-02
1.071229234404699964e+05,-3.157897949218750000e+00,1.485526275634765625e+01,5.244533498268585947e-02,1.904317650634793774e-02
1.071229732467550057e+05,7.165695190429687500e+00,1.493895721435546875e+01,6.057729991021519600e-02,1.640585815189711180e-02
1.071230230845040060e+05,1.635874938964843750e+01,1.592870330810546875e+01,6.569950598278384568e-02,1.456052945023267493e-02
1.071230729377520038e+05,2.369369506835937500e+01,1.507207489013671875e+01,6.733521941343498241e-02,1.196795697687452059e-02
1.071231230452199961e+05,2.916679382324218750e+01,1.042259216308593750e+01,6.596899441862361102e-02,6.269362274740590199e-03
1.071231728849500068e+05,3.340198516845703125e+01,8.193496704101562500e+00,6.307072694232551680e-02,2.506265282463485469e-03
1.071232229396220064e+05,3.548880004882812500e+01,3.652214050292968750e+00,5.864661598672435416e-02,-1.727496062585494319e-03
1.071232729379060038e+05,3.586859893798828125e+01,3.295974731445312500e-01,5.339079730813600655e-02,-4.353416705383833518e-03
1.071233229239679931e+05,3.424974822998046875e+01,-4.365615844726562500e-01,4.739415987776538636e-02,-3.608456042987023132e-03
1.071233730226960033e+05,3.037710571289062500e+01,-3.153137207031250000e+00,4.049361965997529123e-02,-3.406108089434334643e-03
1.071234229846840026e+05,2.546418762207031250e+01,-3.938995361328125000e+00,3.377915090597993775e-02,-1.967955057634727251e-03
1.071234729377460026e+05,1.872261047363281250e+01,-1.634033203125000000e+00,2.684756754675138302e-02,2.339324950157708853e-03
1.071235228519939992e+05,9.500000000000000000e+00,-2.000000000000000000e+00,1.885486578783306111e-02,4.590946278337705577e-03
1.071235729085360072e+05,-1.000000000000000000e+00,0.000000000000000000e+00,1.057016109799380210e-02,7.504024154751498706e-03
1.071236227981730044e+05,-1.250000000000000000e+01,5.000000000000000000e-01,2.520806095189530305e-03,8.789152271789096166e-03
1.071236730211219983e+05,-2.157698059082031250e+01,5.825958251953125000e-01,-2.157905070434715245e-03,8.725720236752299366e-03
1.071237255518320017e+05,-2.950000000000000000e+01,8.636398315429687500e-01,-3.650662760627323977e-03,8.246445341863428008e-03
1.071237730744860019e+05,-3.529591369628906250e+01,1.510826110839843750e+00,-2.731924450968321871e-03,8.158615421760544162e-03
1.071238228446239955e+05,-3.868893432617187500e+01,1.729980468750000000e+00,7.206603726661355014e-04,7.843615176630892166e-03
1.071238729222219990e+05,-3.968795776367187500e+01,1.679481506347656250e+00,6.309585856865130432e-03,7.306860771159613688e-03
1.071239229220059933e+05,-3.820513916015625000e+01,-3.887329101562500000e-01,1.346092255713177664e-02,5.005243945064330111e-03
1.071239727728279977e+05,-3.463221740722656250e+01,-1.596534729003906250e+00,2.136977159459467479e-02,3.128467600887865734e-03
1.071240231442390068e+05,-2.949589538574218750e+01,-3.566085815429687500e+00,2.923507306433153347e-02,1.110416490604386464e-03
1.071240729120990000e+05,-2.214801025390625000e+01,-5.889022827148437500e+00,3.740383827092496477e-02,-9.394070266380031772e-04
1.071241227819950000e+05,-1.227351379394531250e+01,-7.496017456054687500e+00,4.641002554180329726e-02,-2.057368933875870255e-03
1.071241726082429959e+05,-2.500000000000000000e+00,-9.500000000000000000e+00,5.416539081149003565e-02,-3.000873821399167689e-03
1.071242226751929993e+05,8.492935180664062500e+00,-1.099382019042968750e+01,6.125519847629409820e-02,-3.353968864767266182e-03
1.071242724247199949e+05,1.542416381835937500e+01,-1.496499633789062500e+01,6.355176475808560488e-02,-5.728711538254899031e-03
1.071243236811429961e+05,2.506788635253906250e+01,-1.556234741210937500e+01,6.598692116602064561e-02,-5.664465619339475143e-03
1.071243723804920010e+05,3.167733764648437500e+01,-2.040640258789062500e+01,6.634983407379041465e-02,-8.522100758772892942e-03
1.071244223014059971e+05,3.819187164306640625e+01,-2.083837890625000000e+01,6.590343546553741050e-02,-8.389207060994097881e-03
1.071244722485050006e+05,4.365541839599609375e+01,-2.288677978515625000e+01,6.493212812361121022e-02,-8.540504168436685584e-03
1.071245222840289935e+05,4.731309509277343750e+01,-2.162950134277343750e+01,6.285769255705225822e-02,-6.036916700219382287e-03
1.071245723689790029e+05,4.880078887939453125e+01,-2.062390136718750000e+01,5.926973781847918316e-02,-3.210682711059514513e-03
1.071246224233560060e+05,4.791114807128906250e+01,-1.745370483398437500e+01,5.403404759900082982e-02,1.006783436176078139e-03
1.071246721427529992e+05,4.647145080566406250e+01,-1.327633666992187500e+01,4.897600440045839915e-02,5.856467556287704886e-03
1.071247222475169983e+05,4.388488006591796875e+01,-8.613815307617187500e+00,4.417559852391837738e-02,1.049425942381220292e-02
1.071247722386899986e+05,3.907077789306640625e+01,-2.826850891113281250e+00,3.863321243310889608e-02,1.522247125637199439e-02
1.071248221444749943e+05,3.415081024169921875e+01,1.142456054687500000e+00,3.378508551091671114e-02,1.762062486456849458e-02
1.071248721313699934e+05,2.746681213378906250e+01,8.298011779785156250e+00,2.857029790620253112e-02,2.157355944282237856e-02
1.071249220936360070e+05,1.951715087890625000e+01,1.499643707275390625e+01,2.293638466006344551e-02,2.535585975351959884e-02
1.071249720636790007e+05,1.021598815917968750e+01,2.362257385253906250e+01,1.676485735292894408e-02,3.039124894229768697e-02
1.071250220677229954e+05,1.043548583984375000e+00,3.214021301269531250e+01,1.133826095591694560e-02,3.532372356585914558e-02
1.071250720684139960e+05,-5.684844970703125000e+00,3.859440612792968750e+01,9.073835275610730999e-03,3.787232729497558292e-02
1.071251219528280053e+05,-1.130055236816406250e+01,4.527980041503906250e+01,9.180892671237284031e-03,3.958063944350412311e-02
1.071251719859820005e+05,-1.544241333007812500e+01,5.156737518310546875e+01,1.115457285592016262e-02,4.075728498445530673e-02
1.071252221113950072e+05,-1.658767700195312500e+01,5.825895690917968750e+01,1.578559511335330887e-02,4.238290709092643049e-02
1.071252719906989951e+05,-1.536705017089843750e+01,6.367306137084960938e+01,2.237029115977353516e-02,4.333906851638322927e-02
1.071253218458540068e+05,-1.239013671875000000e+01,6.779790878295898438e+01,2.977882787630975470e-02,4.319962869651745863e-02
1.071253719589889952e+05,-7.797576904296875000e+00,7.098833465576171875e+01,3.736166439871108080e-02,4.226865619105434069e-02
1.071254222501229960e+05,-1.395050048828125000e+00,7.314875030517578125e+01,4.509040169928760916e-02,4.074449762575772793e-02
1.071254718432060035e+05,6.199996948242187500e+00,7.220000076293945312e+01,5.251472561609030892e-02,3.699044939971873197e-02
1.071255264497519966e+05,1.284861755371093750e+01,7.071100997924804688e+01,5.740649513079462002e-02,3.255560421733824650e-02
1.071255763558699982e+05,1.888587951660156250e+01,6.771404647827148438e+01,6.041374934464834728e-02,2.814946927179742125e-02
1.071256251774590055e+05,2.242395019531250000e+01,6.334637451171875000e+01,6.003113351783974372e-02,2.341176397414692842e-02
1.071256752000760025e+05,2.436726379394531250e+01,5.820360946655273438e+01,5.704715634320806777e-02,1.880569124215477478e-02
1.071257252916930011e+05,2.462345886230468750e+01,5.124073791503906250e+01,5.245628755289988288e-02,1.360730471237555153e-02
1.071257758150659938e+05,2.214527893066406250e+01,4.400778198242187500e+01,4.589441275371393403e-02,8.857854375915092532e-03
1.071258254964450025e+05,1.907969665527343750e+01,3.543513488769531250e+01,3.955205742335722585e-02,3.850373797749176430e-03
1.071258751531570015e+05,1.594000244140625000e+01,2.762000274658203125e+01,3.453632734441880459e-02,8.201864349738352544e-05
1.071259249211830029e+05,7.998825073242187500e+00,2.070726013183593750e+01,2.682519854687480387e-02,-1.911515097236443639e-03
1.071259755498519953e+05,-2.332702636718750000e+00,9.433952331542968750e+00,1.713351819940862886e-02,-6.919438063206957007e-03
1.071260260328729928e+05,-1.285272216796875000e+01,-2.192077636718750000e-01,8.108555449762813727e-03,-1.130804723951281052e-02
1.071260753088469937e+05,-2.387232971191406250e+01,-7.283317565917968750e+00,2.601545434492494313e-04,-1.286902942563921889e-02
1.071261255522590072e+05,-3.340151977539062500e+01,-1.389173889160156250e+01,-4.732657637742880563e-03,-1.288951017930348511e-02
1.071261754832099978e+05,-4.168374633789062500e+01,-2.020974731445312500e+01,-6.950754892496240067e-03,-1.252969010662988159e-02
1.071262252843290044e+05,-5.038406372070312500e+01,-2.761593627929687500e+01,-8.579842242119353063e-03,-1.360023649662336562e-02
1.071262749883560027e+05,-5.570538330078125000e+01,-2.926968383789062500e+01,-7.345203046321704954e-03,-1.051245050956359922e-02
1.071263250283240050e+05,-5.862365722656250000e+01,-3.170610046386718750e+01,-3.559230538818042300e-03,-7.272260963825020672e-03
1.071263749054979999e+05,-6.150000000000000000e+01,-3.200000000000000000e+01,2.570435876248639007e-05,-3.128602402457035872e-03
1.071264251582059951e+05,-6.200000000000000000e+01,-3.150000000000000000e+01,4.402089690433944047e-03,1.002839442003178143e-03
1.071264749803059967e+05,-6.057575988769531250e+01,-2.884848022460937500e+01,9.509246731394369392e-03,5.959499558751128745e-03
1.071265250833299942e+05,-5.721006774902343750e+01,-2.510458374023437500e+01,1.533466757917916791e-02,1.114399219056222065e-02
1.071265753628160019e+05,-5.182133483886718750e+01,-1.960025024414062500e+01,2.191900417319159883e-02,1.692476874369186132e-02
1.071266250859529973e+05,-4.519491577148437500e+01,-1.222882080078125000e+01,2.854398958999957228e-02,2.355129694715262650e-02
1.071266769021869986e+05,-3.950000000000000000e+01,-7.000000000000000000e+00,3.296702521943425945e-02,2.739658726371621555e-02
1.071267253730929951e+05,-3.318328857421875000e+01,-3.368911743164062500e+00,3.643634488533298299e-02,2.825772277105897956e-02
1.071267755170979945e+05,-2.648918151855468750e+01,1.709739685058593750e+00,3.913672057449985031e-02,2.900830579910989443e-02
1.071268251369219943e+05,-2.051513671875000000e+01,6.289871215820312500e+00,4.070787393915684810e-02,2.953016265352136072e-02
1.071268778316679964e+05,-1.398916625976562500e+01,1.093540191650390625e+01,4.194152650909510616e-02,2.998649982895110547e-02
1.071269252052670054e+05,-8.421264648437500000e+00,1.498031616210937500e+01,4.291122828519612631e-02,3.057692701724478573e-02
1.071269750221080030e+05,-3.479827880859375000e+00,1.678425598144531250e+01,4.289788430462392055e-02,2.911533089897536813e-02
1.071270249743919994e+05,1.490325927734375000e-01,1.780777740478515625e+01,4.172868582427331774e-02,2.666511913349368240e-02
1.071270749123800051e+05,3.752273559570312500e+00,1.843042755126953125e+01,4.057572267569675012e-02,2.415284476215888779e-02
1.071271247803870065e+05,6.464248657226562500e+00,1.779097747802734375e+01,3.917521353129996275e-02,2.119484450549153146e-02
1.071271746183020005e+05,8.500000000000000000e+00,1.700000000000000000e+01,3.760658975581129132e-02,1.863072529247281756e-02
1.071272247392889985e+05,9.378341674804687500e+00,1.429962158203125000e+01,3.545387998025577303e-02,1.513327876101145351e-02
1.071272751349030004e+05,9.338577270507812500e+00,1.018147277832031250e+01,3.283393021441849413e-02,1.067027077913725724e-02
1.071273248403000034e+05,7.838775634765625000e+00,7.104621887207031250e+00,2.941234900250367171e-02,7.563145821309878031e-03
1.071273747641399968e+05,5.707275390625000000e+00,3.786270141601562500e+00,2.578157366953831575e-02,5.348677072138173505e-03
1.071274249921080045e+05,4.159576416015625000e+00,7.765960693359375000e-01,2.332820078553554319e-02,4.114590506102216994e-03
1.071274746991349966e+05,3.626022338867187500e+00,-2.750686645507812500e+00,2.279016308795891316e-02,2.907073373474861749e-03
1.071275247923989955e+05,3.931503295898437500e+00,-5.931503295898437500e+00,2.389430829380247145e-02,2.053610106813407929e-03
1.071275746851839940e+05,5.133026123046875000e+00,-8.465591430664062500e+00,2.626862161589808842e-02,1.886770056399356826e-03
1.071276250022430031e+05,7.207031250000000000e+00,-1.120263671875000000e+01,2.947952336272795931e-02,1.673492904885486368e-03
1.071276748901950050e+05,7.724487304687500000e+00,-1.572448730468750000e+01,3.104131964377176978e-02,-3.487053712131933658e-04
1.071277245484629966e+05,1.056083679199218750e+01,-1.854562377929687500e+01,3.363513808627217189e-02,-1.516199114868953951e-03
1.071277741140269936e+05,1.340370178222656250e+01,-2.124073791503906250e+01,3.626978251523170493e-02,-2.192775520585693583e-03
1.071278246258260042e+05,1.774905395507812500e+01,-2.277569580078125000e+01,3.984406456206229102e-02,-1.684620298215179501e-03
1.071278740864470019e+05,2.103176879882812500e+01,-2.594303894042968750e+01,4.241361464543295240e-02,-2.463640092303992155e-03
1.071279245021359966e+05,2.363725280761718750e+01,-2.848039245605468750e+01,4.353526262097748983e-02,-3.332729399331187461e-03
1.071279742078290001e+05,2.550000000000000000e+01,-3.250000000000000000e+01,4.342843219345379063e-02,-5.632572654875142582e-03
1.071280246589430026e+05,2.697164916992187500e+01,-3.518334960937500000e+01,4.259983784466152279e-02,-7.169849719969492718e-03
1.071280743850620056e+05,2.750000000000000000e+01,-3.914285278320312500e+01,4.107689988499636097e-02,-9.462561088076916829e-03
1.071281247018249996e+05,2.680026245117187500e+01,-4.333520507812500000e+01,3.857521469720286145e-02,-1.212631097349500288e-02
1.071281744274259981e+05,2.518527221679687500e+01,-4.700558471679687500e+01,3.552925715804317736e-02,-1.427887708934920570e-02
1.071282247283739998e+05,2.430313110351562500e+01,-5.056088256835937500e+01,3.355044296980393831e-02,-1.598196213442949071e-02
1.071282748426939943e+05,2.345713806152343750e+01,-5.423631286621093750e+01,3.257944880200096260e-02,-1.760403516006489241e-02
1.071283250451799977e+05,2.326728820800781250e+01,-5.714924621582031250e+01,3.285347793089146706e-02,-1.854227214596148449e-02
1.071283740754530008e+05,2.397807312011718750e+01,-5.866651916503906250e+01,3.443466507460615778e-02,-1.815050448604785260e-02
1.071284249576559960e+05,2.573489379882812500e+01,-6.073489379882812500e+01,3.721507885434788276e-02,-1.798649885437290236e-02
1.071284748142189928e+05,2.811778259277343750e+01,-6.107551574707031250e+01,4.065227252670810393e-02,-1.680334372037030691e-02
1.071285249605760037e+05,2.922683715820312500e+01,-6.320315551757812500e+01,4.258703414341107746e-02,-1.727120003853562999e-02
1.071285744900849968e+05,3.250000000000000000e+01,-6.300000000000000000e+01,4.553020372773687596e-02,-1.660362563665146451e-02
1.071286245173130010e+05,3.641915130615234375e+01,-6.253924560546875000e+01,4.905536843929005769e-02,-1.554854282940441347e-02
1.071286742565619934e+05,3.767705535888671875e+01,-6.345011901855468750e+01,5.001252333697159963e-02,-1.597634130651753859e-02
1.071287247311569954e+05,3.851344299316406250e+01,-6.386866760253906250e+01,4.940787176999698882e-02,-1.675347477319214656e-02
1.071287744098880066e+05,3.893608856201171875e+01,-6.442323303222656250e+01,4.816042334972594346e-02,-1.784123723266831107e-02
1.071288245746890025e+05,3.870409393310546875e+01,-6.568554687500000000e+01,4.642467565939915192e-02,-1.966155503870430782e-02
1.071288744893620024e+05,3.876175689697265625e+01,-6.562518310546875000e+01,4.529467368658728760e-02,-2.046426288430983065e-02
1.071289244321839942e+05,3.761409759521484375e+01,-6.661408996582031250e+01,4.371439624108635486e-02,-2.176986256246722998e-02
1.071289740655259957e+05,3.644594573974609375e+01,-6.644595336914062500e+01,4.233836067413059012e-02,-2.221332477284547122e-02
1.071290239640509972e+05,3.489108276367187500e+01,-6.638769531250000000e+01,4.103297046488672134e-02,-2.246457945140652862e-02
1.071290740917039948e+05,3.217784881591796875e+01,-6.669453430175781250e+01,3.903963862205549196e-02,-2.310299057466144029e-02
1.071291256050700031e+05,2.998965454101562500e+01,-6.646968078613281250e+01,3.761874441481798115e-02,-2.351209835235224324e-02
1.071291750085429958e+05,2.885791015625000000e+01,-6.547833251953125000e+01,3.771977758834818562e-02,-2.324346286061955424e-02
1.071292244895899930e+05,2.730111694335937500e+01,-6.415087890625000000e+01,3.793169267501259739e-02,-2.253351856565614930e-02
1.071292741243769997e+05,2.664184570312500000e+01,-6.284271240234375000e+01,3.892027514406857375e-02,-2.192793961552039206e-02
1.071293257955930021e+05,2.683651733398437500e+01,-6.044470214843750000e+01,4.084477994522951738e-02,-2.065971078134728675e-02
1.071293738709089957e+05,2.708177185058593750e+01,-5.819334411621093750e+01,4.286319643305004645e-02,-1.957330720729620610e-02
1.071294236061760021e+05,2.743548583984375000e+01,-5.505706787109375000e+01,4.445442992327922060e-02,-1.797487029366354530e-02
1.071294737917739985e+05,2.745901489257812500e+01,-5.263934326171875000e+01,4.538637274934120835e-02,-1.718591232002028221e-02
1.071295233865420014e+05,2.783798217773437500e+01,-4.947721862792968750e+01,4.622211089057153693e-02,-1.624988736084009497e-02
1.071295744547810027e+05,2.761764526367187500e+01,-4.632353210449218750e+01,4.631867796426929196e-02,-1.544115218728386515e-02
1.071296242774370039e+05,2.694209289550781250e+01,-4.258372497558593750e+01,4.582548192430210138e-02,-1.426709642986613569e-02
1.071296736977800028e+05,2.548611450195312500e+01,-3.837928771972656250e+01,4.445583207249259594e-02,-1.262057571068137332e-02
1.071297233716220071e+05,2.282487487792968750e+01,-3.495335388183593750e+01,4.190912786475852608e-02,-1.167838131013737915e-02
1.071297733403129969e+05,2.090046691894531250e+01,-3.113246154785156250e+01,4.001533355966106764e-02,-1.079308724754704865e-02
1.071298233595789934e+05,1.920835876464843750e+01,-2.771820068359375000e+01,3.900108118398662449e-02,-1.033879218269885547e-02
1.071298743377070059e+05,1.541812133789062500e+01,-2.449317932128906250e+01,3.665608825764306994e-02,-1.023325397709834786e-02
1.071299237664770044e+05,1.372908020019531250e+01,-1.961453247070312500e+01,3.601060256780278662e-02,-8.609284388907782748e-03
1.071299741326100047e+05,1.200921630859375000e+01,-1.475807189941406250e+01,3.604204991877187070e-02,-6.463973777314831887e-03
1.071300239227099955e+05,1.100000000000000000e+01,-1.000000000000000000e+01,3.693797676380091571e-02,-4.403525573792890085e-03
1.071300732833320071e+05,1.082353210449218750e+01,-3.529411315917968750e+00,3.863446196996683790e-02,-1.007182553574188788e-03
1.071301228913030063e+05,1.195277404785156250e+01,2.516555786132812500e+00,4.142355639104397524e-02,2.214877409579280726e-03
1.071301731765110017e+05,1.317167663574218750e+01,9.055480957031250000e+00,4.421878675753554422e-02,5.424431087887683633e-03
1.071302229487409932e+05,1.436407470703125000e+01,1.671359252929687500e+01,4.645592007501964799e-02,9.359647661517818407e-03
1.071302737552970066e+05,1.513288879394531250e+01,2.321147918701171875e+01,4.759904998620387295e-02,1.215547812734388278e-02
1.071303237418399949e+05,1.518432617187500000e+01,2.999724578857421875e+01,4.751091737927021219e-02,1.462094999658145045e-02
1.071303728617599991e+05,1.439227294921875000e+01,3.689036560058593750e+01,4.618581246457884038e-02,1.709786385353134069e-02
1.071304225877489953e+05,1.300000000000000000e+01,4.300000000000000000e+01,4.402629386177640824e-02,1.885271712412035089e-02
1.071304729816600011e+05,1.100000000000000000e+01,5.107142639160156250e+01,4.144121588507936049e-02,2.214144220340343722e-02
1.071305231211460050e+05,8.623352050781250000e+00,5.951035690307617188e+01,3.889204253365848019e-02,2.636614502718835629e-02
1.071305736789079965e+05,6.044204711914062500e+00,6.939740371704101562e+01,3.661700018781600952e-02,3.202233368051572021e-02
1.071306231511579972e+05,3.667922973632812500e+00,7.873339462280273438e+01,3.504307233643497166e-02,3.740581269362440453e-02
1.071306732551449968e+05,5.694122314453125000e-01,8.615295791625976562e+01,3.326834715198841164e-02,4.051822352322617671e-02
1.071307228167470021e+05,-4.000000000000000000e+00,9.050000000000000000e+01,3.033274989557119272e-02,4.001943920084943124e-02
1.071307729355670017e+05,-8.500000000000000000e+00,9.450000000000000000e+01,2.729646814926210696e-02,3.830956147268472362e-02
1.071308222382630047e+05,-1.237886047363281250e+01,9.668942642211914062e+01,2.516892962612209475e-02,3.554925421674644953e-02
1.071308724763600039e+05,-1.650000000000000000e+01,9.700000000000000000e+01,2.337840353989688660e-02,3.167605936403327521e-02
1.071309223707930068e+05,-2.000000000000000000e+01,9.950000000000000000e+01,2.240676125108867142e-02,3.059657466983712118e-02
1.071309724128539965e+05,-2.400000000000000000e+01,9.950000000000000000e+01,2.123369855074953155e-02,2.920548818550533846e-02
1.071310222533060005e+05,-2.750000000000000000e+01,1.000000000000000000e+02,2.033567949794080551e-02,2.877959124089854784e-02
1.071310722751080029e+05,-3.139222717285156250e+01,9.987741470336914062e+01,1.907207495000080855e-02,2.864713106900216091e-02
1.071311223823540058e+05,-3.650776672363281250e+01,9.621761703491210938e+01,1.648915894920709863e-02,2.580989701346873486e-02
1.071311722722859995e+05,-4.103590393066406250e+01,9.220466232299804688e+01,1.400669677804133872e-02,2.223257229521289138e-02
1.071312224481799931e+05,-4.530769348144531250e+01,8.680219650268554688e+01,1.193593369168706800e-02,1.795745323140826924e-02
1.071312735913070064e+05,-4.896395874023437500e+01,8.097042465209960938e+01,1.068584213821163059e-02,1.396323189751569674e-02
1.071313234021300013e+05,-5.129995727539062500e+01,7.567293548583984375e+01,1.083300707863439974e-02,1.136613377588114107e-02
1.071313729992500012e+05,-5.091000366210937500e+01,7.006000137329101562e+01,1.357419915118879446e-02,9.502707675769411777e-03
1.071314223942420067e+05,-5.500000000000000000e+01,6.150000000000000000e+01,1.262325907792208497e-02,5.568394702726939954e-03
1.071314742961409938e+05,-5.720231628417968750e+01,5.344797515869140625e+01,1.156070849736491601e-02,1.897089316051727564e-03
1.071315224571050057e+05,-6.023509216308593750e+01,4.423509979248046875e+01,9.681376515549962314e-03,-2.423994628766003301e-03
1.071315733679010009e+05,-6.287911987304687500e+01,3.507815551757812500e+01,7.727856555117720849e-03,-6.323754637264335926e-03
1.071316223504880036e+05,-6.500000000000000000e+01,2.550000000000000000e+01,6.380952324185016136e-03,-1.013199011568076402e-02
1.071316724986040063e+05,-6.677108764648437500e+01,1.459036254882812500e+01,5.520076761689004033e-03,-1.470004696163341659e-02
1.071317224343139969e+05,-6.794410705566406250e+01,2.356048583984375000e+00,5.304071662879687385e-03,-2.040297256728882541e-02
1.071317729219460016e+05,-6.924304199218750000e+01,-1.050102233886718750e+01,4.998059305928970533e-03,-2.657266037567441314e-02
1.071318221266430046e+05,-7.187704467773437500e+01,-2.180403137207031250e+01,3.229882980519694843e-03,-3.114506086846982602e-02
1.071318718421509984e+05,-7.315313720703125000e+01,-3.190664672851562500e+01,2.033310364108692828e-03,-3.368736061707160168e-02
1.071319217478619976e+05,-7.270240783691406250e+01,-3.717066955566406250e+01,2.604418927831187586e-03,-3.121671749862842127e-02
1.071319719423479983e+05,-7.404302978515625000e+01,-4.368101501464843750e+01,1.998354036357864565e-03,-2.875736321779810700e-02
1.071320217314850015e+05,-7.429167175292968750e+01,-4.812097167968750000e+01,1.687123606924893597e-03,-2.571310768570331251e-02
1.071320717338429968e+05,-7.500000000000000000e+01,-5.200000000000000000e+01,9.045677915216960609e-04,-2.309091946715585361e-02
1.071321220121060032e+05,-7.742105102539062500e+01,-5.178947448730468750e+01,-1.712056986640719640e-03,-1.804283380788229349e-02
1.071321716817629931e+05,-8.264343261718750000e+01,-4.632440185546875000e+01,-7.374908107512795005e-03,-8.702078139012390384e-03
1.071322217979900015e+05,-8.471794128417968750e+01,-4.565242004394531250e+01,-1.080054196785857137e-02,-3.793577059257786412e-03
1.071322716951079929e+05,-8.705393981933593750e+01,-3.924235534667968750e+01,-1.307860323129334847e-02,3.052927661796092304e-03
1.071323218447419931e+05,-8.677349853515625000e+01,-3.383959960937500000e+01,-1.241171314555086433e-02,8.497389783391606083e-03
1.071323718638959981e+05,-8.576887512207031250e+01,-2.932722473144531250e+01,-1.025914777231459914e-02,1.149984913940587869e-02
1.071324219276980002e+05,-8.232499694824218750e+01,-2.216250610351562500e+01,-6.012353127109335005e-03,1.533396891383189201e-02
1.071324720738140022e+05,-7.628477478027343750e+01,-1.726902770996093750e+01,4.039334871943269650e-04,1.699066629570284911e-02
1.071325222251149971e+05,-6.815438842773437500e+01,-8.939697265625000000e+00,8.239536907704410329e-03,2.068889115079601548e-02
1.071325719100870047e+05,-5.674096679687500000e+01,7.831573486328125000e-02,1.807823632345830628e-02,2.556576271843451903e-02
1.071326220462210040e+05,-4.350000000000000000e+01,9.843750000000000000e+00,2.864415071576998165e-02,3.103919576852399304e-02
1.071326725815380050e+05,-3.222483825683593750e+01,1.357446289062500000e+01,3.594737876045606823e-02,3.070892593941819404e-02
1.071327220596959960e+05,-2.040110778808593750e+01,1.949526214599609375e+01,4.139197279166269977e-02,3.038482598680775082e-02
1.071327719742949994e+05,-8.573379516601562500e+00,2.576425933837890625e+01,4.544539381590299160e-02,3.086409442534830336e-02
1.071328217211729934e+05,2.538970947265625000e+00,3.053597259521484375e+01,4.813215041525505111e-02,3.078073719121234009e-02
1.071328713570709951e+05,1.321377563476562500e+01,3.409717559814453125e+01,5.000353869445868515e-02,2.983370166761842301e-02
1.071329218029250042e+05,2.376400756835937500e+01,3.503685760498046875e+01,5.162374923410894406e-02,2.668643860370831233e-02
1.071329717008949956e+05,3.360337829589843750e+01,3.488233184814453125e+01,5.303626402081357966e-02,2.262675794360882731e-02
1.071330212174600019e+05,4.149916839599609375e+01,3.393914031982421875e+01,5.311917224444907826e-02,1.856003594325622563e-02
1.071330713595580019e+05,4.955899047851562500e+01,3.095315551757812500e+01,5.334087729715120824e-02,1.364163216885834126e-02
1.071331215865620034e+05,5.597756195068359375e+01,2.793910217285156250e+01,5.283733694765566785e-02,9.429254652773768827e-03
1.071331713427729992e+05,5.909567260742187500e+01,2.565264892578125000e+01,4.988357852429475825e-02,7.067442481429814585e-03
1.071332214841490058e+05,6.207281494140625000e+01,2.085437011718750000e+01,4.680858206498214602e-02,3.727994368038408876e-03
1.071332710531949997e+05,6.448883056640625000e+01,1.401495361328125000e+01,4.439906055027287302e-02,-1.321946856299854867e-03
1.071333213973829988e+05,6.587264251708984375e+01,7.706741333007812500e+00,4.221183965375010366e-02,-5.842052222310992887e-03
1.071333714609449962e+05,6.631920623779296875e+01,-2.966079711914062500e-01,4.016624060961465625e-02,-1.097388810427368973e-02
1.071334215894130029e+05,6.635145568847656250e+01,-7.316230773925781250e+00,3.852213245250314666e-02,-1.480952100224762133e-02
1.071334713468279951e+05,6.604092407226562500e+01,-1.560533142089843750e+01,3.735532105588140750e-02,-1.884674058267017671e-02
1.071335215461839980e+05,6.597080993652343750e+01,-2.196240234375000000e+01,3.704158789047976019e-02,-2.087171589986523690e-02
1.071335714579869964e+05,6.456130981445312500e+01,-2.625340270996093750e+01,3.618333991878449479e-02,-2.024555588098009284e-02
1.071336213686599949e+05,6.205339813232421875e+01,-3.000000000000000000e+01,3.439752182666768604e-02,-1.854547539851097299e-02
1.071336709360770037e+05,5.877252197265625000e+01,-3.326811218261718750e+01,3.196557402248030588e-02,-1.676306143672227564e-02
1.071337213183760032e+05,5.348052978515625000e+01,-3.609135437011718750e+01,2.797430467605800664e-02,-1.524917922742576384e-02
1.071337741287499957e+05,4.795375061035156250e+01,-3.458683776855468750e+01,2.394039470488630583e-02,-1.047176683340938705e-02
1.071338233427810046e+05,4.168353271484375000e+01,-3.173059082031250000e+01,2.000188822159377697e-02,-4.572692186207994065e-03
1.071338679174370045e+05,3.350755310058593750e+01,-2.958308410644531250e+01,1.473005895735484197e-02,-2.258993762928318549e-04
1.071339191755640059e+05,2.611265563964843750e+01,-2.531765747070312500e+01,1.034038599999946573e-02,4.604145086948656200e-03
1.071339671069549950e+05,1.644680786132812500e+01,-2.172340393066406250e+01,5.078546795612100262e-03,8.065227927955775922e-03
1.071340192997039994e+05,7.742416381835937500e+00,-1.851773071289062500e+01,1.065491463058447497e-03,9.834483409005339780e-03
1.071340673504279985e+05,1.000000000000000000e+00,-1.300000000000000000e+01,-4.745130042556194860e-04,1.282028276230318294e-02
1.071341172691940010e+05,-3.888427734375000000e+00,-7.219459533691406250e+00,6.184182759206291458e-04,1.611114166657776764e-02
1.071341670332200010e+05,-6.000000000000000000e+00,-5.000000000000000000e-01,4.732210272161693071e-03,1.997352407163201227e-02
1.071342171605210024e+05,-6.500000000000000000e+00,2.000000000000000000e+00,1.044239538827653954e-02,1.982776423838219365e-02
1.071342669516580063e+05,-2.608398437500000000e+00,5.288673400878906250e+00,1.927633502897618811e-02,1.891537163183885234e-02
1.071343169373870041e+05,2.448791503906250000e+00,6.911094665527343750e+00,2.861283826102642425e-02,1.663745395927384435e-02
1.071343667635049933e+05,1.048309326171875000e+01,9.852035522460937500e+00,3.891246394373370360e-02,1.565592892362296581e-02
1.071344167080670013e+05,1.893478393554687500e+01,1.150000000000000000e+01,4.809343403180149634e-02,1.453926504039317232e-02
1.071344667061469954e+05,2.759371948242187500e+01,1.284629058837890625e+01,5.540452513726065037e-02,1.351690414126167396e-02
1.071345166680419934e+05,3.543203735351562500e+01,1.550000000000000000e+01,6.010286923147988014e-02,1.408790990978104826e-02
1.071345667156959971e+05,4.180016326904296875e+01,1.680548095703125000e+01,6.187807095406241964e-02,1.422642394691165865e-02
1.071346168647190061e+05,4.867972564697265625e+01,2.265322875976562500e+01,6.299812568590557049e-02,1.835540666937968135e-02
1.071346666887449974e+05,5.385779571533203125e+01,2.818807220458984375e+01,6.271860398360090683e-02,2.338476070916125846e-02
1.071347166979540052e+05,5.750000000000000000e+01,3.450000000000000000e+01,6.102393355105682760e-02,2.874627512867333756e-02
1.071347666595159972e+05,5.873149871826171875e+01,4.129459381103515625e+01,5.742731051924595403e-02,3.393513323601222986e-02
1.071348167500400014e+05,5.967398834228515625e+01,5.045823669433593750e+01,5.387921043471304017e-02,4.051098325330465544e-02
1.071348665940280043e+05,5.881515502929687500e+01,5.810536193847656250e+01,4.987266145055349598e-02,4.554247551557308316e-02
1.071349165523859992e+05,5.564852905273437500e+01,6.650397109985351562e+01,4.466585401657933996e-02,5.007565035934723185e-02
1.071349663293939957e+05,5.186878204345703125e+01,7.284887313842773438e+01,3.961376715823204664e-02,5.228047032719929099e-02
1.071350163485480007e+05,4.568750000000000000e+01,7.868750000000000000e+01,3.356839595951443406e-02,5.314757958725235820e-02
1.071350663972939947e+05,3.950000000000000000e+01,8.150000000000000000e+01,2.826924220066005453e-02,5.118632354562432235e-02
1.071351163172639936e+05,3.276480102539062500e+01,8.304984283447265625e+01,2.375544105849924925e-02,4.782837829365708948e-02
1.071351663719170028e+05,2.324324035644531250e+01,8.324324417114257812e+01,1.778849602359038051e-02,4.382106765201348314e-02
1.071352162614609988e+05,1.233927917480468750e+01,8.200000000000000000e+01,1.079977319677487974e-02,3.951058710365638882e-02
1.071352664676510030e+05,3.494415283203125000e+00,8.246045303344726562e+01,6.177957531781658185e-03,3.778024389308972525e-02
1.071353164198239974e+05,-8.873443603515625000e+00,7.872041320800781250e+01,-9.735856565723510769e-05,3.411512731249190244e-02
1.071353663772930013e+05,-1.955830383300781250e+01,7.267195510864257812e+01,-4.976918325640081187e-03,2.841139711829682168e-02
1.071354160965600022e+05,-2.800000000000000000e+01,6.450000000000000000e+01,-6.932734594580963750e-03,2.111599009841602995e-02
1.071354662330650026e+05,-3.396331787109375000e+01,5.549952697753906250e+01,-5.603550443345494542e-03,1.377158285878023886e-02
1.071355161888860021e+05,-3.725424194335937500e+01,4.400000000000000000e+01,-1.358176819502569105e-03,5.497574583134906545e-03
1.071355662101689959e+05,-3.936422729492187500e+01,3.218595123291015625e+01,3.797577774859017125e-03,-2.137776269078142666e-03
1.071356161733790068e+05,-3.875314331054687500e+01,2.035983276367187500e+01,1.023435454371855041e-02,-8.406725272817175409e-03
1.071356664407909993e+05,-3.689805603027343750e+01,8.548545837402343750e+00,1.669961395876614144e-02,-1.330872040112257570e-02
1.071357165592399979e+05,-3.215185546875000000e+01,-2.848144531250000000e+00,2.418956624398057448e-02,-1.689342200408299605e-02
1.071357665094499971e+05,-2.442945861816406250e+01,-1.303526306152343750e+01,3.317415916458626990e-02,-1.881975401289075894e-02
1.071358165658999933e+05,-1.998937988281250000e+01,-2.972186279296875000e+01,3.813606147269556906e-02,-2.615041032965376155e-02
1.071358665020909975e+05,-1.064744567871093750e+01,-3.880340576171875000e+01,4.481921204229461636e-02,-2.849540633835315889e-02
1.071359165053379984e+05,-1.141342163085937500e+00,-4.746798706054687500e+01,5.137480864399225633e-02,-2.854052513550457693e-02
1.071359664166040020e+05,5.607376098632812500e+00,-5.560737609863281250e+01,5.449324884491161397e-02,-2.790835883909353193e-02
1.071360161911110044e+05,1.369488525390625000e+01,-6.036741638183593750e+01,5.708880302347695695e-02,-2.489678004210346685e-02
1.071360664251709968e+05,1.941064453125000000e+01,-6.727134704589843750e+01,5.726025412167773387e-02,-2.398617640362214753e-02
1.071361161297899962e+05,2.400000000000000000e+01,-7.050000000000000000e+01,5.589536476836558243e-02,-2.167107352227268247e-02
1.071361661861479952e+05,2.749929809570312500e+01,-7.236907958984375000e+01,5.355024504273840635e-02,-1.851757742306035098e-02
1.071362161585980066e+05,2.863517761230468750e+01,-7.185939025878906250e+01,4.959926879073698475e-02,-1.401560591303208266e-02
1.071362669664679997e+05,2.711224365234375000e+01,-7.111224365234375000e+01,4.361122812330392451e-02,-9.967949647410849143e-03
1.071363162505719956e+05,2.487254333496093750e+01,-6.754278564453125000e+01,3.773102137890016472e-02,-4.819358841616897850e-03
1.071363679667510005e+05,2.190257263183593750e+01,-6.156231689453125000e+01,3.234601526037531039e-02,1.821021573678312244e-03
1.071364159063639963e+05,1.756349182128906250e+01,-5.454232788085937500e+01,2.738270257412954781e-02,8.584050760967536567e-03
1.071364678653000010e+05,1.236964416503906250e+01,-4.647227478027343750e+01,2.249758113833779175e-02,1.500123972337008907e-02
1.071365160380599991e+05,6.741882324218750000e+00,-3.709860229492187500e+01,1.830858433068760158e-02,2.143473672230209945e-02
1.071365659582149965e+05,2.170562744140625000e-01,-2.857363891601562500e+01,1.406769328903130847e-02,2.603616694865681924e-02
1.071366158109249955e+05,-5.732620239257812500e+00,-2.150205993652343750e+01,1.096033670652890243e-02,2.796893164146017213e-02
1.071366658667830052e+05,-1.000000000000000000e+01,-1.200000000000000000e+01,1.015116953601617744e-02,3.086669157596243218e-02
1.071367156734010059e+05,-1.220921325683593750e+01,-3.492904663085937500e+00,1.200423536698798366e-02,3.324983620252900535e-02
1.071367655144820019e+05,-1.229624938964843750e+01,3.135391235351562500e+00,1.622806861638135048e-02,3.374242678453402006e-02
1.071368156515979936e+05,-9.824081420898437500e+00,1.035185241699218750e+01,2.269727721920003494e-02,3.427688404587332649e-02
1.071368654563650052e+05,-4.781997680664062500e+00,1.700825500488281250e+01,3.096991891494045579e-02,3.478534259764252956e-02
1.071369153835379984e+05,2.817794799804687500e+00,2.263558959960937500e+01,4.062172276194596365e-02,3.474172548260744120e-02
1.071369653340249934e+05,1.319569396972656250e+01,2.686277008056640625e+01,5.154667925836416142e-02,3.368977038602949392e-02
1.071370153922530008e+05,2.180026245117187500e+01,2.990214538574218750e+01,5.954091795052829372e-02,3.177173329091435849e-02
1.071370653273710050e+05,2.857977294921875000e+01,3.085603332519531250e+01,6.338998363837482219e-02,2.840576550890309276e-02
1.071371152929689997e+05,3.443839263916015625e+01,3.182084655761718750e+01,6.426686428584703348e-02,2.540344798343807317e-02
1.071371651510499942e+05,3.812329864501953125e+01,3.028698730468750000e+01,6.225081924259816962e-02,2.122244589808160165e-02
1.071372152897399938e+05,4.004098510742187500e+01,2.548360443115234375e+01,5.823683070322729222e-02,1.459268365841363997e-02
1.071372652859869995e+05,4.019549560546875000e+01,1.981715393066406250e+01,5.305653305687260679e-02,7.509133537454765889e-03
1.071373152266410034e+05,3.916753387451171875e+01,1.071121215820312500e+01,4.770032583768671341e-02,-1.471262641530725335e-03
1.071373651403880067e+05,3.773410034179687500e+01,3.927482604980468750e+00,4.324149519642759426e-02,-7.624866576455044398e-03
1.071374151272460003e+05,3.685530853271484375e+01,-7.097206115722656250e+00,4.074164097264056095e-02,-1.534355717071703672e-02
1.071374652195480012e+05,3.309602355957031250e+01,-1.448793029785156250e+01,3.715121153822788930e-02,-1.940422064052655521e-02
1.071375151170729951e+05,2.946414184570312500e+01,-2.430027770996093750e+01,3.391433807313894155e-02,-2.367436756898379929e-02
1.071375652590959944e+05,2.538073730468750000e+01,-2.957955932617187500e+01,3.102037393983087324e-02,-2.369424996718672710e-02
1.071376151419359958e+05,2.086915588378906250e+01,-3.471495056152343750e+01,2.837993038953365993e-02,-2.227126115556608832e-02
1.071376650777759933e+05,1.334677124023437500e+01,-3.666375732421875000e+01,2.351492324141599838e-02,-1.819906484971585761e-02
1.071377148340610001e+05,5.917587280273437500e+00,-3.716484069824218750e+01,1.845991824191799829e-02,-1.296589801820652484e-02
1.071377650256769994e+05,-2.419357299804687500e+00,-3.629838562011718750e+01,1.322210976660757875e-02,-7.394418674521965884e-03
1.071378152398109960e+05,-1.177026367187500000e+01,-3.440991210937500000e+01,7.686938597159888309e-03,-2.182972580338873782e-03
1.071378649641329976e+05,-2.137287902832031250e+01,-3.156355285644531250e+01,2.404384382788012087e-03,2.469970248203170841e-03
1.071379150079719984e+05,-2.880017089843750000e+01,-2.718499755859375000e+01,-3.052586861190739742e-04,7.240281831527724601e-03
1.071379649786450027e+05,-3.607926940917968750e+01,-2.464300537109375000e+01,-1.747422122825401103e-03,9.484270111758709432e-03
1.071380149642059987e+05,-4.123928833007812500e+01,-2.149107360839843750e+01,-1.046070761274126709e-03,1.075461667567855634e-02
1.071380648995270021e+05,-4.400000000000000000e+01,-1.800000000000000000e+01,2.033462979459034481e-03,1.176360290668753902e-02
1.071381149773840007e+05,-4.511958312988281250e+01,-1.428442382812500000e+01,6.516339398035409652e-03,1.280129200425151464e-02
1.071381648390579940e+05,-4.428587341308593750e+01,-1.045793151855468750e+01,1.200926792857426838e-02,1.392827389767389845e-02
1.071382149924700061e+05,-4.113323974609375000e+01,-9.169265747070312500e+00,1.859953963785947531e-02,1.277121439776708264e-02
1.071382649034950009e+05,-3.647253417968750000e+01,-7.008239746093750000e+00,2.548507210265846257e-02,1.178148318714801468e-02
1.071383149529079965e+05,-2.992033386230468750e+01,-4.842369079589843750e+00,3.272154545755102950e-02,1.122870014982614226e-02
1.071383648748220003e+05,-2.314553833007812500e+01,-2.869987487792968750e+00,3.891782791006055675e-02,1.096805596241842359e-02
1.071384148039019929e+05,-1.434336853027343750e+01,-1.807403564453125000e-02,4.537812996859292430e-02,1.180940485372183879e-02
1.071384646339280007e+05,-5.957748413085937500e+00,1.957748413085937500e+00,5.059303390401995171e-02,1.233751736235520063e-02
1.071385146379890066e+05,2.915588378906250000e+00,4.877067565917968750e+00,5.499971630214317564e-02,1.358618436687444864e-02
1.071385648259190057e+05,1.238072204589843750e+01,7.606346130371093750e+00,5.913782388234775644e-02,1.488684828874933808e-02
1.071386155152910069e+05,2.182008361816406250e+01,1.042279052734375000e+01,6.277971175029449513e-02,1.617345874543966999e-02
1.071386644446190039e+05,3.097932434082031250e+01,1.110826873779296875e+01,6.603214358638517800e-02,1.553174796392010372e-02
1.071387163563329959e+05,3.835948944091796875e+01,1.159931182861328125e+01,6.700671706381644555e-02,1.398741529337543116e-02
1.071387644333159988e+05,4.444827270507812500e+01,1.201724243164062500e+01,6.693502348600754992e-02,1.263322806486972052e-02
1.071388143568219966e+05,4.909838104248046875e+01,1.175341796875000000e+01,6.523210764452332111e-02,1.101837942782938999e-02
1.071388688978129940e+05,5.235755920410156250e+01,1.041860198974609375e+01,6.203057668736258745e-02,8.662284409750364844e-03
1.071389189105039986e+05,5.449105072021484375e+01,8.276214599609375000e+00,5.919920249389509087e-02,5.954803261497895218e-03
1.071389682643669948e+05,5.501488494873046875e+01,5.667221069335937500e+00,5.581635448441610303e-02,3.151057048990858755e-03
1.071390180867070012e+05,5.441056823730468750e+01,2.532844543457031250e+00,5.214056896409924313e-02,3.300847320837838050e-04
1.071390681423420028e+05,5.313725280761718750e+01,-1.000000000000000000e+00,4.877630582766946665e-02,-2.379994444768189152e-03
1.071391180027929950e+05,5.092646789550781250e+01,-6.073532104492187500e+00,4.561079383849953039e-02,-6.018980746021793116e-03
1.071391677886340040e+05,4.875363922119140625e+01,-1.155148315429687500e+01,4.330608510824028590e-02,-9.917954690120845546e-03
1.071392176927330001e+05,4.427027130126953125e+01,-1.672973632812500000e+01,3.984207637759415443e-02,-1.314039904726506391e-02
1.071392681310879998e+05,4.085168457031250000e+01,-2.053565979003906250e+01,3.749393349327123648e-02,-1.445640500782717150e-02
1.071393183129810059e+05,3.617337036132812500e+01,-2.426130676269531250e+01,3.496588330794866972e-02,-1.491442070583043865e-02
1.071393678880450025e+05,3.122903442382812500e+01,-2.601681518554687500e+01,3.247091800343690493e-02,-1.351641525161917379e-02
1.071394179807170003e+05,2.409625244140625000e+01,-2.485775756835937500e+01,2.835020058576684376e-02,-9.232052035299028597e-03
1.071394680844069953e+05,1.469966125488281250e+01,-2.466894531250000000e+01,2.209985963395277170e-02,-5.625766574205504252e-03
1.071395179796729935e+05,4.000000000000000000e+00,-2.100000000000000000e+01,1.465434772143846959e-02,-1.474455824526741538e-04
1.071395679740680062e+05,-7.500000000000000000e+00,-1.800000000000000000e+01,7.021860819268817278e-03,4.400030086870725110e-03
1.071396186220870004e+05,-1.898899841308593750e+01,-1.529461669921875000e+01,3.769973499847950604e-04,7.330808244782815834e-03
1.071396681104489980e+05,-2.799159240722656250e+01,-9.430908203125000000e+00,-2.963853850514341914e-03,1.184151297194550173e-02
1.071397183940079994e+05,-3.639508056640625000e+01,-6.498558044433593750e+00,-4.259266238869532928e-03,1.367845674099276744e-02
1.071397681907749939e+05,-4.205352783203125000e+01,-1.674270629882812500e-01,-2.665330670953772185e-03,1.717761117907356735e-02
1.071398180809479964e+05,-4.542037963867187500e+01,4.635704040527343750e+00,1.271947460039030142e-03,1.961299125938431240e-02
1.071398678385300009e+05,-4.664797973632812500e+01,7.680496215820312500e+00,6.764150788464977360e-03,1.979932138917054468e-02
1.071399178307020047e+05,-4.452746582031250000e+01,1.200823974609375000e+01,1.436231751219468195e-02,2.034851926940116351e-02
1.071399678093560069e+05,-4.018193054199218750e+01,1.386125946044921875e+01,2.300949238849170353e-02,1.905489300778583084e-02
1.071400181735069928e+05,-3.295089721679687500e+01,1.421315002441406250e+01,3.277080575578970173e-02,1.609180608229543452e-02
1.071400688535639929e+05,-2.450000000000000000e+01,1.350000000000000000e+01,4.211149898259560626e-02,1.224315644002848223e-02
1.071401181619450072e+05,-1.442813110351562500e+01,1.374774169921875000e+01,5.099049223839131895e-02,9.883233816645093511e-03
1.071401679382489965e+05,-3.775253295898437500e+00,1.509071350097656250e+01,5.866146637090081939e-02,9.714486150959886560e-03
1.071402177528479951e+05,7.000000000000000000e+00,1.500000000000000000e+01,6.483122809333390080e-02,9.388639192527092198e-03
1.071402674896889948e+05,1.740345764160156250e+01,1.690634155273437500e+01,6.932343068223914551e-02,1.089388125384633393e-02
1.071403173687889939e+05,2.726217651367187500e+01,1.777715301513671875e+01,7.228400078227986691e-02,1.207864237571527194e-02
1.071403684618789994e+05,3.505149841308593750e+01,1.653086853027343750e+01,7.260678669396115892e-02,1.104267536697195115e-02
1.071404181494609948e+05,4.224990844726562500e+01,1.720178222656250000e+01,7.213945416939689104e-02,1.102571927153559589e-02
1.071404672031590017e+05,4.909316253662109375e+01,1.819575500488281250e+01,7.175731161090584398e-02,1.180898746426258493e-02
1.071405170714800042e+05,5.500000000000000000e+01,1.926087188720703125e+01,7.114403410287280238e-02,1.292578462534104376e-02
1.071405670939120027e+05,5.973256683349609375e+01,1.981492614746093750e+01,7.015215121692086608e-02,1.360167935899238463e-02
1.071406172540090047e+05,6.359835815429687500e+01,2.089344024658203125e+01,6.896514296374513242e-02,1.449100236354735824e-02
1.071406670855900011e+05,6.700000000000000000e+01,2.200000000000000000e+01,6.806572407285720050e-02,1.542156896068556243e-02
1.071407169822629949e+05,6.901142883300781250e+01,2.322856903076171875e+01,6.666813981581143356e-02,1.639178346453066051e-02
1.071407669010289974e+05,6.950000000000000000e+01,2.550000000000000000e+01,6.438321022413989736e-02,1.823259480789235498e-02
1.071408173073100043e+05,6.947058868408203125e+01,2.715293884277343750e+01,6.201920917523129351e-02,1.967775468535846659e-02
1.071408669586699980e+05,6.936934661865234375e+01,2.782160949707031250e+01,6.040527306012617725e-02,1.993814684830103739e-02
1.071409169936200051e+05,6.800000000000000000e+01,2.850000000000000000e+01,5.848650826192823560e-02,1.974981733093487610e-02
1.071409670970129955e+05,6.629476165771484375e+01,2.989737701416015625e+01,5.673362037231350491e-02,2.019945255959844713e-02
1.071410171289999998e+05,6.330783081054687500e+01,3.213084411621093750e+01,5.440478582552991937e-02,2.175045641026801535e-02
1.071410675798180018e+05,5.931609344482421875e+01,3.468390655517578125e+01,5.145706388757754352e-02,2.392971789814433980e-02
1.071411169255319983e+05,5.522517395019531250e+01,3.699290466308593750e+01,4.878911564393922928e-02,2.593064697992168710e-02
1.071411684483040008e+05,5.157746124267578125e+01,3.757746124267578125e+01,4.710382617708118447e-02,2.603157908495619052e-02
1.071412169403769949e+05,4.458541870117187500e+01,3.815053558349609375e+01,4.323761049103820586e-02,2.557918658401142978e-02
1.071412676616920071e+05,3.743392944335937500e+01,3.759043884277343750e+01,3.867803211838682226e-02,2.399842943911313642e-02
1.071413167801300006e+05,2.921272277832031250e+01,3.749935913085937500e+01,3.370193211100921959e-02,2.291684172050542298e-02
1.071413668664870056e+05,2.108952331542968750e+01,3.767668151855468750e+01,2.923973570518974274e-02,2.258703011274001970e-02
1.071414168039749929e+05,1.133644104003906250e+01,3.966444396972656250e+01,2.416501935323865646e-02,2.443068736437437743e-02
1.071414664822049963e+05,8.625946044921875000e-01,4.057251739501953125e+01,1.871245623433562266e-02,2.604238924941219835e-02
1.071415166081539937e+05,-9.245162963867187500e+00,4.140322875976562500e+01,1.400538564612826414e-02,2.727358568238782283e-02
1.071415669842310017e+05,-1.738629150390625000e+01,4.245484924316406250e+01,1.181545412694944008e-02,2.843142140093341333e-02
1.071416172295680008e+05,-2.421739196777343750e+01,4.339130401611328125e+01,1.175446281069991022e-02,2.937827763254126368e-02
1.071416669480760029e+05,-2.750000000000000000e+01,4.450000000000000000e+01,1.513729390615720094e-02,3.035473662490940222e-02
1.071417170715259999e+05,-2.897630310058593750e+01,4.301805877685546875e+01,2.047069726426229558e-02,2.897986079196038234e-02
1.071417673028809950e+05,-2.642843627929687500e+01,4.173790740966796875e+01,2.875872843309170562e-02,2.715231137259666028e-02
1.071418171013149986e+05,-2.288706970214843750e+01,3.758237457275390625e+01,3.722242423426751212e-02,2.304867964270650160e-02
1.071418668258779944e+05,-1.700000000000000000e+01,3.400000000000000000e+01,4.596017274165103278e-02,1.928236360020560772e-02
1.071419165068300063e+05,-9.972076416015625000e+00,3.049938964843750000e+01,5.408043916109966931e-02,1.648235676649510706e-02
1.071419669415920071e+05,-2.338577270507812500e+00,2.663385772705078125e+01,6.094520636997307478e-02,1.430197811634268193e-02
1.071420165895450045e+05,4.489364624023437500e+00,2.439361572265625000e+01,6.547944723501401831e-02,1.416993937677576282e-02
1.071420664505699970e+05,1.253047180175781250e+01,2.038513946533203125e+01,6.943088546211094447e-02,1.325557213176702456e-02
1.071421164450939978e+05,1.975473022460937500e+01,1.601968383789062500e+01,7.204604690287502722e-02,1.169375132772570991e-02
1.071421662044719997e+05,2.600000000000000000e+01,1.413333129882812500e+01,7.317687547825355021e-02,1.217496349960772717e-02
1.071422159076840035e+05,3.115577697753906250e+01,1.344493865966796875e+01,7.292832962561364429e-02,1.437278084072464088e-02
1.071422660445960064e+05,3.545626831054687500e+01,1.443698120117187500e+01,7.177917411270923198e-02,1.828193225044455472e-02
1.071423163402659993e+05,3.760836029052734375e+01,1.609442901611328125e+01,6.901780105429466960e-02,2.268928796218665916e-02
1.071423663666229986e+05,3.769191741943359375e+01,1.976936340332031250e+01,6.468420255048445977e-02,2.819034639639118184e-02
1.071424157402819983e+05,3.620764923095703125e+01,2.603005218505859375e+01,5.947923240718571564e-02,3.542543568587846331e-02
1.071424659048790054e+05,3.100390625000000000e+01,3.162458801269531250e+01,5.171092751235363549e-02,4.157185534850731806e-02
1.071425158725520014e+05,2.482647705078125000e+01,3.537567138671875000e+01,4.365952134793574246e-02,4.462187518661273750e-02
1.071425664154050028e+05,1.697009277343750000e+01,3.697008514404296875e+01,3.553056573713053723e-02,4.399586828940282163e-02
1.071426159909879934e+05,7.000000000000000000e+00,3.826415252685546875e+01,2.699161588282302654e-02,4.200537949347697003e-02
1.071426659721239994e+05,-4.220016479492187500e+00,3.794840240478515625e+01,1.845378789315110790e-02,3.860684634294721945e-02
1.071427161070540024e+05,-1.732574462890625000e+01,3.835298156738281250e+01,9.518544530139345927e-03,3.617811593029167383e-02
1.071427665416859963e+05,-3.086904907226562500e+01,3.594992828369140625e+01,1.231234125361468923e-03,3.237480187361298223e-02
1.071428164743959933e+05,-4.268901062011718750e+01,3.203041839599609375e+01,-4.318244219071294687e-03,2.752253068352632226e-02
1.071428661043309985e+05,-5.450000000000000000e+01,2.800000000000000000e+01,-8.409099335387443253e-03,2.309603341449978711e-02
1.071429161710019980e+05,-6.443460083007812500e+01,2.297138977050781250e+01,-1.018627480279219594e-02,1.880615910155495826e-02
1.071429665591160010e+05,-7.174778747558593750e+01,1.553041839599609375e+01,-9.049132712149292324e-03,1.318916420482132978e-02
1.071430167464359984e+05,-7.682339477539062500e+01,7.561927795410156250e+00,-5.726476488109689261e-03,7.426151727124939012e-03
1.071430665853130049e+05,-8.022377014160156250e+01,-1.220283508300781250e+00,-1.455464995799619909e-03,1.701287471525481099e-03
1.071431161881919979e+05,-8.186454772949218750e+01,-1.042630004882812500e+01,3.227109516390533339e-03,-3.663496165376280839e-03
1.071431661804199975e+05,-8.151765441894531250e+01,-1.883697509765625000e+01,8.384186403160347190e-03,-7.542203917473816466e-03
1.071432160733890050e+05,-7.803080749511718750e+01,-2.813552856445312500e+01,1.506382889322193525e-02,-1.129688479214348285e-02
1.071432662162829947e+05,-7.584831237792968750e+01,-3.502247619628906250e+01,1.960470612924825051e-02,-1.266465642948510009e-02
1.071433168583390070e+05,-6.850318908691406250e+01,-4.204267883300781250e+01,2.666113269287897700e-02,-1.334836233715348472e-02
1.071433664714589977e+05,-6.146838378906250000e+01,-5.271400451660156250e+01,3.310175139176918524e-02,-1.757717961428765033e-02
1.071434162274109985e+05,-5.076376342773437500e+01,-6.127293395996093750e+01,4.127699755251726388e-02,-2.132583669861821615e-02
1.071434658424929949e+05,-4.056646728515625000e+01,-6.618882751464843750e+01,4.838113132850267034e-02,-2.152719149628174247e-02
1.071435161054600030e+05,-3.278698730468750000e+01,-7.168925476074218750e+01,5.167440676732040772e-02,-2.117749963274091415e-02
1.071435658716339967e+05,-2.014347839355468750e+01,-7.647825622558593750e+01,5.740675125876794349e-02,-2.070465719282930245e-02
1.071436175090909965e+05,-1.192379760742187500e+01,-7.864216613769531250e+01,5.936653720049306360e-02,-1.836799130243289835e-02
1.071436655514989980e+05,-5.043258666992187500e+00,-8.056185913085937500e+01,5.920837341657345099e-02,-1.627678362255353950e-02
1.071437157170970022e+05,5.282745361328125000e-01,-8.040383911132812500e+01,5.697379588386809052e-02,-1.316744979619018444e-02
1.071437654326780030e+05,6.034362792968750000e+00,-7.916165161132812500e+01,5.491783456696788801e-02,-9.673828410858847579e-03
1.071438156373490056e+05,9.666748046875000000e+00,-7.684048461914062500e+01,5.206497381327063884e-02,-6.042242134509353060e-03
1.071438658854639943e+05,1.260011291503906250e+01,-7.308580017089843750e+01,4.924440806580512864e-02,-2.036356167041081938e-03
1.071439163550030062e+05,1.386239624023437500e+01,-6.822985839843750000e+01,4.584675972252701820e-02,2.168177634185190772e-03
1.071439659091979993e+05,1.362873840332031250e+01,-6.151600646972656250e+01,4.190860551315742782e-02,7.241434625339873352e-03
1.071440167071790056e+05,1.075993347167968750e+01,-5.676152038574218750e+01,3.620531723977240407e-02,9.935679944734741170e-03
1.071440663255760010e+05,9.050796508789062500e+00,-4.810449218750000000e+01,3.214962583211411484e-02,1.467860875033459057e-02
1.071441158806040039e+05,6.931762695312500000e+00,-3.729901123046875000e+01,2.922653476539575565e-02,2.152738253777620320e-02
1.071441655508889962e+05,3.268661499023437500e+00,-2.898507690429687500e+01,2.597265223801572404e-02,2.605080966753758540e-02
1.071442154643029935e+05,-1.370132446289062500e+00,-1.923670959472656250e+01,2.223991707778857560e-02,3.024376133725379528e-02
1.071442659032319934e+05,-5.125549316406250000e+00,-7.582725524902343750e+00,1.967282047831522482e-02,3.555855549808451671e-02
1.071443156093129946e+05,-1.100000000000000000e+01,2.000000000000000000e+00,1.604809737217603380e-02,3.909136240260446815e-02
1.071443655967079976e+05,-1.467405700683593750e+01,1.202876281738281250e+01,1.432869902999197448e-02,4.205004597350731066e-02
1.071444152599380031e+05,-1.617195129394531250e+01,2.262081146240234375e+01,1.546325072025731689e-02,4.534501631434783436e-02
1.071444656007750018e+05,-1.726470947265625000e+01,3.089705657958984375e+01,1.776225508576618692e-02,4.663811525065270774e-02
1.071445150977099984e+05,-1.592054748535156250e+01,4.251396942138671875e+01,2.201289156893240784e-02,5.055477766931106010e-02
1.071445653316959942e+05,-1.353669738769531250e+01,4.900574493408203125e+01,2.703860097686679176e-02,5.089855838783489961e-02
1.071446150210549968e+05,-1.100000000000000000e+01,5.350000000000000000e+01,3.143690710234038621e-02,4.855584678920896180e-02
1.071446655800010049e+05,-5.966567993164062500e+00,5.474071502685546875e+01,3.685570781508186455e-02,4.306104681025146874e-02
1.071447150018819957e+05,-6.277008056640625000e-01,5.343165588378906250e+01,4.202852416242659067e-02,3.572529159535348803e-02
1.071447649569990026e+05,4.347610473632812500e+00,5.065940093994140625e+01,4.583795490596338090e-02,2.802342702010366879e-02
1.071448146685060055e+05,8.051742553710937500e+00,4.683413696289062500e+01,4.740445932729843437e-02,2.108620326477379098e-02
1.071448647434930026e+05,1.075000000000000000e+01,4.068750000000000000e+01,4.697513381505027258e-02,1.392469274710986596e-02
1.071449150229969964e+05,1.260957336425781250e+01,3.343828582763671875e+01,4.526134889761484342e-02,7.124393743210204882e-03
1.071449649032070010e+05,1.397966003417968750e+01,2.531556701660156250e+01,4.318107118673574635e-02,9.371622044762988046e-04
1.071450153956529975e+05,1.300000000000000000e+01,1.700000000000000000e+01,3.941081175776556950e-02,-4.144333691927241242e-03
1.071450659450069943e+05,1.199450683593750000e+01,6.807693481445312500e+00,3.581589756665992663e-02,-9.716448036776036135e-03
1.071451151412030013e+05,9.672531127929687500e+00,-1.938140869140625000e+00,3.201186383025386023e-02,-1.366308101155560076e-02
1.071451650913199992e+05,6.669967651367187500e+00,-8.583007812500000000e+00,2.818419708937814488e-02,-1.468465903444942863e-02
1.071452150054749945e+05,2.455581665039062500e+00,-1.493016052246093750e+01,2.403442878878716063e-02,-1.443749173194216681e-02
1.071452649769069976e+05,-2.649154663085937500e+00,-1.936231994628906250e+01,1.965322999260827111e-02,-1.249306521219274366e-02
1.071453149996709981e+05,-8.988098144531250000e+00,-2.346466064453125000e+01,1.475555675808584710e-02,-1.037585697578841115e-02
1.071453649837510020e+05,-1.542835998535156250e+01,-2.469850158691406250e+01,1.024996586736719173e-02,-6.507760202316321269e-03
1.071454149044980004e+05,-2.358589172363281250e+01,-2.496563720703125000e+01,4.950727632380119009e-03,-2.142911875973324207e-03
1.071454650727800035e+05,-3.185951232910156250e+01,-2.304682922363281250e+01,-1.586685687453986970e-04,3.244598632111868504e-03
1.071455145676039974e+05,-4.100000000000000000e+01,-2.000000000000000000e+01,-5.442520651517956942e-03,8.795886989517137655e-03
1.071455647741830035e+05,-4.911021423339843750e+01,-1.759196472167968750e+01,-9.365466895979425443e-03,1.267466810581100237e-02
1.071456145293199952e+05,-5.511111450195312500e+01,-1.427777099609375000e+01,-1.061903001758593770e-02,1.582301527848543540e-02
1.071456645840099955e+05,-5.945336914062500000e+01,-1.077598571777343750e+01,-9.536664062727566449e-03,1.824228280937188751e-02
1.071457143512579933e+05,-6.227299499511718750e+01,-6.902076721191406250e+00,-6.882755266080880369e-03,2.032130303016637177e-02
1.071457646155770053e+05,-6.340393066406250000e+01,-4.028816223144531250e+00,-3.052351779805222154e-03,2.108045152081525556e-02
1.071458151212639932e+05,-6.200000000000000000e+01,-5.000000000000000000e-01,2.349911059000954830e-03,2.186126768761170042e-02
1.071458659077079938e+05,-5.927272033691406250e+01,1.090911865234375000e+00,8.186635126923804198e-03,2.095029654528231949e-02
1.071459145865379978e+05,-5.490908813476562500e+01,3.969696044921875000e+00,1.418211771944442867e-02,2.093272593114464328e-02
1.071459664522340026e+05,-4.968055725097656250e+01,6.194442749023437500e+00,1.971105991891197728e-02,2.073425334613047955e-02
1.071460155376909970e+05,-4.351239013671875000e+01,7.447196960449218750e+00,2.481153970955041199e-02,2.000025791622046453e-02
1.071460654968629970e+05,-3.681201171875000000e+01,8.953002929687500000e+00,2.920209175964022172e-02,1.945403115163075319e-02
1.071461146983000071e+05,-2.933544921875000000e+01,1.055311584472656250e+01,3.335186947009494141e-02,1.938138886637695568e-02
1.071461647235279961e+05,-2.194203186035156250e+01,1.195652008056640625e+01,3.668634836204145294e-02,1.945489021346035255e-02
1.071462147257369943e+05,-1.320454406738281250e+01,1.391818237304687500e+01,4.053558684870804674e-02,2.022340471612768878e-02
1.071462649606490013e+05,-4.335113525390625000e+00,1.630100250244140625e+01,4.433479118710660638e-02,2.165120736331263909e-02
1.071463149085250043e+05,5.481719970703125000e+00,1.709179687500000000e+01,4.867870594280077068e-02,2.181262125916677563e-02
1.071463639339450019e+05,1.623022460937500000e+01,2.164643859863281250e+01,5.382531957650124599e-02,2.486593977584809420e-02
1.071464141418009967e+05,2.727111816406250000e+01,2.203545379638671875e+01,5.899175698305803017e-02,2.505376921239362703e-02
1.071464641312699969e+05,3.732405853271484375e+01,2.240378570556640625e+01,6.295756872994756614e-02,2.406935524538530644e-02
1.071465138741470000e+05,4.534651947021484375e+01,2.296762847900390625e+01,6.447551439844551036e-02,2.308913362722332316e-02
1.071465636791730067e+05,5.296968841552734375e+01,2.112931823730468750e+01,6.490641875606742439e-02,2.030094834477497168e-02
1.071466138839920022e+05,5.910623168945312500e+01,1.754551696777343750e+01,6.408410490677224347e-02,1.577399691065087262e-02
1.071466637356650026e+05,6.449149322509765625e+01,1.344612121582031250e+01,6.293439302436616700e-02,1.096140691476030389e-02
1.071467147372379986e+05,6.747652435302734375e+01,8.793624877929687500e+00,6.018855015898570693e-02,6.431599587637042842e-03
1.071467646395769989e+05,7.026728820800781250e+01,1.149238586425781250e+00,5.787278525883125108e-02,1.695082414504799073e-04
1.071468140332909970e+05,7.134255981445312500e+01,-5.132911682128906250e+00,5.514297364043874855e-02,-4.676119063693168210e-03
1.071468638174829975e+05,6.970231628417968750e+01,-1.118598937988281250e+01,5.069951795813715245e-02,-8.015603029570439464e-03
1.071469138585259934e+05,6.654545593261718750e+01,-1.848484802246093750e+01,4.534441894380630139e-02,-1.145959186572893286e-02
1.071469641307699931e+05,6.239266967773437500e+01,-2.210209655761718750e+01,3.999055981059927711e-02,-1.137451424629343927e-02
1.071470150299170054e+05,5.556811523437500000e+01,-2.331887817382812500e+01,3.344183250740130620e-02,-7.915218934229587694e-03
1.071470656879549933e+05,4.874324035644531250e+01,-2.594490051269531250e+01,2.772219653891955238e-02,-5.339952303816550283e-03
1.071471126584640006e+05,4.050744628906250000e+01,-2.762702941894531250e+01,2.202285251309441666e-02,-3.414376289039450577e-03
1.071471615176449995e+05,3.182116699218750000e+01,-2.489819335937500000e+01,1.664144535964118266e-02,1.578972645459208318e-03
1.071472099094949954e+05,2.331329345703125000e+01,-2.485433959960937500e+01,1.238850718394095968e-02,4.487190774625410099e-03
1.071472595751509944e+05,1.366667175292968750e+01,-2.566667175292968750e+01,8.165613424115689134e-03,4.994178629974853692e-03
1.071473097170450055e+05,5.603973388671875000e+00,-2.287614440917968750e+01,5.840192298354154876e-03,7.395827719835254555e-03
1.071473599209189997e+05,-3.997192382812500000e-01,-2.125474548339843750e+01,6.199328984157037592e-03,9.113328139870082931e-03
1.071474098099630064e+05,-5.500274658203125000e+00,-1.887013244628906250e+01,7.948986757394367608e-03,1.084740847751972451e-02
1.071474599185599945e+05,-9.262039184570312500e+00,-1.755480957031250000e+01,1.068393917244435387e-02,1.131086198446501837e-02
1.071475100485650037e+05,-1.160203552246093750e+01,-1.639796447753906250e+01,1.414481052231626387e-02,1.101437994864878922e-02
1.071475599353120051e+05,-1.181460571289062500e+01,-1.484606933593750000e+01,1.874041528451402330e-02,1.085665407715881957e-02
1.071476103425369947e+05,-1.145803833007812500e+01,-1.433712768554687500e+01,2.317427477727017349e-02,9.904252597017295517e-03
1.071476600642480043e+05,-9.210739135742187500e+00,-1.356611633300781250e+01,2.811149400330498205e-02,9.098171895870489287e-03
1.071477098004410072e+05,-5.638702392578125000e+00,-1.175657653808593750e+01,3.335451593395638570e-02,9.476074521911717966e-03
1.071477596880399942e+05,-3.039566040039062500e+00,-1.143484497070312500e+01,3.682516750751830409e-02,9.026757543078004278e-03
1.071478097710080037e+05,8.221130371093750000e-01,-1.026615905761718750e+01,3.999183116361984536e-02,9.072660385193158372e-03
1.071478594701630063e+05,3.340759277343750000e+00,-1.021531677246093750e+01,4.134800369177451390e-02,8.378539875583930832e-03
1.071479096210199932e+05,6.259735107421875000e+00,-9.347396850585937500e+00,4.210143810233935718e-02,8.223333797562834557e-03
1.071479596761919966e+05,9.513626098632812500e+00,-9.020431518554687500e+00,4.295658696660432235e-02,7.889573381764700133e-03
1.071480095853459934e+05,1.194947814941406250e+01,-8.649826049804687500e+00,4.316776032500203863e-02,7.593391498880474808e-03
1.071480594038160052e+05,1.490141296386718750e+01,-7.901405334472656250e+00,4.371283717714088274e-02,7.719151136951255508e-03
1.071481093698400073e+05,1.658755493164062500e+01,-7.168205261230468750e+00,4.337193981485207295e-02,8.004839679578663880e-03
1.071481592013470072e+05,1.788504028320312500e+01,-6.509452819824218750e+00,4.256433173899241973e-02,8.253460149433324011e-03
1.071482093085369997e+05,1.957061767578125000e+01,-5.874290466308593750e+00,4.221684090408232837e-02,8.424703248708318229e-03
1.071482591837840009e+05,2.055172729492187500e+01,-5.896553039550781250e+00,4.171398342567890494e-02,7.963806622545772235e-03
1.071483104515949963e+05,2.147911071777343750e+01,-4.335380554199218750e+00,4.127933480728754323e-02,8.727038114620491380e-03
1.071483591920540057e+05,2.144815063476562500e+01,-3.902671813964843750e+00,4.039789358836460426e-02,8.943621232077383909e-03
1.071484097329450015e+05,2.100000000000000000e+01,-3.099998474121093750e+00,3.902995758725295861e-02,9.178637513071895640e-03
1.071484590227890003e+05,2.079641723632812500e+01,-2.268249511718750000e+00,3.816435395330153302e-02,9.471616167024432889e-03
1.071485089973690046e+05,2.003390502929687500e+01,-2.189262390136718750e+00,3.717796936257818097e-02,9.074125296175438934e-03
1.071485591121879988e+05,1.972546386718750000e+01,-1.844627380371093750e+00,3.681952514715156055e-02,8.717322106013652289e-03
1.071486090383609990e+05,1.865122985839843750e+01,-2.970809936523437500e+00,3.616551145063090500e-02,7.170022750368128597e-03
1.071486590447180060e+05,1.846377563476562500e+01,-4.085510253906250000e+00,3.629538828125888211e-02,5.405806119174795012e-03
1.071487090127050033e+05,1.742817687988281250e+01,-5.348068237304687500e+00,3.600617007991448876e-02,3.752903594808457838e-03
1.071487589381559956e+05,1.650000000000000000e+01,-6.000000000000000000e+00,3.567148490149908702e-02,2.985533089642577499e-03
1.071488090720119944e+05,1.608076477050781250e+01,-6.294464111328125000e+00,3.582507514540825277e-02,3.035581289861628493e-03
1.071488589551479963e+05,1.428796386718750000e+01,-7.291839599609375000e+00,3.493994213641173074e-02,2.749904268020923227e-03
1.071489088200440019e+05,1.335937500000000000e+01,-6.132812500000000000e+00,3.449205854680401084e-02,4.219480557029113219e-03
1.071489590814550029e+05,1.095974731445312500e+01,-6.723739624023437500e+00,3.298612387179439276e-02,4.580986118800240911e-03
1.071490088128509960e+05,9.374755859375000000e+00,-6.432403564453125000e+00,3.199720698110133932e-02,5.106282724537889936e-03
1.071490588332079933e+05,6.421051025390625000e+00,-6.578948974609375000e+00,3.012177930699262360e-02,5.177810349584500808e-03
1.071491088233990013e+05,4.000000000000000000e+00,-6.500000000000000000e+00,2.861466334801938613e-02,5.209642216159642708e-03
1.071491589049229951e+05,2.000000000000000000e+00,-6.000000000000000000e+00,2.783487844176791431e-02,5.576197565267428102e-03
1.071492088097619999e+05,-5.362548828125000000e-01,-5.363075256347656250e+00,2.692882920370002348e-02,6.134626474214875495e-03
1.071492586628800054e+05,-4.082153320312500000e+00,-5.463485717773437500e+00,2.508471234288616597e-02,6.006290205424797898e-03
1.071493087754400040e+05,-6.741378784179687500e+00,-4.258621215820312500e+00,2.380664909966969875e-02,6.755409204592503075e-03
1.071493586748170055e+05,-1.013281250000000000e+01,-3.463737487792968750e+00,2.221345598608076566e-02,7.403530736517965720e-03
1.071494086323410011e+05,-1.400000000000000000e+01,-3.000000000000000000e+00,2.015470324743031533e-02,7.597111059606147417e-03
1.071494586303840042e+05,-1.845689392089843750e+01,-2.370689392089843750e+00,1.754486468641869995e-02,7.719823394954440469e-03
1.071495084872610023e+05,-2.307046508789062500e+01,-9.798660278320312500e-01,1.480844070871813883e-02,8.500327350730439713e-03
1.071495586870789994e+05,-2.840521240234375000e+01,-7.336425781250000000e-01,1.162901848440358460e-02,8.437077016344069619e-03
1.071496086229369976e+05,-3.377110290527343750e+01,6.809158325195312500e-01,8.535940328761607021e-03,9.094280918092067373e-03
1.071496585622020066e+05,-3.940361022949218750e+01,2.078315734863281250e+00,5.484978103072333383e-03,9.980981130219886838e-03
1.071497085415790061e+05,-4.466000366210937500e+01,3.540000915527343750e+00,2.999106391622971546e-03,1.091126464151394131e-02
1.071497587092119938e+05,-4.988859558105468750e+01,4.800521850585937500e+00,8.714447585718120004e-04,1.156456302566404894e-02
1.071498085535889986e+05,-5.443981933593750000e+01,5.309928894042968750e+00,-5.263641573138820584e-04,1.137891390965617422e-02
1.071498584524659964e+05,-6.048312377929687500e+01,4.558792114257812500e+00,-3.114498457081029542e-03,9.801013663973469001e-03
1.071499082703250024e+05,-6.449337768554687500e+01,3.407287597656250000e+00,-4.391787686930111179e-03,7.616287215214868726e-03
1.071499582858670037e+05,-6.600000000000000000e+01,2.000000000000000000e+00,-3.045921972234938435e-03,5.395035495152823539e-03
1.071500082064839953e+05,-6.493336486816406250e+01,8.300094604492187500e-01,1.072093503734895467e-03,3.817684490948486734e-03
1.071500583261930005e+05,-6.102005004882812500e+01,-6.097793579101562500e-01,7.795431267665601724e-03,2.573062847504851980e-03
1.071501083796419989e+05,-5.502131652832031250e+01,-3.574302673339843750e+00,1.593784736236413674e-02,3.042942617745830053e-04
1.071501583210370009e+05,-4.688261413574218750e+01,-7.144271850585937500e+00,2.486335776114365417e-02,-2.615556712303519771e-03
1.071502085282449989e+05,-3.688684082031250000e+01,-1.140255737304687500e+01,3.403720286333362932e-02,-5.995921577021010376e-03
1.071502591471530031e+05,-2.459091186523437500e+01,-1.398989868164062500e+01,4.370904998250527140e-02,-7.574738524336422502e-03
1.071503084698299936e+05,-1.276162719726562500e+01,-1.913288879394531250e+01,5.170193571832730484e-02,-1.055595602725468811e-02
1.071503583981700067e+05,-8.280487060546875000e-01,-2.317054748535156250e+01,5.786237195409846962e-02,-1.283987543509948481e-02
1.071504083476939995e+05,1.014479064941406250e+01,-2.418260192871093750e+01,6.174761134261726875e-02,-1.192570152990931470e-02
1.071504581294420059e+05,2.077432250976562500e+01,-2.385491943359375000e+01,6.424286488807985640e-02,-8.829982907443188409e-03
1.071505080815770052e+05,2.782392883300781250e+01,-2.443507385253906250e+01,6.311935235636115249e-02,-6.404471843649088211e-03
1.071505581725819939e+05,3.527278137207031250e+01,-2.344560241699218750e+01,6.164371579432668946e-02,-3.565660237805509235e-03
1.071506081624390063e+05,4.048611450195312500e+01,-2.031944274902343750e+01,5.903201177907538288e-02,6.621878861201141962e-04
1.071506578721139958e+05,4.479888153076171875e+01,-1.519253540039062500e+01,5.628557860810331354e-02,6.395913126810544302e-03
1.071507077414719970e+05,4.844110870361328125e+01,-1.187057495117187500e+01,5.394557058534758809e-02,1.009474373848080926e-02
1.071507592380590067e+05,5.009999847412109375e+01,-5.400001525878906250e+00,5.082458264190210795e-02,1.501063974461358357e-02
1.071508077598530072e+05,5.081017303466796875e+01,1.841407775878906250e+00,4.790168210871554449e-02,2.044134544132578113e-02
1.071508575641189964e+05,5.034992218017578125e+01,1.050594329833984375e+01,4.464249096531008876e-02,2.653483947908296531e-02
1.071509076280870067e+05,4.994455718994140625e+01,1.967207336425781250e+01,4.226071803149658579e-02,3.252616946538256643e-02
1.071509575226120069e+05,4.900000000000000000e+01,3.050000000000000000e+01,4.048485196765003874e-02,3.922233699997138695e-02
1.071510076259500056e+05,4.703191375732421875e+01,4.103191375732421875e+01,3.854269690647217639e-02,4.517082445508245614e-02
1.071510576217149937e+05,4.429412078857421875e+01,5.047058868408203125e+01,3.632042457822005910e-02,4.926130067210583718e-02
1.071511075606840022e+05,4.068987274169921875e+01,5.950000000000000000e+01,3.366870524856714619e-02,5.202997115448683429e-02
1.071511574590420059e+05,3.537342071533203125e+01,6.762658309936523438e+01,2.980293607340655376e-02,5.358397179212875949e-02
1.071512075154170016e+05,2.894366455078125000e+01,7.294366073608398438e+01,2.508252462395628782e-02,5.249327791424401174e-02
1.071512574260160036e+05,2.070071411132812500e+01,7.669533920288085938e+01,1.915143743061089449e-02,4.976578748398415714e-02
1.071513076462979952e+05,1.107243347167968750e+01,7.860438156127929688e+01,1.237319961892893727e-02,4.581233445494420353e-02
1.071513576788399951e+05,-8.116912841796875000e-01,7.800000000000000000e+01,4.213613666206331154e-03,4.046098958361787901e-02
1.071514075274759962e+05,-1.289167785644531250e+01,7.640733718872070312e+01,-3.604839706714636771e-03,3.513156479800168958e-02
1.071514576201839955e+05,-2.333224487304687500e+01,7.101322174072265625e+01,-8.812571246925755830e-03,2.779980665705386947e-02
1.071515072961550031e+05,-3.000000000000000000e+01,6.450000000000000000e+01,-9.136866152646885147e-03,2.025288207062359708e-02
1.071515572528460034e+05,-3.303157043457031250e+01,5.716658401489257812e+01,-4.604597920239730108e-03,1.341362905456123036e-02
1.071516076344600006e+05,-3.686659240722656250e+01,4.699491119384765625e+01,-7.931024914480458432e-05,5.673555237340824342e-03
1.071516573402820068e+05,-3.737973022460937500e+01,3.727745056152343750e+01,5.836115638390398930e-03,-7.541871477235173593e-04
1.071517072928989946e+05,-3.450000000000000000e+01,2.650000000000000000e+01,1.379564968338076181e-02,-6.605750660259139539e-03
1.071517574465520011e+05,-3.050000000000000000e+01,1.400000000000000000e+01,2.180406800848314758e-02,-1.299466886511424502e-02
1.071518073613729939e+05,-2.532940673828125000e+01,6.405334472656250000e-01,2.910385222531157098e-02,-1.969773546310775794e-02
1.071518575190620031e+05,-1.631240844726562500e+01,-9.266891479492187500e+00,3.804607216620396748e-02,-2.274729800547293720e-02
1.071519077916029928e+05,-5.775268554687500000e+00,-2.129963684082031250e+01,4.745289635005066342e-02,-2.611997014357252470e-02
1.071519573326859972e+05,3.311767578125000000e+00,-3.096029663085937500e+01,5.423431080533602788e-02,-2.772084482901138180e-02
1.071520075475600024e+05,1.173823547363281250e+01,-3.929058837890625000e+01,5.823829201450829440e-02,-2.768364925753900863e-02
1.071520574461590004e+05,1.802998352050781250e+01,-4.641708374023437500e+01,5.886589624501357282e-02,-2.664461003806560882e-02
1.071521070444820070e+05,2.207479858398437500e+01,-5.071653747558593750e+01,5.642075573725484350e-02,-2.360071004742632719e-02
1.071521570062840037e+05,2.369485473632812500e+01,-5.587017822265625000e+01,5.137068210198196538e-02,-2.161347783585488777e-02
1.071522118387539958e+05,2.519387817382812500e+01,-5.719387817382812500e+01,4.594455534192300877e-02,-1.716203847874402458e-02
1.071522616549090017e+05,2.456527709960937500e+01,-5.713081359863281250e+01,4.083239417227383511e-02,-1.238993096326201568e-02
1.071523109154569975e+05,2.215264892578125000e+01,-5.574336242675781250e+01,3.525073450413852838e-02,-7.618537270253203375e-03
1.071523609939059970e+05,1.802500915527343750e+01,-5.357632446289062500e+01,2.910037968911462561e-02,-3.318393660501296229e-03
1.071524109722629946e+05,1.387301635742187500e+01,-4.750190734863281250e+01,2.399085656982481024e-02,3.215386524443591618e-03
1.071524613294890005e+05,6.922286987304687500e+00,-4.175044250488281250e+01,1.779041274001624470e-02,9.103698660319500813e-03
1.071525109295889997e+05,-1.195999145507812500e+00,-3.426280212402343750e+01,1.112545675920952049e-02,1.512571876139091366e-02
1.071525610396679986e+05,-1.093617248535156250e+01,-2.653192138671875000e+01,3.809149574023847074e-03,2.037485848708221747e-02
1.071526109060260060e+05,-1.882061767578125000e+01,-1.463453674316406250e+01,-1.069414497270625153e-03,2.822418953188954305e-02
1.071526608110509987e+05,-2.834222412109375000e+01,-7.753532409667968750e+00,-5.825661139893814622e-03,3.159164236134719139e-02
1.071527112020539935e+05,-3.336454772949218750e+01,-5.378723144531250000e-02,-6.073926185150492485e-03,3.336974471629693129e-02
1.071527605206010048e+05,-3.658767700195312500e+01,8.053421020507812500e+00,-3.311776516707630458e-03,3.507938605506608770e-02
1.071528107098829933e+05,-3.669491577148437500e+01,1.678813934326171875e+01,2.576653413174943841e-03,3.738802473634532386e-02
1.071528605130560027e+05,-3.450000000000000000e+01,2.250000000000000000e+01,1.027271625814100107e-02,3.742242960642981620e-02
1.071529105888949998e+05,-2.907566833496093750e+01,2.803448486328125000e+01,1.981695634483997617e-02,3.675137955314714683e-02
1.071529610714519949e+05,-2.190036010742187500e+01,3.245268249511718750e+01,2.969870537835507182e-02,3.538507183124969813e-02
1.071530110269949946e+05,-1.231379699707031250e+01,3.767821502685546875e+01,3.989032914025560789e-02,3.525881283351659651e-02
1.071530602675800037e+05,-2.132034301757812500e+00,3.957057189941406250e+01,4.892653481037705088e-02,3.324170309392590617e-02
1.071531116194089991e+05,7.091964721679687500e+00,3.830185699462890625e+01,5.498146791150852752e-02,2.812272859240639439e-02
1.071531602900160069e+05,1.553144836425781250e+01,3.726140594482421875e+01,5.858303595176651835e-02,2.344775262445075031e-02
1.071532127997259959e+05,2.302185058593750000e+01,3.215932464599609375e+01,5.945846446630395632e-02,1.616332746341932539e-02
1.071532608946520049e+05,2.883584594726562500e+01,2.676528930664062500e+01,5.884173849464403167e-02,9.365531271140887376e-03
1.071533116080600012e+05,3.318775939941406250e+01,1.954875183105468750e+01,5.633597256922293073e-02,2.266183994283046260e-03
1.071533602434089989e+05,3.530461883544921875e+01,1.212874603271484375e+01,5.247440532522312101e-02,-3.822939858162906213e-03
1.071534107300220057e+05,3.539839935302734375e+01,5.666000366210937500e+00,4.705382562387169093e-02,-7.645645961913780791e-03
1.071534607856380026e+05,3.364433288574218750e+01,-1.644332885742187500e+00,4.090427792836781595e-02,-1.074814568842107770e-02
1.071535104261639935e+05,2.897538757324218750e+01,-9.580856323242187500e+00,3.330516140045357287e-02,-1.391760705142123036e-02
1.071535610396099946e+05,2.415687561035156250e+01,-1.611393737792968750e+01,2.647002907655283260e-02,-1.561179474883252899e-02
1.071536103346940072e+05,1.972760009765625000e+01,-1.982830810546875000e+01,2.177957472704840358e-02,-1.438100257776260722e-02
1.071536601968119940e+05,1.345393371582031250e+01,-2.184857177734375000e+01,1.715086663847417009e-02,-1.096837339313978983e-02
1.071537098738200002e+05,6.267150878906250000e+00,-2.322021484375000000e+01,1.246549403383060903e-02,-7.098369423816461299e-03
1.071537602748960053e+05,-5.325164794921875000e-01,-2.273577880859375000e+01,8.758781954763844579e-03,-2.426316521024778419e-03
1.071538100570139941e+05,-5.925201416015625000e+00,-1.971653747558593750e+01,7.131716410649403121e-03,3.632461405823025381e-03
1.071538605207570072e+05,-1.013734436035156250e+01,-1.651217651367187500e+01,7.457481119008454312e-03,9.154459902677851077e-03
1.071539104585780005e+05,-1.309205627441406250e+01,-1.302928161621093750e+01,9.298760741752894882e-03,1.350804286664126878e-02
1.071539604312500014e+05,-1.397868347167968750e+01,-8.941390991210937500e+00,1.291157987654226180e-02,1.705292053502727515e-02
1.071540098186859977e+05,-1.289131164550781250e+01,-4.804344177246093750e+00,1.801083452204878255e-02,1.972091949912825604e-02
1.071540600966149941e+05,-9.500000000000000000e+00,5.000000000000000000e-01,2.464365098297560328e-02,2.265031918686345735e-02
1.071541100356950046e+05,-4.927444458007812500e+00,5.087173461914062500e+00,3.158176172824179312e-02,2.473901346266247497e-02
1.071541597127400019e+05,3.500000000000000000e+00,9.500000000000000000e+00,4.069486306389159813e-02,2.615597070479378644e-02
1.071542099640030065e+05,1.260797119140625000e+01,1.406958770751953125e+01,4.973156759252653214e-02,2.738355500297568260e-02
1.071542594710669946e+05,2.224206542968750000e+01,1.764450073242187500e+01,5.772833709620125292e-02,2.776734837543370915e-02
1.071543094926460035e+05,2.980628967285156250e+01,1.785481262207031250e+01,6.218764716850274515e-02,2.494882707076755829e-02
1.071543596754099999e+05,3.627105712890625000e+01,1.804162597656250000e+01,6.368975442066865389e-02,2.149200723689448714e-02
1.071544104068729939e+05,4.179367828369140625e+01,1.655133056640625000e+01,6.321379223302271699e-02,1.714210385072541254e-02
1.071544602065829968e+05,4.636412811279296875e+01,1.363768005371093750e+01,6.182094850226945576e-02,1.220835740076518447e-02
1.071545096474820020e+05,4.883928680419921875e+01,8.023498535156250000e+00,5.894858131116971489e-02,5.626466421802469794e-03
1.071545591837499960e+05,5.037225341796875000e+01,1.855644226074218750e+00,5.558227768264809021e-02,-9.591196740839184887e-04
1.071546095166409941e+05,4.941071319580078125e+01,-5.485717773437500000e+00,5.077890081924519433e-02,-7.432772920934476932e-03
1.071546594596469949e+05,4.819594573974609375e+01,-1.259413146972656250e+01,4.646174610554533457e-02,-1.260392493194090191e-02
1.071547100035750045e+05,4.591474914550781250e+01,-1.988710021972656250e+01,4.244338829470592489e-02,-1.664642015233283937e-02
1.071547604841319990e+05,4.266171264648437500e+01,-2.707249450683593750e+01,3.867918732922535907e-02,-1.970013732608512369e-02
1.071548095398480073e+05,3.918146514892578125e+01,-3.530654907226562500e+01,3.563116291501373933e-02,-2.323969462933864888e-02
1.071548591738929972e+05,3.651675415039062500e+01,-3.898753356933593750e+01,3.412067378868152007e-02,-2.273517047835849070e-02
1.071549092658790032e+05,3.209502410888671875e+01,-4.311291503906250000e+01,3.202847438377212641e-02,-2.135173498419182941e-02
1.071549594916049973e+05,2.642486572265625000e+01,-4.479896545410156250e+01,2.887845722748892327e-02,-1.816685154407294070e-02
1.071550094651289983e+05,2.024510192871093750e+01,-4.350000000000000000e+01,2.525221750078968791e-02,-1.260514156312483522e-02
1.071550596514109930e+05,1.054255676269531250e+01,-4.352127075195312500e+01,1.875241180306489591e-02,-8.594157036471759478e-03
1.071551097542670032e+05,1.775161743164062500e+00,-3.924630737304687500e+01,1.279023767587036953e-02,-2.520703716002149937e-03
1.071551595810889994e+05,-6.517944335937500000e+00,-3.260815429687500000e+01,8.280189476600918752e-03,5.238119877328512204e-03
1.071552110463429999e+05,-1.334867858886718750e+01,-2.681250000000000000e+01,6.299237261215250017e-03,1.144383251458384008e-02
1.071552609961999988e+05,-1.692729187011718750e+01,-1.840089416503906250e+01,8.189644137340780505e-03,1.813848451939231721e-02
1.071553102000630024e+05,-1.912391662597656250e+01,-1.143571472167968750e+01,1.202103618306513827e-02,2.271009972671612226e-02
1.071553595547400037e+05,-1.867211914062500000e+01,-4.136436462402343750e+00,1.789661542518777501e-02,2.604688085458262137e-02
1.071554096534849959e+05,-1.636190795898437500e+01,1.056327819824218750e+00,2.493406329913639904e-02,2.661453369694872714e-02
1.071554591117170057e+05,-1.084048461914062500e+01,6.560317993164062500e+00,3.371154113474131991e-02,2.657705180693555741e-02
1.071555104180649942e+05,-3.267654418945312500e+00,1.138095092773437500e+01,4.333357911138740332e-02,2.589257069787713472e-02
1.071555617434680025e+05,6.270294189453125000e+00,1.487689208984375000e+01,5.323934545870092488e-02,2.432123322039788510e-02
1.071556088421239983e+05,1.611863708496093750e+01,2.021186065673828125e+01,6.193766946073236274e-02,2.503526595702759011e-02
1.071556606783939933e+05,2.514416503906250000e+01,2.126403808593750000e+01,6.761175300760721707e-02,2.274167199945072854e-02
1.071557098708120029e+05,3.200653839111328125e+01,2.004170227050781250e+01,6.985599451983567909e-02,1.811307948691755557e-02
1.071557611512159929e+05,3.829687500000000000e+01,2.023437500000000000e+01,6.972244945674932470e-02,1.466056953005252100e-02
1.071558090524769941e+05,4.159148406982421875e+01,1.974019622802734375e+01,6.710420311517220626e-02,1.219794659700140088e-02
1.071558590082790033e+05,4.365017700195312500e+01,1.783633422851562500e+01,6.278329252882861033e-02,9.378761126381980617e-03
1.071559088012120046e+05,4.458617401123046875e+01,1.522344970703125000e+01,5.822331523661251895e-02,6.415254468179885927e-03
1.071559590187709982e+05,4.393598937988281250e+01,1.163787078857421875e+01,5.338195944090003142e-02,3.094273342923576503e-03
1.071560087382039928e+05,4.293778991699218750e+01,7.154617309570312500e+00,4.942893687720164436e-02,-5.902527362255521881e-04
1.071560587529320037e+05,4.088514709472656250e+01,1.493087768554687500e+00,4.586529153432019473e-02,-4.892980243128040169e-03
1.071561088103810034e+05,3.702777862548828125e+01,-1.736114501953125000e+00,4.170846494177823244e-02,-6.633348564843169481e-03
1.071561587422019948e+05,3.251792144775390625e+01,-6.948730468750000000e+00,3.755634636894587819e-02,-8.873954516661470421e-03
1.071562111756149970e+05,2.610345458984375000e+01,-1.380172729492187500e+01,3.246978993616862763e-02,-1.254960366036606684e-02
1.071562586006769998e+05,1.907470703125000000e+01,-1.977613830566406250e+01,2.740918181929038328e-02,-1.587897463811069332e-02
1.071563087712359993e+05,1.074046325683593750e+01,-2.553929138183593750e+01,2.168003970188879526e-02,-1.846203790406534748e-02
1.071563584485769970e+05,2.120559692382812500e+00,-3.176916503906250000e+01,1.639512079964552255e-02,-2.102486317802316346e-02
1.071564092670770042e+05,-4.610916137695312500e+00,-3.593661499023437500e+01,1.369446324923311031e-02,-2.157162025067446004e-02
1.071564586684749956e+05,-1.000000000000000000e+01,-4.000000000000000000e+01,1.339453963735307701e-02,-2.155119197027781375e-02
1.071565087120730022e+05,-1.375202941894531250e+01,-4.184848022460937500e+01,1.521097435133186154e-02,-1.967039263122265930e-02
1.071565590966860036e+05,-1.722235107421875000e+01,-4.242999267578125000e+01,1.748094847220367509e-02,-1.656221545014263316e-02
1.071566090747290000e+05,-1.895454406738281250e+01,-4.240908813476562500e+01,2.060744947422079448e-02,-1.335736777111973771e-02
1.071566585919229983e+05,-1.900000000000000000e+01,-4.062500000000000000e+01,2.460589647759927126e-02,-9.457512588071911863e-03
1.071567089120180026e+05,-1.748229980468750000e+01,-3.765043640136718750e+01,2.936231066311716098e-02,-5.105072542192151848e-03
1.071567586981920031e+05,-1.469999694824218750e+01,-3.366000366210937500e+01,3.446720313809869402e-02,-6.370594771064885808e-04
1.071568090010099986e+05,-1.119718933105468750e+01,-2.945069885253906250e+01,3.925000445289121564e-02,3.175660854902223953e-03
1.071568582258730021e+05,-7.363357543945312500e+00,-2.538412475585937500e+01,4.326402500715031962e-02,5.885228117428049216e-03
1.071569084510620014e+05,-2.627105712890625000e+00,-1.937144470214843750e+01,4.695788094801305740e-02,9.393989255823263773e-03
1.071569584581410018e+05,2.493026733398437500e+00,-1.320930480957031250e+01,5.033264764279311854e-02,1.289635760612774587e-02
1.071570087956250063e+05,9.540924072265625000e+00,-4.946113586425781250e+00,5.480241578902024513e-02,1.780630987231234669e-02
1.071570581721170020e+05,1.455886840820312500e+01,3.071998596191406250e+00,5.742960709423181737e-02,2.252514632811499981e-02
1.071571079439939931e+05,1.768023681640625000e+01,1.070808410644531250e+01,5.726246581354720727e-02,2.624173627649166451e-02
1.071571579783689958e+05,1.775621032714843750e+01,1.612561798095703125e+01,5.348733597488884023e-02,2.720296533314554496e-02
1.071572079374680034e+05,1.605499267578125000e+01,2.165774536132812500e+01,4.756883785758253547e-02,2.729739948802969995e-02
1.071572579018440010e+05,1.126701354980468750e+01,2.829776000976562500e+01,3.932307606719568499e-02,2.844714205040967808e-02
1.071573080889590055e+05,5.888885498046875000e+00,3.162963104248046875e+01,3.122834793877738921e-02,2.734768370381113894e-02
1.071573579794279940e+05,-2.180679321289062500e+00,3.496518707275390625e+01,2.241276057269513816e-02,2.592573021153249391e-02
1.071574082013389998e+05,-1.115939331054687500e+01,3.696939849853515625e+01,1.400235170920444833e-02,2.383334258296348693e-02
1.071574578167169966e+05,-2.048690795898437500e+01,3.894704437255859375e+01,6.821237929593153282e-03,2.224446423033301853e-02
1.071575081022020022e+05,-2.945658874511718750e+01,3.989641571044921875e+01,1.483786744666759638e-03,2.054567737264263033e-02
1.071575580510589934e+05,-3.734100341796875000e+01,4.115271759033203125e+01,-1.527225248054465967e-03,1.970708054050832048e-02
1.071576081331379974e+05,-4.393919372558593750e+01,4.093918609619140625e+01,-2.356790024281039952e-03,1.832721233562420102e-02
1.071576581902360049e+05,-4.855404663085937500e+01,3.955405426025390625e+01,-8.959081071050617462e-04,1.611715961094303817e-02
1.071577080654269957e+05,-5.139472961425781250e+01,3.705263519287109375e+01,2.260701510639780837e-03,1.311732132232049097e-02
1.071577579866549931e+05,-5.132550048828125000e+01,3.332550048828125000e+01,7.604332032175319805e-03,9.342737528686377926e-03
1.071578080827709928e+05,-4.750000000000000000e+01,2.950000000000000000e+01,1.579499306623891042e-02,5.902861253545657258e-03
1.071578581758679939e+05,-4.209242248535156250e+01,2.466469573974609375e+01,2.473692134094649872e-02,2.360106844275268456e-03
1.071579077503580047e+05,-3.500000000000000000e+01,1.850000000000000000e+01,3.356165506869519116e-02,-1.837225991308970297e-03
1.071579584033400024e+05,-2.752839660644531250e+01,1.123662567138671875e+01,4.090481754360458799e-02,-6.637858779162956330e-03
1.071580104745340068e+05,-2.057142639160156250e+01,2.571426391601562500e+00,4.569699451229941589e-02,-1.218073316330865047e-02
1.071580585891819937e+05,-8.432373046875000000e+00,-3.989929199218750000e+00,5.360971587868580690e-02,-1.559735073417090750e-02
1.071581096878649987e+05,3.881835937500000000e-01,-1.112939453125000000e+01,5.841746774766168326e-02,-1.812605506935294208e-02
1.071581576941630046e+05,5.345642089843750000e+00,-1.934564208984375000e+01,5.841860123915154634e-02,-2.140169867674127785e-02
1.071582079685549979e+05,1.200000000000000000e+01,-2.300000000000000000e+01,5.777707736357202278e-02,-2.061152453481798763e-02
1.071582577646349964e+05,1.350000000000000000e+01,-2.800000000000000000e+01,5.311645469310877915e-02,-1.983699084493408329e-02
1.071583079621950019e+05,1.356060791015625000e+01,-3.062423706054687500e+01,4.662417919538033168e-02,-1.753731487744650264e-02
1.071583580190890061e+05,1.128572082519531250e+01,-3.171427917480468750e+01,3.892090226747358522e-02,-1.407334630888302379e-02
1.071584075813189993e+05,7.300003051757812500e+00,-3.305000305175781250e+01,3.094189017969752736e-02,-1.138447075205838849e-02
1.071584577728790027e+05,2.545242309570312500e+00,-3.275975036621093750e+01,2.374597581953569181e-02,-8.380924949598252127e-03
1.071585072119440010e+05,-4.239837646484375000e+00,-3.234010314941406250e+01,1.653809667041654385e-02,-5.970748760983603937e-03
1.071585577096860070e+05,-1.250000000000000000e+01,-2.950000000000000000e+01,9.198996404506356445e-03,-2.271563620132513363e-03
1.071586086305180070e+05,-2.309745788574218750e+01,-2.745127868652343750e+01,9.337080819223630979e-04,4.610083308252471354e-04
1.071586584685059934e+05,-3.190194702148437500e+01,-2.137048339843750000e+01,-4.946020210099578984e-03,5.783484880951044946e-03
1.071587078593490005e+05,-4.001977539062500000e+01,-1.762738037109375000e+01,-8.602724974125001978e-03,9.199561152472762043e-03
1.071587575184120069e+05,-4.538853454589843750e+01,-1.452525329589843750e+01,-8.682849082249945866e-03,1.062683185701388845e-02
1.071588074824179930e+05,-4.906108093261718750e+01,-8.823028564453125000e+00,-6.184102939675126254e-03,1.333990491955997296e-02
1.071588572826839954e+05,-5.063636779785156250e+01,-4.454544067382812500e+00,-1.747523928141411775e-03,1.514038546100809901e-02
1.071589074298180058e+05,-4.934071350097656250e+01,-1.425407409667968750e+00,4.761732686627115699e-03,1.519206404231824431e-02
1.071589574525450007e+05,-4.514086914062500000e+01,1.870895385742187500e+00,1.309148049698345695e-02,1.494316490057013419e-02
1.071590073759770021e+05,-3.923202514648437500e+01,2.704963684082031250e+00,2.184236437285621071e-02,1.267018392248920634e-02
1.071590581358469935e+05,-3.175000000000000000e+01,3.375000000000000000e+00,3.035132863273734896e-02,9.953948971989243222e-03
1.071591072810619953e+05,-2.295397949218750000e+01,3.310455322265625000e+00,3.831185363100955005e-02,7.211082207421029740e-03
1.071591573616590031e+05,-1.069435119628906250e+01,7.016609191894531250e+00,4.769972861390998214e-02,8.431146605130807048e-03
1.071592069869080005e+05,-4.324340820312500000e-01,6.405403137207031250e+00,5.452935474910705627e-02,7.495712749052164774e-03
1.071592572118929966e+05,1.035275268554687500e+01,6.821380615234375000e+00,5.972300812878662823e-02,6.743021385710644931e-03
1.071593069269370026e+05,1.975605773925781250e+01,7.551666259765625000e+00,6.259705302809330518e-02,6.595215100925057132e-03
1.071593567798510048e+05,3.017291259765625000e+01,8.181076049804687500e+00,6.536999965653676747e-02,6.719028382156666708e-03
1.071594069948359975e+05,3.771739196777343750e+01,5.717391967773437500e+00,6.563837223018849365e-02,4.228402654223114079e-03
1.071594569264159945e+05,4.491393280029296875e+01,2.475654602050781250e+00,6.516671466780889210e-02,3.819510409727236433e-04
1.071595067565710051e+05,5.200000000000000000e+01,3.000000000000000000e+00,6.503324860713922961e-02,3.027240673776285251e-05
1.071595569321299990e+05,5.701736450195312500e+01,2.380592346191406250e+00,6.383251355142460781e-02,2.810371858409819665e-04
1.071596066077300056e+05,6.084812164306640625e+01,5.371307373046875000e+00,6.201284071417605820e-02,3.904834901809055639e-03
1.071596566539199994e+05,6.302122497558593750e+01,7.011428833007812500e+00,5.926565851048896244e-02,7.119144847051658842e-03
1.071597067242589983e+05,6.300000000000000000e+01,1.100000000000000000e+01,5.519074222662662815e-02,1.161417722611341775e-02
1.071597572829260025e+05,6.101490783691406250e+01,1.690969848632812500e+01,4.992882270460666239e-02,1.760188815281652983e-02
1.071598069854339992e+05,5.750000000000000000e+01,2.300000000000000000e+01,4.420456585507089725e-02,2.339337648474720810e-02
1.071598565613120008e+05,5.353189849853515625e+01,2.874832916259765625e+01,3.912140798422354682e-02,2.790408459400243665e-02
1.071599062085049954e+05,4.783396148681640625e+01,3.666152954101562500e+01,3.385654187976776253e-02,3.320669978552112656e-02
1.071599564025459986e+05,4.075658416748046875e+01,4.476327514648437500e+01,2.829536568982023159e-02,3.838054783419428406e-02
1.071600063302000053e+05,3.321829986572265625e+01,5.198875427246093750e+01,2.318822930408123706e-02,4.219104144585759941e-02
1.071600571933839965e+05,2.423037719726562500e+01,5.949620437622070312e+01,1.779746926913208099e-02,4.533334637228319391e-02
1.071601074575170060e+05,1.388201904296875000e+01,6.788202285766601562e+01,1.183057032781732049e-02,4.899906384171309748e-02
1.071601565422330023e+05,4.214981079101562500e+00,7.687005996704101562e+01,6.857457945281746070e-03,5.341609918326102602e-02
1.071602061292410071e+05,-4.189620971679687500e+00,8.249594879150390625e+01,3.920771898837334402e-03,5.489465229302989413e-02
1.071602560567470064e+05,-9.389907836914062500e+00,8.711467742919921875e+01,4.867351470263930890e-03,5.449244271930346606e-02
1.071603063613419945e+05,-1.183534240722656250e+01,9.057259368896484375e+01,9.365070266983157449e-03,5.290875384456750902e-02
1.071603562169409997e+05,-1.112815856933593750e+01,9.196931457519531250e+01,1.683129174182083909e-02,4.994300604376614161e-02
1.071604048173460033e+05,-7.500000000000000000e+00,9.100000000000000000e+01,2.621955880533848732e-02,4.545653553823516407e-02
1.071604542939660023e+05,0.000000000000000000e+00,9.100000000000000000e+01,3.792246994159594736e-02,4.231127869010042897e-02
1.071605023538740061e+05,8.555053710937500000e+00,8.646067428588867188e+01,4.926841547804329535e-02,3.685429945719514294e-02
1.071605542009210039e+05,1.550000000000000000e+01,7.950000000000000000e+01,5.689391995418509318e-02,2.925950640995954657e-02
1.071606023681249935e+05,2.881938171386718750e+01,7.603764343261718750e+01,6.751592626335073399e-02,2.570496768087788403e-02
1.071606522020569973e+05,3.873885345458984375e+01,7.031673812866210938e+01,7.461454801902589473e-02,2.252632138228004288e-02
1.071607022187289986e+05,4.814550781250000000e+01,6.536136245727539062e+01,7.889457334162422453e-02,2.085387835618385602e-02
1.071607520721430046e+05,5.412813568115234375e+01,6.175209045410156250e+01,7.869223220075717562e-02,2.127126333906192990e-02
1.071608020257040043e+05,5.928777313232421875e+01,5.639850234985351562e+01,7.643293827773370297e-02,2.084809856177708906e-02
1.071608521107270062e+05,6.086341857910156250e+01,5.165439605712890625e+01,7.116242875129454026e-02,2.050936752644441988e-02
1.071609019774189946e+05,5.812716674804687500e+01,4.728982543945312500e+01,6.236272237856285705e-02,2.043128791862613980e-02
1.071609519832200021e+05,5.390480804443359375e+01,4.189791107177734375e+01,5.280043064358930227e-02,1.939202746350170842e-02
1.071610019385399937e+05,4.630565643310546875e+01,3.818197631835937500e+01,4.208764734955618148e-02,1.943334367272704991e-02
1.071610520572670066e+05,3.551256561279296875e+01,3.324372100830078125e+01,3.020770675727474375e-02,1.868405909931929176e-02
1.071611024325839971e+05,2.324403381347656250e+01,3.011496734619140625e+01,1.874734981143438839e-02,1.916362958028136956e-02
1.071611519935929973e+05,1.002145385742187500e+01,3.080693054199218750e+01,8.585075021673660434e-03,2.328143082035305511e-02
1.071612021347080008e+05,-4.000000000000000000e+00,2.700000000000000000e+01,-2.231090089709272806e-04,2.407303487021016097e-02
1.071612521478800045e+05,-1.527223205566406250e+01,2.114390563964843750e+01,-4.848560893058045940e-03,2.123818167736824317e-02
1.071613022847170068e+05,-2.394496154785156250e+01,1.663404846191406250e+01,-5.092251744563278115e-03,1.838850022588770644e-02
1.071613520918529975e+05,-3.057705688476562500e+01,1.225570678710937500e+01,-2.342226682604205135e-03,1.606183245834827758e-02
1.071614020744699956e+05,-3.507971191406250000e+01,7.562545776367187500e+00,2.358550997803895988e-03,1.395090946451840730e-02
1.071614519904009940e+05,-3.728706359863281250e+01,1.166313171386718750e+00,8.357347697080078769e-03,1.060831718182058195e-02
1.071615021530350059e+05,-3.595245361328125000e+01,-5.703125000000000000e+00,1.636349475916113252e-02,6.675564671481778317e-03
1.071615523250209953e+05,-3.306608581542968750e+01,-1.260404968261718750e+01,2.463667939859063086e-02,2.915271330261301475e-03
1.071616021753050009e+05,-2.814881896972656250e+01,-2.073307800292968750e+01,3.289581256195545089e-02,-1.510437961009362257e-03
1.071616522633279965e+05,-1.936761474609375000e+01,-2.800778198242187500e+01,4.285115078144677986e-02,-5.027837464879950785e-03
1.071617021645930072e+05,-1.301028442382812500e+01,-3.941934204101562500e+01,4.950427358190204186e-02,-1.161922719004125290e-02
1.071617520964129944e+05,-3.207000732421875000e+00,-4.693440246582031250e+01,5.661209711530324623e-02,-1.538053914837764907e-02
1.071618019533079932e+05,2.773498535156250000e+00,-5.563674926757812500e+01,5.945972910898667668e-02,-1.877614974401190656e-02
1.071618520659240021e+05,1.080612182617187500e+01,-6.080612182617187500e+01,6.202609620428010256e-02,-1.880674598446262571e-02
1.071619018452269956e+05,1.600181579589843750e+01,-6.485922241210937500e+01,6.195928644325458812e-02,-1.699207766394829691e-02
1.071619519091209950e+05,1.907762145996093750e+01,-6.890867614746093750e+01,5.924337312278709494e-02,-1.529469284489139158e-02
1.071620019304220041e+05,2.250000000000000000e+01,-6.800000000000000000e+01,5.665850496166679323e-02,-1.013607014460324827e-02
1.071620518824650062e+05,2.100000000000000000e+01,-6.950000000000000000e+01,5.066142926294952414e-02,-7.067710678959883593e-03
1.071621021910410054e+05,1.963664245605468750e+01,-6.754580688476562500e+01,4.469763505404986820e-02,-2.856695735577789892e-03
1.071621516802169936e+05,1.723164367675781250e+01,-6.369100952148437500e+01,3.930537904191738763e-02,2.412736002387802156e-03
1.071622016427780036e+05,1.200000000000000000e+01,-6.000000000000000000e+01,3.272342048388872382e-02,6.798999918783261293e-03
1.071622514645250048e+05,7.000000000000000000e+00,-5.300000000000000000e+01,2.712644876802055779e-02,1.277625943540093047e-02
1.071623015761959978e+05,6.600036621093750000e-01,-4.468046569824218750e+01,2.175413846456748790e-02,1.948605692559697566e-02
1.071623517033670068e+05,-8.727462768554687500e+00,-3.888626098632812500e+01,1.461496259939561171e-02,2.306191743246378822e-02
1.071624015712069959e+05,-1.738397216796875000e+01,-3.030801391601562500e+01,8.400216200704212210e-03,2.722949589140566395e-02
1.071624516123229987e+05,-2.541027832031250000e+01,-2.387409973144531250e+01,3.964020839657980688e-03,2.921567745183101250e-02
1.071625014676440042e+05,-3.062382507324218750e+01,-1.442924499511718750e+01,3.210925936761400978e-03,3.288308321308393983e-02
1.071625514705189998e+05,-3.295794677734375000e+01,-7.510513305664062500e+00,6.313776839108414807e-03,3.472529545355412112e-02
1.071626013490810001e+05,-3.398431396484375000e+01,-5.631256103515625000e-01,1.118952234839952833e-02,3.584950022148670340e-02
1.071626512725310022e+05,-3.223585510253906250e+01,5.556602478027343750e+00,1.793062303535053817e-02,3.613597575105199911e-02
1.071627013631470036e+05,-2.766369628906250000e+01,1.102227020263671875e+01,2.638278721086397688e-02,3.584230759704955249e-02
1.071627511753379949e+05,-2.157055664062500000e+01,1.469368743896484375e+01,3.508860289952976663e-02,3.422185666758538469e-02
1.071628022939280054e+05,-1.336303710937500000e+01,1.892582702636718750e+01,4.403630952223365480e-02,3.310230519842614211e-02
1.071628513332180009e+05,-4.720550537109375000e+00,2.175342559814453125e+01,5.188520412005741267e-02,3.178797935478093473e-02
1.071629028438050009e+05,4.852386474609375000e+00,2.596593475341796875e+01,5.858461118313645910e-02,3.197702123498388782e-02
1.071629509064159938e+05,1.576301574707031250e+01,2.795703125000000000e+01,6.541725692535702019e-02,3.143137062857368630e-02
1.071630011243829940e+05,2.442494201660156250e+01,2.790534210205078125e+01,6.912441929408408292e-02,2.887548226832791984e-02
1.071630509621490055e+05,3.184576416015625000e+01,2.726656341552734375e+01,7.032813671435474145e-02,2.572545364883655275e-02
1.071631008245989942e+05,3.566202545166015625e+01,2.518238830566406250e+01,6.753067343654976795e-02,2.181041905935887648e-02
1.071631508512889995e+05,3.871817016601562500e+01,2.207936096191406250e+01,6.336679450633653232e-02,1.752666982425829870e-02
1.071632008566650038e+05,4.012450408935546875e+01,1.595068359375000000e+01,5.849598873771455487e-02,1.127004173330238904e-02
1.071632508829290018e+05,3.905555725097656250e+01,1.027777862548828125e+01,5.250185164416361350e-02,5.707583433385312460e-03
1.071633008640269982e+05,3.547163391113281250e+01,7.496452331542968750e+00,4.527550576363428836e-02,4.001979123689911738e-03
1.071633508421430015e+05,3.028915405273437500e+01,2.692771911621093750e+00,3.769000882950400422e-02,2.363257271645796687e-03
1.071634008485560043e+05,2.312890625000000000e+01,-2.390548706054687500e+00,2.973758139648918428e-02,5.634660430053374525e-04
1.071634507146539981e+05,1.300000000000000000e+01,-6.000000000000000000e+00,2.046049954241973418e-02,6.838976730101295476e-05
1.071635013439699978e+05,2.140945434570312500e+00,-8.738250732421875000e+00,1.153003695060985517e-02,7.932349065460468640e-04
1.071635510355699953e+05,-9.320693969726562500e+00,-1.167930603027343750e+01,3.622424806963793487e-03,1.405253528275366565e-03
1.071636011227590061e+05,-1.880004882812500000e+01,-1.151872253417968750e+01,-1.045140578090589245e-03,4.353415944736803780e-03
1.071636507683600066e+05,-2.573077392578125000e+01,-1.038461303710937500e+01,-1.696448845689417506e-03,8.403069312237311517e-03
1.071637006295330066e+05,-3.050000000000000000e+01,-9.000000000000000000e+00,8.770770980353823076e-04,1.221793470458758593e-02
1.071637507316849951e+05,-3.301066589355468750e+01,-7.842048645019531250e+00,5.819873079266804639e-03,1.487860996306662568e-02
1.071638005180070031e+05,-3.351162719726562500e+01,-8.372085571289062500e+00,1.204380384664261935e-02,1.494769532213130817e-02
1.071638507640839962e+05,-3.164036560058593750e+01,-9.339904785156250000e+00,1.931093429283793628e-02,1.341948841139765577e-02
1.071639007165340008e+05,-2.631826782226562500e+01,-7.737335205078125000e+00,2.835055357655588346e-02,1.379557194214817845e-02
1.071639507240389939e+05,-2.032513427734375000e+01,-9.519119262695312500e+00,3.682798312302448807e-02,1.194139311349041999e-02
1.071640005804709945e+05,-1.130535888671875000e+01,-9.232620239257812500e+00,4.606831796020767478e-02,1.128069990215005425e-02
1.071640506354569952e+05,-1.179321289062500000e+00,-6.156219482421875000e+00,5.496908162730007597e-02,1.376664837571951044e-02
1.071641005082780030e+05,8.418380737304687500e+00,-3.449340820312500000e+00,6.181407594171622888e-02,1.685733911812547364e-02
1.071641503039700037e+05,1.733071899414062500e+01,-4.764404296875000000e-01,6.621224894658082893e-02,1.986952647072898898e-02
1.071642003985490010e+05,2.635807800292968750e+01,5.988922119140625000e+00,6.924127233959656569e-02,2.544199763267409459e-02
1.071642503256100026e+05,3.142424011230468750e+01,8.030303955078125000e+00,6.815898834519153182e-02,2.727769722912234615e-02
1.071643003595780028e+05,3.375000000000000000e+01,1.308333587646484375e+01,6.355535297774510262e-02,2.992502146117035147e-02
1.071643502830460056e+05,3.379244995117187500e+01,1.684276580810546875e+01,5.681113807664017745e-02,3.152101960691512661e-02
1.071643999957570049e+05,3.248202514648437500e+01,2.029974365234375000e+01,4.969524780489005533e-02,3.233619323316532651e-02
1.071644502122419944e+05,2.821656799316406250e+01,2.326280975341796875e+01,4.143393444174670037e-02,3.244766393741817939e-02
1.071645001312289969e+05,2.150000000000000000e+01,2.658571624755859375e+01,3.233499055829516799e-02,3.286331010078342996e-02
1.071645501407160045e+05,1.276136779785156250e+01,2.935227203369140625e+01,2.283159703266528229e-02,3.310826540161893039e-02
1.071646002439419972e+05,1.573532104492187500e+00,3.142646789550781250e+01,1.268780458854072007e-02,3.288229740229074022e-02
1.071646501682810049e+05,-1.063917541503906250e+01,3.057738494873046875e+01,3.021612587467088773e-03,3.014735231974779300e-02
1.071647003550259979e+05,-2.190908813476562500e+01,2.854545593261718750e+01,-4.156390817266160387e-03,2.595822484846461997e-02
1.071647502201250027e+05,-3.062059020996093750e+01,2.637065887451171875e+01,-7.138132850961965981e-03,2.200484111472252383e-02
1.071648002159820026e+05,-3.889456176757812500e+01,2.189455413818359375e+01,-7.943726485703586637e-03,1.695765259001892622e-02
1.071648501945979951e+05,-4.295161437988281250e+01,1.682257843017578125e+01,-4.572894035326905554e-03,1.188663001247649079e-02
1.071648998612169962e+05,-4.287736511230468750e+01,1.093395996093750000e+01,2.971247533249374989e-03,6.988227245047242547e-03
1.071649501706269948e+05,-4.097966003417968750e+01,4.093147277832031250e+00,1.204179007900277668e-02,2.111740436084728195e-03
1.071650001860390039e+05,-3.746475219726562500e+01,-3.814720153808593750e+00,2.097117198982283506e-02,-2.991085271152247455e-03
1.071650504848010023e+05,-3.123576354980468750e+01,-1.095188903808593750e+01,3.022455650517630321e-02,-6.831631346180862957e-03
1.071651002058640006e+05,-2.202505493164062500e+01,-2.033567810058593750e+01,4.035692896176454325e-02,-1.178835786954969544e-02
1.071651514623789990e+05,-1.150000000000000000e+01,-3.000000000000000000e+01,5.011275100414595146e-02,-1.691027815327849487e-02
1.071652000454679946e+05,-2.070327758789062500e+00,-3.850076293945312500e+01,5.722336155337044705e-02,-2.077810495085598980e-02
1.071652508423749969e+05,8.225906372070312500e+00,-4.342192077636718750e+01,6.265301785973703685e-02,-2.053974702967118274e-02
1.071652998345719971e+05,1.676846313476562500e+01,-4.876846313476562500e+01,6.554034424224762512e-02,-1.965595622183876831e-02
1.071653497052080056e+05,2.350000000000000000e+01,-5.250000000000000000e+01,6.547692149870075473e-02,-1.770850732690120929e-02
1.071653998737859947e+05,2.750000000000000000e+01,-5.350000000000000000e+01,6.227043603323505899e-02,-1.373775282881856651e-02
1.071654546335710038e+05,2.930258178710937500e+01,-5.271870422363281250e+01,5.619175542541527540e-02,-8.129336030807694097e-03
1.071655042925419984e+05,3.006809997558593750e+01,-5.086877441406250000e+01,5.074796180122283923e-02,-2.851420500327135100e-03
1.071655538826980046e+05,3.042413330078125000e+01,-4.642413330078125000e+01,4.630781027261409583e-02,3.345703905565631381e-03
1.071656036739450064e+05,2.850000000000000000e+01,-4.150000000000000000e+01,4.141860133178240644e-02,9.051046208438488783e-03
1.071656536161730037e+05,2.650000000000000000e+01,-3.300000000000000000e+01,3.740752480967070998e-02,1.659024574862019014e-02
1.071657035337900015e+05,2.167317199707031250e+01,-2.380390930175781250e+01,3.215715907844710758e-02,2.420499822993303629e-02
1.071657534288510069e+05,1.417788696289062500e+01,-1.673384094238281250e+01,2.498034103683466692e-02,2.868569071431735854e-02
1.071658033568380051e+05,7.087768554687500000e+00,-6.077056884765625000e+00,1.858335022014210094e-02,3.439523986604217654e-02
1.071658537353220017e+05,-5.215911865234375000e-01,4.394683837890625000e+00,1.313007258541194072e-02,3.977219927232599622e-02
1.071659032448859944e+05,-7.686508178710937500e+00,1.640905761718750000e+01,9.233572386034352708e-03,4.592435251142289176e-02
1.071659534403160069e+05,-1.194017028808593750e+01,2.579392242431640625e+01,9.003352546360456066e-03,4.937861288882963717e-02
1.071660038372249983e+05,-1.521470642089843750e+01,3.509889221191406250e+01,1.097206426644114358e-02,5.149778145154551567e-02
1.071660532455500070e+05,-1.765960693359375000e+01,4.409172058105468750e+01,1.376247909496492589e-02,5.316230218584332146e-02
1.071661034594420053e+05,-1.781715393066406250e+01,5.202368927001953125e+01,1.806788815152593486e-02,5.391218442828547841e-02
1.071661531772269955e+05,-1.602120971679687500e+01,5.602252960205078125e+01,2.363647656168408120e-02,5.139456003617653285e-02
1.071662031527320069e+05,-1.108053588867187500e+01,5.775031280517578125e+01,3.127058612586600811e-02,4.645997628988511596e-02
1.071662541408039979e+05,-4.740982055664062500e+00,5.666183090209960938e+01,3.952387396009082038e-02,3.935372227139650320e-02
1.071663045343989943e+05,7.963256835937500000e-01,5.357066345214843750e+01,4.571607589195712806e-02,3.149384166433447096e-02
1.071663530294889933e+05,5.471374511718750000e+00,4.737213897705078125e+01,4.921535157559066287e-02,2.249924684407695469e-02
1.071664028866250010e+05,1.014480590820312500e+01,3.948835754394531250e+01,5.093186828800624205e-02,1.319492801395387785e-02
1.071664531787940068e+05,1.388383483886718750e+01,3.062794494628906250e+01,5.102017909037511595e-02,4.761977953116676432e-03
1.071665029900969967e+05,1.735902404785156250e+01,2.069383239746093750e+01,5.050945427867176846e-02,-2.735618590069981149e-03
1.071665530766379961e+05,1.991505432128906250e+01,1.085242462158203125e+01,4.928259485860734396e-02,-8.582597910934509217e-03
1.071666031481240061e+05,2.176843261718750000e+01,6.200790405273437500e-01,4.767019299472116667e-02,-1.331657407255264214e-02
1.071666529570199928e+05,2.186856079101562500e+01,-7.747673034667968750e+00,4.492325027035549978e-02,-1.552065310421968380e-02
1.071667027600080037e+05,2.116787719726562500e+01,-1.417098999023437500e+01,4.169209557771187680e-02,-1.500850646210105319e-02
1.071667530507880001e+05,1.813858032226562500e+01,-1.959239196777343750e+01,3.693491374656848736e-02,-1.300583419592305293e-02
1.071668028512580058e+05,1.389326477050781250e+01,-2.316525268554687500e+01,3.147821102691653050e-02,-9.713830505344014585e-03
1.071668531199650024e+05,8.880752563476562500e+00,-2.621130371093750000e+01,2.604917250948099797e-02,-6.483632105954744568e-03
1.071669029388420022e+05,3.214324951171875000e+00,-2.734239196777343750e+01,2.106016571834275555e-02,-2.697212643465583815e-03
1.071669532044560037e+05,-2.123962402343750000e+00,-2.709091186523437500e+01,1.734094119664386993e-02,1.503597129112443573e-03
1.071670028798340063e+05,-8.000000000000000000e+00,-2.700000000000000000e+01,1.419256931354519191e-02,4.615471182801692517e-03
1.071670530056340067e+05,-1.268692016601562500e+01,-2.457827758789062500e+01,1.265221011000176171e-02,8.524893724285491359e-03
1.071671028434360051e+05,-1.894853210449218750e+01,-2.469363403320312500e+01,1.038605060511424427e-02,9.648278900743548908e-03
1.071671530545699934e+05,-2.271276855468750000e+01,-2.239361572265625000e+01,1.008894604815765983e-02,1.137714079379538272e-02
1.071672031662960071e+05,-2.543397521972656250e+01,-2.022875976562500000e+01,1.129607778227533291e-02,1.291725535466574544e-02
1.071672528589699941e+05,-2.665219116210937500e+01,-1.860748291015625000e+01,1.387827236466687708e-02,1.361226167712778837e-02
1.071673030384180020e+05,-2.550000000000000000e+01,-1.650000000000000000e+01,1.837860519578755208e-02,1.424931762821571649e-02
1.071673528504989954e+05,-2.263296508789062500e+01,-1.417243957519531250e+01,2.412411378998672445e-02,1.501754650186396152e-02
1.071674032670190063e+05,-1.899380493164062500e+01,-1.414424133300781250e+01,2.982696800072131768e-02,1.368691776709358293e-02
1.071674530262110056e+05,-1.253907775878906250e+01,-1.238067626953125000e+01,3.683648679689384420e-02,1.333012168139312975e-02
1.071675032091589965e+05,-3.521942138671875000e+00,-1.006277465820312500e+01,4.538168216770616104e-02,1.402868398716333211e-02
1.071675531792940019e+05,6.691329956054687500e+00,-8.292419433593750000e+00,5.421091087437904937e-02,1.465962487964014328e-02
1.071676034147790051e+05,1.751501464843750000e+01,-7.257507324218750000e+00,6.227371996482346239e-02,1.453578573332545143e-02
1.071676530526199931e+05,2.543568420410156250e+01,-7.802902221679687500e+00,6.633208141026514237e-02,1.277988431684455931e-02
1.071677046848169994e+05,3.497301483154296875e+01,-3.582809448242187500e+00,6.950848860028824294e-02,1.491607917382848855e-02
1.071677519360459992e+05,4.200000000000000000e+01,-6.666641235351562500e-01,7.075706761434004399e-02,1.737628482389204712e-02
1.071678038555920066e+05,4.850000000000000000e+01,5.000000000000000000e-01,7.013020331966533794e-02,1.788670660729529960e-02
1.071678532844529982e+05,5.468181610107421875e+01,2.863639831542968750e+00,6.982346055286872688e-02,1.872838404886329258e-02
1.071679027475920011e+05,5.859555053710937500e+01,5.648132324218750000e+00,6.810623316127738247e-02,2.000412564324105177e-02
1.071679523090440052e+05,6.022110748291015625e+01,7.879707336425781250e+00,6.460528371857608698e-02,2.087768926663493077e-02
1.071680018195159937e+05,5.941242218017578125e+01,8.201034545898437500e+00,5.931707601873528052e-02,1.985331814800051636e-02
1.071680525400710030e+05,5.688301086425781250e+01,6.114402770996093750e+00,5.300008614590201450e-02,1.609458795439873066e-02
1.071681018729140051e+05,5.245676422119140625e+01,3.818061828613281250e+00,4.626399325534254897e-02,1.185548982329447457e-02
1.071681523845820047e+05,4.587500000000000000e+01,1.500000000000000000e+00,3.872098939878926976e-02,8.187337757004435959e-03
1.071682020510900038e+05,3.777020263671875000e+01,2.714080810546875000e-01,3.108084657501879872e-02,6.507996084959296809e-03
1.071682517333190044e+05,2.993093872070312500e+01,-4.006622314453125000e+00,2.494323113043839246e-02,3.248849346832359541e-03
1.071683019524150004e+05,1.878747558593750000e+01,-8.278747558593750000e+00,1.752674072733874377e-02,-2.067048491743508909e-04
1.071683524271210044e+05,7.990509033203125000e+00,-1.044163513183593750e+01,1.098638565844035214e-02,-1.327598556463834359e-03
1.071684020960729977e+05,-2.757431030273437500e+00,-1.345050048828125000e+01,5.651703630651483401e-03,-2.154175554488059127e-03
1.071684528986090008e+05,-1.091677856445312500e+01,-1.645478820800781250e+01,3.733800810201699794e-03,-2.879221671875122762e-03
1.071685026359299954e+05,-1.771153259277343750e+01,-1.992308044433593750e+01,4.255072658269062891e-03,-4.095120107859581346e-03
1.071685526336210023e+05,-2.134457397460937500e+01,-2.223313903808593750e+01,7.948083330623745280e-03,-4.501129667370065007e-03
1.071686024296090036e+05,-2.210430908203125000e+01,-2.515827941894531250e+01,1.431255715108535262e-02,-5.254099413269455038e-03
1.071686523380400031e+05,-2.100000000000000000e+01,-2.850000000000000000e+01,2.181410532185000181e-02,-6.630112262273923571e-03
1.071687023225269950e+05,-1.628509521484375000e+01,-2.952909851074218750e+01,3.122113825571553453e-02,-6.196365050414624417e-03
1.071687521790330065e+05,-1.043360900878906250e+01,-3.277386474609375000e+01,4.044096119844634712e-02,-7.246074961533750108e-03
1.071688024965359946e+05,-3.341171264648437500e+00,-3.636117553710937500e+01,4.882513103964043061e-02,-9.306492730617368231e-03
1.071688519687670050e+05,5.407913208007812500e+00,-4.024284362792968750e+01,5.680697788458327624e-02,-1.194106377265424269e-02
1.071689021842520015e+05,1.489062500000000000e+01,-4.121875000000000000e+01,6.390241090836830395e-02,-1.197498598535585990e-02
1.071689523031629942e+05,2.352307128906250000e+01,-4.293846130371093750e+01,6.887899069616779113e-02,-1.175506090153007055e-02
1.071690020089669997e+05,2.994595336914062500e+01,-4.294595336914062500e+01,7.048074701911136164e-02,-1.022064958512335954e-02
1.071690520801380044e+05,3.653145599365234375e+01,-4.056832885742187500e+01,7.087029905689715137e-02,-6.486172294676123030e-03
1.071691014843510056e+05,4.125791931152343750e+01,-3.666624450683593750e+01,6.967132238571437097e-02,-1.339912415796186938e-03
1.071691516874280060e+05,4.471849060058593750e+01,-3.079411315917968750e+01,6.725442738933072595e-02,5.114787263275562788e-03
1.071692013486020005e+05,4.600650787353515625e+01,-2.217202758789062500e+01,6.345923127881739068e-02,1.332563937955475071e-02
1.071692513615329954e+05,4.617761230468750000e+01,-1.295802307128906250e+01,5.913484208662309755e-02,2.137192444322548110e-02
1.071693013348350069e+05,4.423529052734375000e+01,-5.882339477539062500e-01,5.391910986460593525e-02,3.082599200829407027e-02
1.071693511957110022e+05,3.827233886718750000e+01,1.053443908691406250e+01,4.598479445048132830e-02,3.835409869203980360e-02
1.071694011662349949e+05,3.150000000000000000e+01,2.000000000000000000e+01,3.775716637208405280e-02,4.256576483697167845e-02
1.071694510983329965e+05,2.216195678710937500e+01,2.937667083740234375e+01,2.872070436686606498e-02,4.499952449563410922e-02
1.071695011725969962e+05,1.278431701660156250e+01,3.850000000000000000e+01,2.088708597852954180e-02,4.659255087053992828e-02
1.071695509543249937e+05,1.469024658203125000e+00,4.468404388427734375e+01,1.309536235793858083e-02,4.562374177596349029e-02
1.071696009680150019e+05,-1.113116455078125000e+01,5.102952575683593750e+01,5.242446642832958303e-03,4.447618231582151083e-02
1.071696509725390060e+05,-2.216461181640625000e+01,5.506922912597656250e+01,-2.571281975030093037e-04,4.208536370587547676e-02
1.071697008367300004e+05,-3.277902221679687500e+01,5.580133819580078125e+01,-3.926686571076337673e-03,3.725939228021130090e-02
1.071697512941580062e+05,-3.986398315429687500e+01,5.484120941162109375e+01,-3.561203831814671594e-03,3.120733564830951642e-02
1.071698012054410065e+05,-4.712780761718750000e+01,5.216820526123046875e+01,-2.424765596435153603e-03,2.474949193315135673e-02
1.071698510767429980e+05,-5.113499450683593750e+01,4.710616302490234375e+01,9.763904617191079827e-04,1.749691566762614364e-02
1.071699012213950045e+05,-5.345465087890625000e+01,4.171221160888671875e+01,5.604550266166966749e-03,1.114201577166060164e-02
1.071699514468989946e+05,-5.393063354492187500e+01,3.562042236328125000e+01,1.094754181785421998e-02,5.848326751284764480e-03
1.071700011415170011e+05,-5.224446105957031250e+01,2.849556732177734375e+01,1.697425156131582985e-02,1.028870476483565582e-03
1.071700517431839980e+05,-4.850000000000000000e+01,2.150000000000000000e+01,2.365260390659652129e-02,-2.694284226708573704e-03
1.071701013363399979e+05,-4.379304504394531250e+01,1.306125640869140625e+01,2.993755151848543489e-02,-6.812672783592436249e-03
1.071701531547579943e+05,-3.781965637207031250e+01,4.674674987792968750e+00,3.579888315768170459e-02,-1.046853307932433738e-02
1.071702013755539956e+05,-3.096583557128906250e+01,-3.027114868164062500e+00,4.129385538197186817e-02,-1.326793611298741210e-02
1.071702513164480042e+05,-2.546733093261718750e+01,-8.824600219726562500e+00,4.430377280267341206e-02,-1.379732171708326557e-02
1.071703018103570066e+05,-2.006666564941406250e+01,-1.493333435058593750e+01,4.575975750719830926e-02,-1.386626209505520055e-02
1.071703510103489971e+05,-1.500000000000000000e+01,-1.950000000000000000e+01,4.635128016170680237e-02,-1.295626738659521118e-02
1.071704010703160020e+05,-1.127836608886718750e+01,-2.364775085449218750e+01,4.539025699039063444e-02,-1.178367163489369568e-02
1.071704514929290017e+05,-7.993148803710937500e+00,-2.700685119628906250e+01,4.383609776170995648e-02,-1.041970144458686555e-02
1.071705011110850028e+05,-6.014358520507812500e+00,-2.895050048828125000e+01,4.152956266638278826e-02,-8.427627884564900529e-03
1.071705504828910052e+05,-4.000000000000000000e+00,-2.950000000000000000e+01,3.957916237909041984e-02,-5.649135517908772733e-03
1.071706007790790027e+05,-2.427459716796875000e+00,-2.875088500976562500e+01,3.790274218443420717e-02,-2.124717607135667187e-03
1.071706506508629973e+05,-5.313873291015625000e-01,-2.839363098144531250e+01,3.720828931554472779e-02,4.525144061822722764e-04
1.071707012792150053e+05,-2.749328613281250000e-01,-2.960627746582031250e+01,3.569641858173960847e-02,5.321639737839111393e-04
1.071707506526869984e+05,-1.000000000000000000e+00,-3.200000000000000000e+01,3.342753094133773389e-02,-1.697486568880673691e-03
1.071708010715230048e+05,-2.547943115234375000e+00,-3.318493652343750000e+01,3.047914073758958842e-02,-3.580515188575360882e-03
1.071708513170630031e+05,-4.090347290039062500e+00,-3.382916259765625000e+01,2.789951821877224153e-02,-4.549543689704448578e-03
1.071709007364050049e+05,-6.729537963867187500e+00,-3.348666381835937500e+01,2.499711326592145288e-02,-4.171015350725009938e-03
1.071709508949650044e+05,-8.500000000000000000e+00,-3.050000000000000000e+01,2.316951466125406756e-02,-1.021977788139432708e-03
1.071710010113210010e+05,-1.291371154785156250e+01,-2.984349060058593750e+01,1.975514305649504060e-02,5.745564451070704973e-04
1.071710507957719965e+05,-1.670889282226562500e+01,-2.760221862792968750e+01,1.668097597840421595e-02,2.491924634192278949e-03
1.071711005967779929e+05,-2.033757019042968750e+01,-2.435322570800781250e+01,1.429899741590566833e-02,5.055044187273138694e-03
1.071711505581719975e+05,-2.537500000000000000e+01,-2.181250000000000000e+01,1.120618901247557794e-02,6.793286388573181386e-03
1.071712003722899972e+05,-3.083332824707031250e+01,-2.033332824707031250e+01,7.742167646746761500e-03,6.926469923402205596e-03
1.071712501346670033e+05,-3.764788818359375000e+01,-2.073239135742187500e+01,3.249959896960093186e-03,4.710575819873096329e-03
1.071713002806150034e+05,-4.540718078613281250e+01,-2.080239868164062500e+01,-2.037137314985202480e-03,2.210150583777795337e-03
1.071713500596030062e+05,-5.167063903808593750e+01,-2.530572509765625000e+01,-5.743051151106428470e-03,-3.815518346235078316e-03
1.071714003269389941e+05,-6.064285278320312500e+01,-2.369047546386718750e+01,-1.089858821701729721e-02,-4.827542004176783690e-03
1.071714500491130020e+05,-6.770275878906250000e+01,-2.414976501464843750e+01,-1.455845215245998511e-02,-5.264644943093556989e-03
1.071715002235790016e+05,-7.055281066894531250e+01,-2.477392578125000000e+01,-1.362789484182928140e-02,-5.604264492342595806e-03
1.071715501101219998e+05,-7.167343139648437500e+01,-2.232893371582031250e+01,-9.867115239775021973e-03,-3.199672491394747569e-03
1.071716001814790070e+05,-7.269305419921875000e+01,-2.111260986328125000e+01,-6.019132380946864286e-03,-1.201443675294075822e-03
1.071716503715750005e+05,-6.751794433593750000e+01,-1.827836608886718750e+01,2.178457846095706914e-03,1.605131712069557490e-03
1.071716998677499942e+05,-6.225686645507812500e+01,-1.781488037109375000e+01,1.042272486848097243e-02,2.104014829359686367e-03
1.071717502400670055e+05,-5.119769287109375000e+01,-1.412571716308593750e+01,2.208236297307483026e-02,4.349221970294666131e-03
1.071718004412370065e+05,-4.182164001464843750e+01,-1.241656494140625000e+01,3.146249561513482507e-02,5.238488664718476788e-03
1.071718504587969946e+05,-3.163014221191406250e+01,-1.336985778808593750e+01,3.885076149782439037e-02,3.038322170057502353e-03
1.071719008591510064e+05,-1.976327514648437500e+01,-1.298960876464843750e+01,4.567825609068260073e-02,1.131096941678983326e-03
1.071719508675270044e+05,-6.593200683593750000e+00,-1.222599792480468750e+01,5.259473077272527886e-02,1.597518581141830867e-04
1.071720005349230050e+05,3.918914794921875000e+00,-1.391891479492187500e+01,5.644280552674407758e-02,-2.353014849623785883e-03
1.071720500631900068e+05,1.620173645019531250e+01,-1.243812561035156250e+01,6.040778007225836022e-02,-2.248037194748626986e-03
1.071721001044540026e+05,2.736051940917968750e+01,-1.418025207519531250e+01,6.329615383659231709e-02,-3.862353150906245192e-03
1.071721498257200001e+05,3.837971496582031250e+01,-1.480789184570312500e+01,6.583986557877626045e-02,-4.991483303945777952e-03
1.071721999833349983e+05,4.860298156738281250e+01,-1.805825805664062500e+01,6.771745942926399309e-02,-8.075304544881874158e-03
1.071722500007850031e+05,5.626368713378906250e+01,-2.237420654296875000e+01,6.747435420871213119e-02,-1.248277038491223470e-02
1.071722999353449995e+05,6.171583557128906250e+01,-2.860084533691406250e+01,6.512732347386626652e-02,-1.846605771190359263e-02
1.071723503976250067e+05,6.654687500000000000e+01,-3.298828125000000000e+01,6.238788843748915153e-02,-2.254263823097521144e-02
1.071724007949049992e+05,6.964847564697265625e+01,-3.382791137695312500e+01,5.919093770782359043e-02,-2.203446526539333539e-02
1.071724497583799966e+05,7.123900604248046875e+01,-3.626872253417968750e+01,5.580519399325770818e-02,-2.139061251735071764e-02
1.071725017401850055e+05,7.223584747314453125e+01,-3.593395996093750000e+01,5.260327681119959103e-02,-1.844357441966403346e-02
1.071725497945009993e+05,7.143888092041015625e+01,-3.455397033691406250e+01,4.940551031145076766e-02,-1.466672167818153932e-02
1.071726011595879972e+05,6.950000000000000000e+01,-3.100000000000000000e+01,4.569001936684916054e-02,-9.273483926740449038e-03
1.071726500498050009e+05,6.571473693847656250e+01,-2.599060058593750000e+01,4.138191312733802141e-02,-3.203081474147479943e-03
1.071726996752200066e+05,6.036424255371093750e+01,-1.883415222167968750e+01,3.620480740820029159e-02,3.956799242233088182e-03
1.071727496712800057e+05,5.380772399902343750e+01,-1.096487426757812500e+01,3.067376915986995065e-02,1.092896195725237204e-02
1.071727991745299951e+05,4.530756378173828125e+01,-2.448738098144531250e+00,2.430226157407325976e-02,1.724429694930913054e-02
1.071728493858659931e+05,3.500000000000000000e+01,6.085365295410156250e+00,1.701088433097124736e-02,2.233307319862764401e-02
1.071728991980760038e+05,2.470234680175781250e+01,1.599098205566406250e+01,1.049580324249369673e-02,2.753397766718290729e-02
1.071729494890789938e+05,1.456912231445312500e+01,2.288993072509765625e+01,5.386545792498184659e-03,2.954019655326774185e-02
1.071729992094750050e+05,5.432098388671875000e+00,3.151234436035156250e+01,2.293326539753968996e-03,3.186217243731084142e-02
1.071730493999970058e+05,-2.079772949218750000e+00,3.500194549560546875e+01,1.645987725453885997e-03,2.981836697282878521e-02
1.071730989401160041e+05,-7.583328247070312500e+00,4.005000305175781250e+01,3.376587498894433048e-03,2.824349727073065947e-02
1.071731493430999981e+05,-1.050784301757812500e+01,4.294850158691406250e+01,7.673863038728336028e-03,2.570818761288947568e-02
1.071731991763469996e+05,-1.126036071777343750e+01,4.509058380126953125e+01,1.366359455680895424e-02,2.311358263519416867e-02
1.071732492465550022e+05,-1.069917297363281250e+01,4.641402435302734375e+01,2.000337430609671480e-02,2.065392950233303770e-02
1.071732990208569972e+05,-8.467285156250000000e+00,4.637383270263671875e+01,2.642848041311243734e-02,1.788834442862317561e-02
1.071733492301759979e+05,-3.158828735351562500e+00,4.471411895751953125e+01,3.421835642624981855e-02,1.432967603076553895e-02
1.071733988308130065e+05,2.395965576171875000e+00,4.235968017578125000e+01,4.127371667261339749e-02,1.072319625979490341e-02
1.071734487311330013e+05,9.234191894531250000e+00,3.934126281738281250e+01,4.783182636851097264e-02,7.318583158197135979e-03
1.071734987879160035e+05,1.561759948730468750e+01,3.544008636474609375e+01,5.269104068426810894e-02,3.948586709992705709e-03
1.071735499192830030e+05,2.300000000000000000e+01,3.000000000000000000e+01,5.695541355422706342e-02,-1.129123271645555981e-04
1.071735986631489941e+05,2.951387023925781250e+01,2.308925628662109375e+01,5.996352146889601109e-02,-5.120017184424957221e-03
1.071736483461739990e+05,3.540361785888671875e+01,1.772891235351562500e+01,6.150942910039773615e-02,-8.379365975326159843e-03
1.071736949470929976e+05,3.991593170166015625e+01,1.462015533447265625e+01,6.175095868958866557e-02,-8.659567069867597777e-03
1.071737450320600037e+05,4.422628784179687500e+01,1.091352081298828125e+01,6.107148008076610651e-02,-8.050882987561635423e-03
1.071737951135269977e+05,4.610374450683593750e+01,7.270668029785156250e+00,5.864668197369636571e-02,-7.361196389746924376e-03
1.071738450169029966e+05,4.596940612792968750e+01,6.170013427734375000e+00,5.451959246820711064e-02,-4.789895117973732089e-03
1.071738948250950052e+05,4.325724792480468750e+01,5.292572021484375000e+00,4.847023895188815046e-02,-1.903589418465191987e-03
1.071739452902810008e+05,4.007228851318359375e+01,5.657653808593750000e+00,4.251879745400784227e-02,1.516299798788343228e-03
1.071739947029019968e+05,3.650000000000000000e+01,7.000000000000000000e+00,3.768789708523935522e-02,5.195290224775437823e-03
1.071740448797020072e+05,3.200000000000000000e+01,7.321426391601562500e+00,3.343246672189506552e-02,7.323921090862398932e-03
1.071740947603370005e+05,2.618984985351562500e+01,9.387420654296875000e+00,2.910396097138235466e-02,9.872808306514543192e-03
1.071741448955999949e+05,1.936964416503906250e+01,1.170038604736328125e+01,2.453248064072888202e-02,1.237592593429110224e-02
1.071741947342729982e+05,1.050000000000000000e+01,1.550000000000000000e+01,1.870566452663501716e-02,1.578086256825824915e-02
1.071742447515920067e+05,1.136413574218750000e+00,1.677124786376953125e+01,1.269503183736246654e-02,1.679601221118157128e-02
1.071742946457649959e+05,-8.452728271484375000e+00,1.801848602294921875e+01,7.193794935406623570e-03,1.667018414668269138e-02
1.071743448492489988e+05,-1.704014587402343750e+01,1.954379272460937500e+01,3.438676285310457437e-03,1.646755162041057749e-02
1.071743949109950045e+05,-2.401538085937500000e+01,2.161932373046875000e+01,2.111761344435393595e-03,1.695057539537930813e-02
1.071744448990179953e+05,-2.978952026367187500e+01,2.245728302001953125e+01,2.617384250110328658e-03,1.671238169028594830e-02
1.071744947164320038e+05,-3.316038513183593750e+01,2.300611877441406250e+01,5.393054474361953787e-03,1.609726304435897884e-02
1.071745447504180047e+05,-3.452334594726562500e+01,2.307971191406250000e+01,9.923458495249053157e-03,1.514576964640037063e-02
1.071745945829609991e+05,-3.326843261718750000e+01,2.218192291259765625e+01,1.621522564852999337e-02,1.349603168430825624e-02
1.071746447494460008e+05,-3.041288757324218750e+01,2.025399017333984375e+01,2.315712634421560751e-02,1.101980716566260815e-02
1.071746947435990005e+05,-2.640388488769531250e+01,1.715051269531250000e+01,2.981416860612196712e-02,7.674149919569958275e-03
1.071747448868990032e+05,-2.245040893554687500e+01,1.332589721679687500e+01,3.486800030979054360e-02,3.952024082795083451e-03
1.071747946606460027e+05,-1.730102539062500000e+01,9.306678771972656250e+00,3.929380507203613510e-02,5.683973054353436832e-04
1.071748456519589963e+05,-1.187670898437500000e+01,4.876708984375000000e+00,4.285775010417986614e-02,-2.457323654846611805e-03
1.071748948620059964e+05,-5.938964843750000000e+00,-6.732406616210937500e-01,4.612544066545026800e-02,-5.927709235778544014e-03
1.071749466148320062e+05,-1.000000000000000000e+00,-7.000000000000000000e+00,4.771470587007858172e-02,-9.776897724731338848e-03
1.071749946618880058e+05,6.000000000000000000e+00,-1.250000000000000000e+01,5.078653345975515931e-02,-1.271110898988003432e-02
1.071750444578019960e+05,1.068965148925781250e+01,-1.975286865234375000e+01,5.189464002116510322e-02,-1.649479344418013776e-02
1.071750944894540007e+05,1.700000000000000000e+01,-2.750000000000000000e+01,5.376922832657170248e-02,-2.072348952141516223e-02
1.071751443971080007e+05,2.150000000000000000e+01,-3.150000000000000000e+01,5.440736736472371465e-02,-2.141163070654639178e-02
1.071751943449100072e+05,2.394520568847656250e+01,-3.794520568847656250e+01,5.288782253436830755e-02,-2.298279041884974255e-02
1.071752442521930061e+05,2.450000000000000000e+01,-4.050000000000000000e+01,4.936897196647638264e-02,-2.165374200504591520e-02
1.071752942009020044e+05,2.506849670410156250e+01,-4.106849670410156250e+01,4.596037324068645569e-02,-1.793849516271264766e-02
1.071753440418340033e+05,2.344827270507812500e+01,-3.948275756835937500e+01,4.158712490821261237e-02,-1.235962591400877053e-02
1.071753941274490062e+05,2.058219909667968750e+01,-3.558219909667968750e+01,3.667481852581511159e-02,-5.260702472380017827e-03
1.071754440830649983e+05,1.710345458984375000e+01,-2.943103027343750000e+01,3.204839837141364861e-02,2.927961959590644550e-03
1.071754940813290013e+05,1.283561706542968750e+01,-2.283561706542968750e+01,2.774685682402191350e-02,1.033747179904481381e-02
1.071755439948900021e+05,5.904113769531250000e+00,-1.490411376953125000e+01,2.197508263842684606e-02,1.720834146290458472e-02
1.071755943846519949e+05,1.598831176757812500e+00,-4.360023498535156250e+00,1.884782692820034453e-02,2.501730153979412827e-02
1.071756439840480016e+05,-8.948135375976562500e+00,1.688018798828125000e+00,1.171632917721350531e-02,2.808530300633988591e-02
1.071756940259969997e+05,-1.609683227539062500e+01,1.044956207275390625e+01,6.830799335340149991e-03,3.121489091479448530e-02
1.071757438899469998e+05,-2.387309265136718750e+01,1.852565002441406250e+01,2.973857830465755081e-03,3.367565620280085770e-02
1.071757939896000025e+05,-2.970471191406250000e+01,2.700653839111328125e+01,1.602670126676898621e-03,3.621936666379404340e-02
1.071758437524579931e+05,-3.500000000000000000e+01,3.450000000000000000e+01,1.566114198475170721e-03,3.802211276348398811e-02
1.071758938178509998e+05,-3.752726745605468750e+01,4.078725433349609375e+01,4.103547554096451805e-03,3.859284401852663277e-02
1.071759440609279991e+05,-3.910638427734375000e+01,4.565957641601562500e+01,7.688043530726725028e-03,3.779169494830481035e-02
1.071759939627120038e+05,-3.717970275878906250e+01,5.001221466064453125e+01,1.371266446929458177e-02,3.666375694216005010e-02
1.071760439542350068e+05,-3.480668640136718750e+01,5.264099884033203125e+01,1.972187837082817197e-02,3.457263920939701585e-02
1.071760938719260012e+05,-3.076387023925781250e+01,5.524439239501953125e+01,2.581110275299550172e-02,3.291267275238995982e-02
1.071761438272829982e+05,-2.371826171875000000e+01,5.716238784790039062e+01,3.332402072018815498e-02,3.157416180302644038e-02
1.071761936136959994e+05,-1.469187927246093750e+01,5.875201416015625000e+01,4.181292132270634371e-02,3.072213121445720868e-02
1.071762438516069960e+05,-5.150527954101562500e+00,6.048285293579101562e+01,4.968836613325551543e-02,3.068008631336418060e-02
1.071762939485370007e+05,4.183486938476562500e+00,6.060876083374023438e+01,5.586772339401796517e-02,2.988197884561760026e-02
1.071763438112279982e+05,1.286035156250000000e+01,6.125569915771484375e+01,5.991784036223662263e-02,2.961498391929338544e-02
1.071763938928989955e+05,2.169273376464843750e+01,6.012535476684570312e+01,6.283222296855399402e-02,2.826912852129074422e-02
1.071764436290909944e+05,2.799415588378906250e+01,5.745613861083984375e+01,6.303607191891644201e-02,2.552932835014924337e-02
1.071764934602629946e+05,3.269989776611328125e+01,5.455477142333984375e+01,6.110548907493761062e-02,2.262031076636117355e-02
1.071765435263969994e+05,3.709392547607421875e+01,4.983206939697265625e+01,5.885362627042983741e-02,1.867676548203884082e-02
1.071765935842350009e+05,4.043449401855468750e+01,4.423799133300781250e+01,5.650346421050021772e-02,1.429232808121273443e-02
1.071766434267409932e+05,4.364792633056640625e+01,3.606950378417968750e+01,5.494051400135310792e-02,8.213129602552694808e-03
1.071766934131159942e+05,4.497726440429687500e+01,2.919261932373046875e+01,5.273467334747121427e-02,3.561988019092243718e-03
1.071767435606020008e+05,4.521428680419921875e+01,2.032142639160156250e+01,5.003500542045814792e-02,-1.524010533195428035e-03
1.071767936664199951e+05,4.509556579589843750e+01,1.273418426513671875e+01,4.762276733190765748e-02,-4.978735908480622085e-03
1.071768434572419937e+05,4.316326904296875000e+01,5.043632507324218750e+00,4.442753154384040254e-02,-7.526831517558275203e-03
1.071768934309129982e+05,4.070400238037109375e+01,4.359970092773437500e-01,4.116124266356192135e-02,-6.842400917307221719e-03
1.071769435243430053e+05,3.739636230468750000e+01,-4.976188659667968750e+00,3.784957183984316575e-02,-5.981005640857701283e-03
1.071769932817020017e+05,3.250000000000000000e+01,-1.100000000000000000e+01,3.378122737084782862e-02,-6.236266543601379914e-03
1.071770433361869946e+05,2.887625122070312500e+01,-1.453709411621093750e+01,3.123477089902308018e-02,-5.128561915299499618e-03
1.071770932481740019e+05,2.445523071289062500e+01,-1.938059997558593750e+01,2.907850158169350205e-02,-5.185373552743203704e-03
1.071771432171610068e+05,2.029469299316406250e+01,-2.326545715332031250e+01,2.758678211169399500e-02,-5.274555040718909363e-03
1.071771932714620052e+05,1.379429626464843750e+01,-2.674925231933593750e+01,2.440914927602545748e-02,-5.344749773296783579e-03
1.071772432122629980e+05,7.835281372070312500e+00,-2.897415161132812500e+01,2.133776382516810316e-02,-4.604469067944065228e-03
1.071772944104259950e+05,1.493652343750000000e+00,-3.064367675781250000e+01,1.835236768744320443e-02,-3.394348372129487104e-03
1.071773432026249939e+05,-5.955169677734375000e+00,-3.302989196777343750e+01,1.463328470201515769e-02,-3.233582131907228666e-03
1.071773933012769994e+05,-1.129278564453125000e+01,-3.256907653808593750e+01,1.277134051416591726e-02,-1.258625851935654162e-03
1.071774431504679960e+05,-1.705555725097656250e+01,-3.461111450195312500e+01,1.140364998080430764e-02,-1.289474711524734619e-03
1.071774931089909951e+05,-1.998718261718750000e+01,-3.441854858398437500e+01,1.262950238790191623e-02,-4.281132033151467675e-04
1.071775431059959956e+05,-2.077157592773437500e+01,-3.326818847656250000e+01,1.631007083134498187e-02,1.366745568455613249e-03
1.071775932611659955e+05,-1.992280578613281250e+01,-3.194418334960937500e+01,2.148431075882204638e-02,3.255910706379193300e-03
1.071776431024689955e+05,-1.792059326171875000e+01,-3.028970336914062500e+01,2.703907569243178821e-02,5.013063432332900277e-03
1.071776930703440012e+05,-1.397639465332031250e+01,-2.676179504394531250e+01,3.321667357117709385e-02,7.982137566115363181e-03
1.071777429694239981e+05,-1.071794128417968750e+01,-2.664102172851562500e+01,3.777925548122517546e-02,7.870119758773490293e-03
1.071777929740580003e+05,-5.500000000000000000e+00,-2.400000000000000000e+01,4.248185209057774719e-02,8.644819362390039619e-03
1.071778429888399987e+05,-1.190338134765625000e+00,-2.044813537597656250e+01,4.563584772717067112e-02,1.053611322975883495e-02
1.071778931102520000e+05,4.650314331054687500e+00,-1.568098449707031250e+01,4.901817279040986131e-02,1.371548866574647842e-02
1.071779429485730070e+05,9.559799194335937500e+00,-1.151992797851562500e+01,5.128298953708756991e-02,1.642420328235950563e-02
1.071779928539109969e+05,1.456869506835937500e+01,-5.912216186523437500e+00,5.296249319447668413e-02,1.982295569092598631e-02
1.071780425805289997e+05,1.941943359375000000e+01,1.362396240234375000e+00,5.425371819279011659e-02,2.456651277147196832e-02
1.071780925615339947e+05,2.420957946777343750e+01,9.777328491210937500e+00,5.537721244371748147e-02,3.026058984501535029e-02
1.071781426757229929e+05,2.717094421386718750e+01,1.552684020996093750e+01,5.492861811001627931e-02,3.321361994162512488e-02
1.071781927357649984e+05,2.836871337890625000e+01,2.118671417236328125e+01,5.263388335634094223e-02,3.465618255111536927e-02
1.071782425905109994e+05,2.912500000000000000e+01,2.700000000000000000e+01,4.989006626088641344e-02,3.572439404998672269e-02
1.071782926072940027e+05,2.856665039062500000e+01,3.122473907470703125e+01,4.655324401590952427e-02,3.542848323505146113e-02
1.071783425214470044e+05,2.616171264648437500e+01,3.504756164550781250e+01,4.217754149286739862e-02,3.467112814553698075e-02
1.071783925947660027e+05,2.402082824707031250e+01,3.702083587646484375e+01,3.854203873724408591e-02,3.260732865941824710e-02
1.071784424590499984e+05,1.961491394042968750e+01,3.858209991455078125e+01,3.400621801440797953e-02,3.039217453176537576e-02
1.071784925565909944e+05,1.390913391113281250e+01,3.814146423339843750e+01,2.874398630847291650e-02,2.706415105713813607e-02
1.071785424817440071e+05,7.853485107421875000e+00,3.708604431152343750e+01,2.377879985376667171e-02,2.362125427315882320e-02
1.071785924507120071e+05,1.064224243164062500e+00,3.604393768310546875e+01,1.906111250062787060e-02,2.100440419021809904e-02
1.071786436079489940e+05,-8.592300415039062500e+00,3.229230499267578125e+01,1.257172608879440767e-02,1.695950459866261278e-02
1.071786973297969962e+05,-1.684992980957031250e+01,2.800349426269531250e+01,7.680497565697205764e-03,1.268092945437324440e-02
1.071787484736820043e+05,-2.658735656738281250e+01,2.351138305664062500e+01,2.642214498531796074e-03,9.071354297028204339e-03
1.071787963442030014e+05,-3.450515747070312500e+01,1.741929626464843750e+01,-7.438191315329023556e-04,4.787010606091261777e-03
1.071788462775780063e+05,-4.063549804687500000e+01,1.150599670410156250e+01,-1.673141427037165563e-03,9.819238948979708281e-04
1.071788959366219933e+05,-4.432852172851562500e+01,3.431411743164062500e+00,3.361967673644189469e-04,-3.970842103062463546e-03
1.071789464824199968e+05,-4.528182983398437500e+01,-4.660881042480468750e+00,5.243082598270897704e-03,-8.760553154377064000e-03
1.071789964481280040e+05,-4.396540832519531250e+01,-1.366888427734375000e+01,1.195766267946678577e-02,-1.373950058703925226e-02
1.071790459510070068e+05,-4.164482116699218750e+01,-2.295120239257812500e+01,1.860936424526047489e-02,-1.856765621925863738e-02
1.071790967063760036e+05,-3.593440246582031250e+01,-3.383087158203125000e+01,2.673701648067456846e-02,-2.423514659219036527e-02
1.071791465613080072e+05,-2.876744079589843750e+01,-4.376744079589843750e+01,3.509184440781097647e-02,-2.897533708569182548e-02
1.071791975079169933e+05,-2.136740112304687500e+01,-5.515371704101562500e+01,4.208032648790833996e-02,-3.421672700968128589e-02
1.071792469858149998e+05,-1.277304077148437500e+01,-6.323858642578125000e+01,4.838857711952444796e-02,-3.656947747063201554e-02
1.071792961509180022e+05,-3.105834960937500000e+00,-6.905000305175781250e+01,5.439404309299662732e-02,-3.592568796216628196e-02
1.071793459302389965e+05,6.351791381835937500e+00,-7.347882080078125000e+01,5.925910366526436490e-02,-3.346541558476320843e-02
1.071793962690560002e+05,1.419564819335937500e+01,-7.444203186035156250e+01,6.165901823803741910e-02,-2.820571988752207382e-02
1.071794461967279931e+05,2.037429809570312500e+01,-7.399604797363281250e+01,6.159346788281946233e-02,-2.213117555106523110e-02
1.071794973033169954e+05,2.440859985351562500e+01,-7.127957153320312500e+01,5.886647302823094785e-02,-1.525378715140585442e-02
1.071795471399709932e+05,2.739071655273437500e+01,-6.825602722167968750e+01,5.533501416409997153e-02,-9.592729381756788867e-03
1.071795959862619929e+05,3.017256164550781250e+01,-6.308628845214843750e+01,5.245445953029873043e-02,-3.874624717792062023e-03
1.071796470259079942e+05,3.250000000000000000e+01,-5.550000000000000000e+01,5.015261809400847065e-02,2.845092804428232813e-03
1.071796954082570010e+05,3.318943023681640625e+01,-4.525837707519531250e+01,4.779398257011374662e-02,1.110351985572762858e-02
1.071797479048920068e+05,3.250573730468750000e+01,-3.577842712402343750e+01,4.446394495478703940e-02,1.779410087802773752e-02
1.071797964269999939e+05,3.075575256347656250e+01,-2.442271423339843750e+01,4.109053128319612586e-02,2.462374486160239309e-02
1.071798474873859959e+05,2.892033386230468750e+01,-1.319119262695312500e+01,3.804888964904949711e-02,3.028252153470206709e-02
1.071798954091839987e+05,2.498970031738281250e+01,-1.521530151367187500e+00,3.420162023300110654e-02,3.556751991440164351e-02
1.071799458906660002e+05,1.837069702148437500e+01,9.741378784179687500e+00,2.809082597787675856e-02,3.956836090719015320e-02
1.071799954215259932e+05,1.058810424804687500e+01,1.815638732910156250e+01,2.119602784208438409e-02,4.048624176354559401e-02
1.071800453365690046e+05,5.000000000000000000e-01,2.600000000000000000e+01,1.298479767730038870e-02,3.992858362661931559e-02
1.071800953699620004e+05,-9.833328247070312500e+00,3.150000000000000000e+01,5.282546841562374418e-03,3.740597591830529395e-02
1.071801455442430015e+05,-1.884054565429687500e+01,3.507488250732421875e+01,9.727336401219727202e-05,3.340507962086344818e-02
1.071801955009340018e+05,-2.860763549804687500e+01,3.849086761474609375e+01,-4.154188832842894974e-03,3.000126191936498127e-02
1.071802454799749976e+05,-3.613330078125000000e+01,4.042288970947265625e+01,-5.772523540463751768e-03,2.670312088025021333e-02
1.071802954194250051e+05,-4.200000000000000000e+01,4.000000000000000000e+01,-5.054271823324830992e-03,2.240984026694442868e-02
1.071803454635959934e+05,-4.403999328613281250e+01,3.804000091552734375e+01,-6.384073707924355079e-04,1.744437915313169080e-02
1.071803954137859982e+05,-4.300000000000000000e+01,3.650000000000000000e+01,6.733119890263369184e-03,1.375844576707233730e-02
1.071804455484380014e+05,-4.260000610351562500e+01,3.259999847412109375e+01,1.294583943352777856e-02,9.397247608959487936e-03
1.071804955803500052e+05,-4.004321289062500000e+01,2.832716369628906250e+01,1.896293952047778397e-02,5.303101422388647665e-03
1.071805453783749981e+05,-3.431018066406250000e+01,2.278632354736328125e+01,2.631411455498876978e-02,9.589555469916230535e-04
1.071805956871359958e+05,-2.624531555175781250e+01,1.752268981933593750e+01,3.483084302216479800e-02,-2.506696626181657839e-03
