t,ex,ey,ux,uy
1.072989821578800038e+05,-8.021972656250000000e+00,-4.090806579589843750e+01,1.606603179399381919e-03,-1.850488152047201004e-02
1.072990283145769936e+05,-8.227890014648437500e+00,-4.070999145507812500e+01,2.938274375880764282e-03,-2.535194418118611251e-02
1.072990765825550043e+05,-9.373535156250000000e+00,-3.666595458984375000e+01,1.547868639688763318e-03,-1.187271994170266409e-02
1.072991253469359945e+05,-8.357147216796875000e+00,-3.460714721679687500e+01,2.992161160732213256e-03,-3.952800369517530418e-04
1.072991758450089983e+05,-8.474456787109375000e+00,-3.900000000000000000e+01,3.548515515345810212e-04,-1.551230204621677385e-02
1.072992260788610001e+05,-1.220796203613281250e+01,-3.700000000000000000e+01,-8.948139725260307459e-03,-2.296861794482715768e-02
1.072992768790050031e+05,-7.500000000000000000e+00,-4.250000000000000000e+01,-3.240206176591983473e-03,-4.298129299075206800e-02
1.072993253864620056e+05,-9.500000000000000000e+00,-3.800000000000000000e+01,1.490254135281616306e-03,-2.884363358992813459e-02
1.072993753471499949e+05,-8.500000000000000000e+00,-3.400000000000000000e+01,8.930440605465715317e-03,-2.172413427805475281e-03
1.072994261701089999e+05,-1.150000000000000000e+01,-4.150000000000000000e+01,-8.116499124948892488e-03,-1.690807827605343705e-02
1.072994778672459943e+05,-1.104829406738281250e+01,-4.252330017089843750e+01,-1.356370001354813108e-02,-3.713693689065825781e-02
1.072995260895760002e+05,-1.655960083007812500e+01,-3.753187561035156250e+01,-2.036045866424966017e-02,-2.835544295428884740e-02
1.072995753455280064e+05,-1.100000000000000000e+01,-4.250000000000000000e+01,-9.590902097231596146e-03,-3.139985063178557523e-02
1.072996255107879988e+05,-1.308386230468750000e+01,-4.472692871093750000e+01,1.094547676977592577e-04,-3.607210267988762709e-02
1.072996755013829970e+05,-1.400000000000000000e+01,-4.200000000000000000e+01,-9.761835631778561714e-04,-3.458622982336306828e-02
1.072997257823639957e+05,-1.291044616699218750e+01,-4.062686157226562500e+01,8.786380715853067463e-04,-2.079087166150148103e-02
1.072997751615190064e+05,-1.116107177734375000e+01,-2.915855407714843750e+01,4.192264903228263249e-03,3.514862596663177741e-02
1.072998262051430065e+05,-1.450000000000000000e+01,-3.400000000000000000e+01,-9.743984339159180580e-03,1.788267338513473137e-02
1.072998757644629950e+05,-2.250000000000000000e+01,-2.250000000000000000e+01,-2.907172943300706525e-02,2.471340225629685416e-02
1.072999246034550015e+05,-2.069914245605468750e+01,-2.115759277343750000e+01,-4.126998781131770849e-02,1.929250037148310185e-02
1.072999750920649967e+05,-1.373077392578125000e+01,-2.803846740722656250e+01,-1.747402908738568059e-02,-8.327784390669014034e-03
1.073000249241970014e+05,-1.362080383300781250e+01,-1.937919616699218750e+01,1.638338267705092069e-02,-3.265432144744569599e-03
1.073000753783069958e+05,-8.673645019531250000e+00,-1.993673706054687500e+01,2.622406360814811752e-02,-2.643935137593662627e-03
1.073001246098700067e+05,0.000000000000000000e+00,-2.100000000000000000e+01,3.568273255545503092e-02,1.875293570853907158e-04
1.073001746273909957e+05,9.948822021484375000e+00,-2.279920959472656250e+01,5.302297161053128732e-02,-1.174216435087983498e-02
1.073002245176709985e+05,1.884263610839843750e+01,-2.324365234375000000e+01,7.038407719378485250e-02,-2.593780271837299242e-02
1.073002748050420050e+05,2.783290100097656250e+01,-2.165689086914062500e+01,8.093816554567578869e-02,-1.407645449171983885e-02
1.073003245609709993e+05,3.513917541503906250e+01,-1.750000000000000000e+01,7.970058318948476661e-02,1.474513035640138102e-02
1.073003744689000014e+05,4.124202728271484375e+01,-1.264402770996093750e+01,6.573902532093682527e-02,3.807834566551912547e-02
1.073004239523690048e+05,4.384617614746093750e+01,-8.630966186523437500e+00,4.806481766743309764e-02,4.107340214813343798e-02
1.073004740995729953e+05,4.365184020996093750e+01,-2.105400085449218750e+00,3.142517605278941084e-02,3.729436398386176688e-02
1.073005241731120041e+05,4.060294342041015625e+01,3.257354736328125000e+00,1.250536006999603510e-02,3.304127397708953723e-02
1.073005742582240055e+05,3.664529418945312500e+01,7.517433166503906250e+00,-3.085152891833683152e-03,3.351976442100924186e-02
1.073006243076149985e+05,3.159779357910156250e+01,1.386592864990234375e+01,-1.500827333430464899e-02,4.092653628552804512e-02
1.073006742293389980e+05,2.788017272949218750e+01,1.726583862304687500e+01,-1.901097461175476136e-02,4.251055399983403454e-02
1.073007244508029980e+05,2.542565917968750000e+01,1.710042572021484375e+01,-1.864832008396951485e-02,3.033061727069146993e-02
1.073007741001959948e+05,2.483123779296875000e+01,1.785015869140625000e+01,-5.750557709142021037e-03,1.808192374107214437e-02
1.073008242334749957e+05,2.741708374023437500e+01,1.629145812988281250e+01,2.142064210475801492e-02,-1.187401787154228339e-03
1.073008740899590048e+05,3.353842163085937500e+01,1.666380310058593750e+01,5.891660249212660183e-02,-4.562465000442442881e-03
1.073009242588119960e+05,4.257676696777343750e+01,1.056092071533203125e+01,7.872420270278641941e-02,-2.025751506530096974e-02
1.073009759029129928e+05,5.251206207275390625e+01,7.964698791503906250e+00,9.621835699002191655e-02,-3.089252326401852738e-02
1.073010238705969969e+05,6.231518554687500000e+01,7.151840209960937500e+00,1.043224002455187538e-01,-2.611222513991554028e-02
1.073010741972630058e+05,6.893691253662109375e+01,7.488731384277343750e+00,1.011291852354550824e-01,-9.247132636514826878e-03
1.073011237723420054e+05,7.333333587646484375e+01,1.011111450195312500e+01,8.513268444715600680e-02,1.181648157066537280e-02
1.073011737376030069e+05,7.434169006347656250e+01,1.430407714843750000e+01,5.331819090736732852e-02,3.043068688164193500e-02
1.073012238614749949e+05,7.245604705810546875e+01,1.950000000000000000e+01,1.737071541018871124e-02,3.970175174559971432e-02
1.073012730618899950e+05,6.885016632080078125e+01,2.685914611816406250e+01,-4.090213040258887899e-03,4.890945617544403129e-02
1.073013231353360025e+05,6.443693542480468750e+01,3.214564514160156250e+01,-7.588405315038018566e-03,5.682118372478568713e-02
1.073013734777240024e+05,5.815876770019531250e+01,3.786981964111328125e+01,-1.196053181309315178e-02,6.421083284638771926e-02
1.073014234102269984e+05,5.344981384277343750e+01,4.197026062011718750e+01,-1.682852754207886034e-02,6.454131475326828349e-02
1.073014735239690053e+05,5.100471496582031250e+01,4.441101837158203125e+01,-9.207882199712937726e-03,5.384361864269934100e-02
1.073015234589339962e+05,5.250680541992187500e+01,4.550680541992187500e+01,1.707021615389553437e-02,3.301417528486005892e-02
1.073015729320690007e+05,5.782601928710937500e+01,4.433412170410156250e+01,5.282968793157051535e-02,-3.489973334942860720e-03
1.073016229128859995e+05,6.691657257080078125e+01,4.036294555664062500e+01,8.295134472245910273e-02,-3.113897332587679811e-02
1.073016737026600022e+05,7.487571716308593750e+01,3.650285339355468750e+01,1.022708927887976682e-01,-3.688476964473076658e-02
1.073017234653310006e+05,8.300000000000000000e+01,3.560227203369140625e+01,1.118066500960772508e-01,-1.815091521829423696e-02
1.073017733888520015e+05,8.843643188476562500e+01,3.472262573242187500e+01,1.059796376327515194e-01,3.510246689371822933e-03
1.073018233102060040e+05,9.141132354736328125e+01,3.763335418701171875e+01,8.700759617830863824e-02,2.254889354244047836e-02
1.073018734400399990e+05,9.050000000000000000e+01,4.000000000000000000e+01,5.183323792326776508e-02,2.523432941891489908e-02
1.073019233152840025e+05,8.537999725341796875e+01,4.618000030517578125e+01,4.247470079879451729e-03,2.976304753209243689e-02
1.073019731383979961e+05,7.995082092285156250e+01,5.077049255371093750e+01,-3.371410001249212918e-02,4.283532721393016468e-02
1.073020231133630004e+05,7.134105682373046875e+01,6.034106063842773438e+01,-5.480350376059316825e-02,6.256848689813702957e-02
1.073020731961429992e+05,6.305485534667968750e+01,6.683256912231445312e+01,-5.007690989764883999e-02,7.904042171209643697e-02
1.073021230701640015e+05,5.721571350097656250e+01,7.039775466918945312e+01,-3.383878052649205020e-02,8.532802316965548695e-02
1.073021730466099980e+05,5.657103729248046875e+01,7.182298278808593750e+01,-2.820118440195720083e-03,6.760893368070158838e-02
1.073022228105399990e+05,6.100000000000000000e+01,7.100000000000000000e+01,2.130949881884338856e-02,3.471617634547368575e-02
1.073022729301890067e+05,6.772597503662109375e+01,6.655361557006835938e+01,4.793196324695257055e-02,-9.763162222306012716e-03
1.073023229356910015e+05,7.852471160888671875e+01,6.214538574218750000e+01,8.218910002583396102e-02,-4.186021403574141653e-02
1.073023730210630019e+05,9.270495605468750000e+01,5.561463165283203125e+01,1.060643213987622346e-01,-4.854755598364031421e-02
1.073024228345110023e+05,1.040475769042968750e+02,5.163823699951171875e+01,1.205237122941569677e-01,-3.938481099220458859e-02
1.073024729268819938e+05,1.117349853515625000e+02,5.265665435791015625e+01,1.251767661465875703e-01,-1.198614003562856710e-02
1.073025228698480059e+05,1.190259590148925781e+02,5.351888275146484375e+01,1.198732213754021697e-01,1.756033182280441335e-02
1.073025727535729966e+05,1.209740257263183594e+02,5.697402572631835938e+01,1.021953943770463058e-01,3.735862557646976029e-02
1.073026226927230018e+05,1.194605255126953125e+02,6.046052551269531250e+01,7.026825449634359344e-02,3.723937684423770517e-02
1.073026726775400020e+05,1.160531921386718750e+02,6.562765884399414062e+01,3.757893644790317317e-02,3.318243251932084109e-02
1.073027227025229950e+05,1.120000000000000000e+02,7.150000000000000000e+01,1.115736791326420348e-02,3.802723838749400703e-02
1.073027725235079997e+05,1.086792831420898438e+02,8.008964157104492188e+01,7.145815115779309556e-03,4.705089484889930090e-02
1.073028225503059948e+05,1.020000000000000000e+02,8.750000000000000000e+01,1.031160660387465608e-02,6.395728024079816443e-02
1.073028732880250027e+05,9.827911758422851562e+01,9.088955879211425781e+01,1.058109209918959778e-02,7.292321422863427827e-02
1.073029231132129935e+05,9.450000000000000000e+01,9.350000000000000000e+01,5.733986769639741639e-03,6.503888355272652300e-02
1.073029719223160064e+05,9.365126037597656250e+01,9.556722640991210938e+01,-8.973182243076223115e-04,5.283920527885922758e-02
1.073030217722639936e+05,9.438179779052734375e+01,9.844746780395507812e+01,-1.030145328625925840e-03,3.787452968358582389e-02
1.073030717646919948e+05,9.844850540161132812e+01,9.930535507202148438e+01,1.869570276253919305e-02,2.233883328125892478e-02
1.073031218904709967e+05,1.053724822998046875e+02,9.827852439880371094e+01,4.442561215775978761e-02,1.560593199540029861e-02
1.073031723831169948e+05,1.129357185363769531e+02,9.753736495971679688e+01,6.238759714212138707e-02,1.867547462616626214e-02
1.073032222138789948e+05,1.189464302062988281e+02,9.200000000000000000e+01,8.071201271712154235e-02,2.322934618483174160e-02
1.073032723400099931e+05,1.223779983520507812e+02,8.829927825927734375e+01,9.440979694893765484e-02,2.438425615572501620e-02
1.073033222582900053e+05,1.265000000000000000e+02,8.700000000000000000e+01,9.681560146203543882e-02,1.833390171574240252e-02
1.073033721313300048e+05,1.290000000000000000e+02,8.600000000000000000e+01,9.024266781478845756e-02,7.901478848345130229e-03
1.073034238368749939e+05,1.310000000000000000e+02,8.600000000000000000e+01,8.332127319545824806e-02,3.486439301079991698e-03
1.073034722086669935e+05,1.310000000000000000e+02,8.700000000000000000e+01,7.714419417697612746e-02,6.063610003274391702e-03
1.073035730135540070e+05,1.268088226318359375e+02,9.150000000000000000e+01,3.439965460838019518e-02,1.969370502404294704e-02
1.073036247152279975e+05,1.230000000000000000e+02,9.500000000000000000e+01,4.196125879099461831e-02,3.807992688828815142e-02
1.073060275776500057e+05,8.275558471679687500e+00,4.168733978271484375e+01,5.330538732484904445e-03,1.596868199803157945e-02
1.073060725634660048e+05,7.228012084960937500e+00,2.568588256835937500e+01,6.027726035900001059e-05,-2.442161638278767671e-02
1.073061218547699973e+05,5.000000000000000000e+00,2.000000000000000000e+01,-5.247008140655808235e-03,-5.373802316312596000e-02
1.073062687337980024e+05,-4.076718139648437500e+01,-7.973281860351562500e+00,-5.419068111856215238e-03,-1.174411952099948912e-02
1.073063181174530037e+05,-2.835494995117187500e+01,-1.001861572265625000e+00,1.648802741523741622e-02,1.064369394173929166e-02
1.073063677758459962e+05,-2.806834411621093750e+01,1.507194519042968750e+00,1.872918080838510690e-02,2.703282277487813190e-02
1.073064178544580063e+05,-2.960389709472656250e+01,1.339610290527343750e+01,-4.233583835809645417e-03,6.034685917216728313e-02
1.073064680636440025e+05,-3.193411254882812500e+01,1.763178253173828125e+01,-2.367436048818592070e-02,6.755340632089366915e-02
1.073065180138500000e+05,-3.508695983886718750e+01,2.636956787109375000e+01,-4.511196805430865014e-02,6.238153875735939768e-02
1.073065679722589994e+05,-3.719718933105468750e+01,3.619718170166015625e+01,-6.323273047999962426e-02,7.168554250107951609e-02
1.073066179845570005e+05,-3.809814453125000000e+01,4.315703582763671875e+01,-5.917423228864937546e-02,8.263553066839790517e-02
1.073066678923190047e+05,-3.873165893554687500e+01,4.659174346923828125e+01,-3.451792282921052613e-02,7.581160318221016881e-02
1.073067178967649961e+05,-3.476644897460937500e+01,4.636605834960937500e+01,-4.041268253449631712e-03,5.134948295629424009e-02
1.073067677385090064e+05,-3.000000000000000000e+01,4.265841674804687500e+01,2.064709643224932681e-02,1.132351108079049547e-02
1.073068175747710047e+05,-2.056611633300781250e+01,3.762404632568359375e+01,3.756798548132418009e-02,-1.976840368053688068e-02
1.073068677066800010e+05,-9.500000000000000000e+00,3.034313964843750000e+01,5.610746954574638568e-02,-3.720719745808699630e-02
1.073069175629789970e+05,2.501510620117187500e+00,2.390164947509765625e+01,7.079813730884579326e-02,-4.101719455095829275e-02
1.073069673508160049e+05,1.454226684570312500e+01,2.024198913574218750e+01,8.390143703437732969e-02,-3.497166159943729952e-02
1.073070172995589965e+05,2.259434509277343750e+01,1.793395996093750000e+01,8.536257545432443528e-02,-1.700388875576634706e-02
1.073070673333750019e+05,2.636518859863281250e+01,1.804285430908203125e+01,6.658638019493062776e-02,-1.505856048301488972e-03
1.073071172608589986e+05,2.674484252929687500e+01,1.985900878906250000e+01,2.636721327919343619e-02,1.662554709419861512e-02
1.073071672261390049e+05,2.587686157226562500e+01,2.349652099609375000e+01,-9.318534188178094479e-03,3.017446818935838257e-02
1.073072171729739930e+05,2.415312194824218750e+01,2.992500305175781250e+01,-2.698852429942362810e-02,5.142913810276883435e-02
1.073072672317170072e+05,2.169058227539062500e+01,3.570647430419921875e+01,-2.393801780287057451e-02,6.720504588322280537e-02
1.073073171513300040e+05,2.051116943359375000e+01,4.098504638671875000e+01,-1.445614518977130468e-02,7.219532086684987693e-02
1.073073670400550036e+05,2.243527221679687500e+01,4.522426605224609375e+01,1.182205600008898183e-02,6.873191383305132796e-02
1.073074171127229929e+05,2.762615966796875000e+01,4.872990417480468750e+01,5.045309029977599474e-02,5.289288303103786143e-02
1.073074670063550002e+05,3.550000000000000000e+01,4.929710388183593750e+01,7.915202918218962325e-02,2.570324597583051665e-02
1.073075172056699957e+05,4.462644958496093750e+01,4.793735504150390625e+01,9.830033697222596845e-02,9.073797444303475720e-03
1.073075670147659985e+05,5.434665679931640625e+01,4.662482452392578125e+01,1.084789895738387244e-01,2.593174605323759173e-03
1.073076170813600038e+05,6.187059020996093750e+01,4.379117584228515625e+01,1.070728071537076220e-01,-4.155591919458680346e-03
1.073076669762329984e+05,6.665827178955078125e+01,4.351044464111328125e+01,9.346070674908493747e-02,-5.046323280837705649e-03
1.073077171348819975e+05,6.630446624755859375e+01,4.303631591796875000e+01,5.750728729987736321e-02,-5.150273900846503647e-03
1.073077669100519997e+05,6.104953002929687500e+01,4.459436798095703125e+01,-4.254433486442446989e-05,2.711935995050378852e-03
1.073078170390710002e+05,5.247939300537109375e+01,4.656617736816406250e+01,-5.767552616648388697e-02,2.288993026839784492e-02
1.073078669224259938e+05,4.149178314208984375e+01,5.019815063476562500e+01,-8.688926144253791839e-02,3.603682710239813902e-02
1.073079169912979996e+05,3.159172058105468750e+01,5.317747497558593750e+01,-8.892762154458185020e-02,5.131700830600122859e-02
1.073079668102819996e+05,2.475000000000000000e+01,5.625000000000000000e+01,-6.428516889231013220e-02,6.622326571047608412e-02
1.073080168467470066e+05,2.354206848144531250e+01,5.861650466918945312e+01,-1.317357244800291226e-02,6.388063988355101308e-02
1.073080666825280059e+05,2.903086853027343750e+01,5.603086471557617188e+01,3.952842489873199111e-02,2.480967173008622600e-02
1.073081169141760038e+05,3.877223968505859375e+01,5.388967895507812500e+01,6.721347031210195277e-02,-1.560915084947901189e-02
1.073081667984560045e+05,5.241465759277343750e+01,5.005142211914062500e+01,1.021887454226559216e-01,-3.539688236937160032e-02
1.073082185208339943e+05,6.728102111816406250e+01,4.727252960205078125e+01,1.209215554192918929e-01,-2.897040381405509291e-02
1.073082664114439976e+05,7.973999786376953125e+01,4.672000122070312500e+01,1.276482727244130644e-01,-9.583371092529434018e-03
1.073083178915280005e+05,8.998648834228515625e+01,4.455405426025390625e+01,1.270015549720834858e-01,4.144630612864409237e-03
1.073083666071129992e+05,9.412707519531250000e+01,4.589502716064453125e+01,1.150683914655990792e-01,1.525036610991024368e-02
1.073084165279300069e+05,9.500000000000000000e+01,4.750000000000000000e+01,8.762222752801236692e-02,1.812478396352451560e-02
1.073084663886560011e+05,9.150000000000000000e+01,4.850000000000000000e+01,3.954070909572585113e-02,1.010333645425492630e-02
1.073085164309160027e+05,8.299900054931640625e+01,5.441123199462890625e+01,-2.432741725309670727e-02,2.413366679121856095e-02
1.073085665064729983e+05,7.562061309814453125e+01,6.130043792724609375e+01,-6.975626899100283163e-02,4.495259145148811780e-02
1.073086163116429962e+05,6.734635162353515625e+01,6.733750915527343750e+01,-6.871885403503313894e-02,6.004233162001803431e-02
1.073086663520330039e+05,6.050000000000000000e+01,7.150000000000000000e+01,-3.979945420421827917e-02,7.449726851723213750e-02
1.073087164378860034e+05,5.694666290283203125e+01,7.294666671752929688e+01,-5.032398888157302470e-03,7.072325784611178945e-02
1.073087663336109981e+05,5.767449951171875000e+01,7.167449569702148438e+01,7.780286943622496086e-03,5.066016637630400138e-02
1.073088162498540041e+05,6.087572479248046875e+01,6.900096511840820312e+01,2.131615698943331236e-02,1.525917413326588999e-02
1.073088663066890003e+05,6.671083068847656250e+01,6.685535812377929688e+01,5.412900599298153120e-02,-2.097863157448764254e-02
1.073089162103770068e+05,7.649393463134765625e+01,6.234288787841796875e+01,8.283847933806626207e-02,-3.921351012098609617e-02
1.073089664183590066e+05,8.700027465820312500e+01,5.821706390380859375e+01,1.050822836691393952e-01,-3.762097350169169713e-02
1.073090162294909969e+05,9.808492660522460938e+01,5.346257019042968750e+01,1.185848588798012193e-01,-2.942357166637212321e-02
1.073090662892340042e+05,1.040847473144531250e+02,5.354237365722656250e+01,1.203846391167428254e-01,-6.621082295075405438e-03
1.073091161152550048e+05,1.061693992614746094e+02,5.619971466064453125e+01,1.036208778807129749e-01,2.054201580239716635e-02
1.073091659897759964e+05,1.068800010681152344e+02,6.188000106811523438e+01,6.984800853610841076e-02,4.090802522953557868e-02
1.073092160951480037e+05,1.060263175964355469e+02,6.718421173095703125e+01,3.510337442654531959e-02,4.717601328861964483e-02
1.073092660589650040e+05,9.900000000000000000e+01,7.450000000000000000e+01,6.049161165116226629e-04,5.254501109294976852e-02
1.073093159037820005e+05,9.293662261962890625e+01,8.407746505737304688e+01,-1.861884645837222352e-02,6.258194478510083203e-02
1.073093660937639943e+05,8.776048278808593750e+01,8.836313438415527344e+01,-1.504021200357279903e-02,6.967645035329174397e-02
1.073094158251379995e+05,8.064189910888671875e+01,9.324029541015625000e+01,-1.502916576732640092e-02,7.150081309366333737e-02
1.073094659054730000e+05,7.817213439941406250e+01,9.433606529235839844e+01,-1.965622170114107378e-02,6.230483518696502965e-02
1.073095158587710030e+05,7.850000000000000000e+01,9.400000000000000000e+01,-1.495822243711731128e-02,4.788577152722563873e-02
1.073095659984020022e+05,8.093185424804687500e+01,9.061238670349121094e+01,1.085558226687740333e-03,2.666514026367265700e-02
1.073096157405910053e+05,8.400000000000000000e+01,8.850000000000000000e+01,2.635832599270383422e-02,7.562313430926168208e-03
1.073096658002960030e+05,9.122012329101562500e+01,8.364780044555664062e+01,5.593632303391524868e-02,-1.189679935105359548e-02
1.073097156895579974e+05,9.995312500000000000e+01,7.696875000000000000e+01,8.409766543236829595e-02,-2.754951084992137561e-02
1.073097658792620059e+05,1.081006813049316406e+02,7.005290222167968750e+01,9.948852683383271889e-02,-3.715616226533043076e-02
1.073098155968210049e+05,1.138763427734375000e+02,6.453225708007812500e+01,1.059298924830370942e-01,-4.201220150338039194e-02
1.073098657822289970e+05,1.188561058044433594e+02,6.218659210205078125e+01,1.041709498204866913e-01,-3.559972275838586830e-02
1.073099155423439952e+05,1.195000000000000000e+02,6.350000000000000000e+01,8.912944437700955069e-02,-1.809869713970986213e-02
1.073099657823250018e+05,1.167156867980957031e+02,6.771568679809570312e+01,5.897628333188761895e-02,1.343967008722366484e-02
1.073100154539960058e+05,1.151250000000000000e+02,6.916666793823242188e+01,3.317093611629971794e-02,3.652553789714112903e-02
1.073100654434049939e+05,1.073293151855468750e+02,7.437198638916015625e+01,1.031934861163163152e-02,5.269493307036152152e-02
1.073101154463699932e+05,9.934615325927734375e+01,8.380769348144531250e+01,-4.185406031531583790e-03,6.512361391955209799e-02
1.073101654536679998e+05,8.850000000000000000e+01,9.100000000000000000e+01,-1.916993298951311792e-02,7.107487326235759073e-02
1.073102153490409983e+05,7.818698883056640625e+01,9.559349632263183594e+01,-3.752301743675594270e-02,6.846370374837948414e-02
1.073102653697829955e+05,6.800000000000000000e+01,1.005000000000000000e+02,-5.158773535857999470e-02,6.041343522411530415e-02
1.073103152327860007e+05,6.384719085693359375e+01,1.032190151214599609e+02,-4.653875045591145121e-02,5.085187003515206222e-02
1.073103653232499928e+05,6.269712829589843750e+01,1.078480787277221680e+02,-3.051601495952550522e-02,5.221664530817936994e-02
1.073104152555670007e+05,6.730886840820312500e+01,1.035565280914306641e+02,-8.158567277402462362e-03,3.401374939324334351e-02
1.073104653674389992e+05,7.773500061035156250e+01,9.999244308471679688e+01,3.234314788914258165e-02,1.812802733753237153e-02
1.073105153472550010e+05,9.086842346191406250e+01,9.904736900329589844e+01,5.598952436637211899e-02,1.436644297834313230e-02
1.073105656020140013e+05,1.032447700500488281e+02,9.587238502502441406e+01,7.554154276277817714e-02,1.860541639809964662e-02
1.073106152416669938e+05,1.134363975524902344e+02,9.240967369079589844e+01,9.133292932122956398e-02,2.380309222837394267e-02
1.073106669121010054e+05,1.174841270446777344e+02,9.072222137451171875e+01,1.047130753103437811e-01,3.145866860249287023e-02
1.073107152165230073e+05,1.206506042480468750e+02,8.700000000000000000e+01,1.074879863077480568e-01,2.864704221252354494e-02
1.073107666183840047e+05,1.235824050903320312e+02,8.493652725219726562e+01,9.060255329917113465e-02,8.660021527653102152e-03
1.073108150465640065e+05,1.250998954772949219e+02,8.494166946411132812e+01,7.761249526783152441e-02,-6.679142275984864194e-03
1.073108649864740000e+05,1.236555175781250000e+02,8.471985626220703125e+01,6.329750445321169483e-02,-1.053602617148546340e-02
1.073109150997899997e+05,1.206783714294433594e+02,8.426053237915039062e+01,4.622087824948935969e-02,-5.072457946113697637e-03
1.073109651120509952e+05,1.140000000000000000e+02,8.650000000000000000e+01,2.152394920153880009e-02,1.218246634629454803e-02
1.073110149847569992e+05,1.075000000000000000e+02,8.700000000000000000e+01,-1.799674872794893076e-04,2.694530859512540497e-02
1.073110650785180042e+05,9.566536712646484375e+01,8.733268356323242188e+01,-2.070803789289399691e-02,3.965186094013414125e-02
1.073111150020750065e+05,8.167131805419921875e+01,9.208565711975097656e+01,-4.459680154378046352e-02,4.292965970101979278e-02
1.073111694892109954e+05,6.923102569580078125e+01,9.562916183471679688e+01,-6.111224123048202006e-02,4.198564222049100403e-02
1.073112193781020032e+05,6.166030883789062500e+01,9.766030502319335938e+01,-6.470518546951763150e-02,4.088808023032984573e-02
1.073112673194149975e+05,5.809545135498046875e+01,9.897471618652343750e+01,-4.269479814028807191e-02,4.928805522173030501e-02
1.073113174260829983e+05,5.830448913574218750e+01,1.001440963745117188e+02,-1.780990623176439275e-02,4.376609369386121051e-02
1.073113678534890059e+05,6.277019500732421875e+01,9.911940765380859375e+01,7.086269886695628455e-04,3.308735227445589594e-02
1.073114176709180028e+05,7.323584747314453125e+01,9.659433937072753906e+01,3.888418976840169600e-02,1.146791500865525400e-02
1.073114676549569995e+05,8.950000000000000000e+01,8.850000000000000000e+01,7.521712719548484527e-02,-3.100586639363771789e-03
1.073115177118839929e+05,1.034214096069335938e+02,8.911007499694824219e+01,9.490047824784897390e-02,1.349304937632793844e-03
1.073115675664239971e+05,1.161886787414550781e+02,8.774056625366210938e+01,1.088812798624692463e-01,1.069749039070169196e-02
1.073116176704249956e+05,1.225649337768554688e+02,8.477272796630859375e+01,1.179761026697692811e-01,2.547314123460567986e-02
1.073116675025760051e+05,1.290569629669189453e+02,8.100000000000000000e+01,1.199918441915992368e-01,3.491567133716923232e-02
1.073117176066880056e+05,1.312013893127441406e+02,8.100000000000000000e+01,1.070252599942125155e-01,2.462619150821826822e-02
1.073117674124509940e+05,1.305526313781738281e+02,8.200000000000000000e+01,8.330862726869846246e-02,9.238476884018232554e-03
1.073118174948219967e+05,1.263269767761230469e+02,8.547389984130859375e+01,5.686014903430570283e-02,8.995278716659416487e-03
1.073118675004910037e+05,1.205000000000000000e+02,8.900000000000000000e+01,2.819541318961415674e-02,2.057461977664972949e-02
1.073119174939740042e+05,1.150000000000000000e+02,9.150000000000000000e+01,1.135765048651191621e-02,3.348883730019807520e-02
1.073119675879010028e+05,1.085000000000000000e+02,9.450000000000000000e+01,1.774863537715924526e-03,4.365689175768101143e-02
1.073120175563469966e+05,9.455882263183593750e+01,9.532353019714355469e+01,-1.720997279955172737e-02,4.777819539893411738e-02
1.073120670376310009e+05,8.225502014160156250e+01,9.487751007080078125e+01,-4.339663472534834032e-02,4.367040716799077543e-02
1.073121168752450030e+05,6.500000000000000000e+01,1.010000000000000000e+02,-6.465170846909853997e-02,3.225301925866188441e-02
1.073121674243720045e+05,5.750000000000000000e+01,1.015000000000000000e+02,-7.109529118215714150e-02,3.082299902885666729e-02
1.073122174218370055e+05,5.099673461914062500e+01,1.044574136734008789e+02,-5.850554917873733440e-02,4.113608417865215194e-02
1.073122674687639956e+05,5.064761352539062500e+01,1.045908288955688477e+02,-3.447126532119246939e-02,4.970409220923144300e-02
1.073123175210619956e+05,5.750000000000000000e+01,1.010142860412597656e+02,4.898601495388078255e-04,3.235288750262394625e-02
1.073123672077140072e+05,6.630434417724609375e+01,9.930434799194335938e+01,4.100551461443881912e-02,1.029198016277590826e-02
1.073124172817890067e+05,8.141246795654296875e+01,9.311803627014160156e+01,7.933922954610836409e-02,-7.866515510775738684e-03
1.073124673027910030e+05,1.015000000000000000e+02,8.900000000000000000e+01,1.041662217026602111e-01,-6.979695833970678276e-03
1.073125170907760039e+05,1.161800003051757812e+02,8.870000076293945312e+01,1.170847005806718300e-01,2.252729771318311060e-03
1.073125665377630066e+05,1.230243911743164062e+02,8.650000000000000000e+01,1.234406897801090808e-01,1.947548195868017279e-02
1.073126166260970058e+05,1.311842308044433594e+02,8.338264465332031250e+01,1.245316802680175444e-01,3.571915549715532628e-02
1.073126670643919933e+05,1.335000000000000000e+02,8.350000000000000000e+01,1.151621236886799376e-01,3.617367539733645776e-02
1.073127172476150008e+05,1.325491809844970703e+02,8.600000000000000000e+01,9.204694516612789423e-02,2.471016907424462145e-02
1.073127670028779976e+05,1.293731346130371094e+02,8.900000000000000000e+01,6.468884000452440608e-02,1.795473940022312975e-02
1.073128170968049963e+05,1.243541679382324219e+02,9.200000000000000000e+01,4.037038372972415884e-02,2.121059711687446961e-02
1.073128669995109958e+05,1.200000000000000000e+02,9.850000000000000000e+01,2.888495661668319045e-02,3.169291837301922016e-02
1.073153670394469955e+05,1.221228561401367188e+02,3.223999786376953125e+01,2.907748575395598459e-02,3.868718416616597497e-04
1.073154186153259943e+05,7.595770263671875000e+01,2.251930236816406250e+01,-3.494131156083538081e-02,1.228278163323008598e-02
1.073154710972540051e+05,4.035713958740234375e+01,2.556250000000000000e+01,-8.104596271277991759e-02,4.196504744525633018e-02
1.073155668230849988e+05,-2.081243896484375000e+01,4.752609252929687500e+00,-6.998325497101812523e-03,-5.361845596000306031e-03
1.073156185658710019e+05,-2.884403991699218750e+01,-1.355693054199218750e+01,-3.280774913212287230e-02,-5.407468743585206600e-02
1.073156723150670005e+05,-3.319995117187500000e+01,-3.054313659667968750e+01,-5.109400272300562706e-02,-8.901731133636159310e-02
1.073157170314219984e+05,-3.614413452148437500e+01,-3.125794982910156250e+01,-5.980402049415529941e-02,-8.911745793632842860e-02
1.073157672258670063e+05,-4.508186340332031250e+01,-2.658500671386718750e+01,-6.781035739560886677e-02,-2.535934747505129427e-02
1.073158168952779961e+05,-4.709638977050781250e+01,-2.718072509765625000e+01,-5.731484149642755016e-02,1.721588767195507408e-02
1.073158655506969953e+05,-5.750000000000000000e+01,-4.300000000000000000e+01,-7.351782034070984684e-02,-1.747590678810453935e-02
1.073159153955710062e+05,-5.350000000000000000e+01,-5.100000000000000000e+01,-4.776828014637966857e-02,-4.393219036975166275e-02
1.073159653528869967e+05,-4.847286987304687500e+01,-6.194573974609375000e+01,-9.878506935053385854e-03,-8.420047436126196216e-02
1.073160159518480068e+05,-4.448789978027343750e+01,-6.142166137695312500e+01,5.116144643326255535e-03,-8.985399690232098724e-02
1.073160661938660051e+05,-3.600000000000000000e+01,-5.250000000000000000e+01,3.867345564298733940e-02,-2.080852411602204452e-02
1.073161155403360026e+05,-1.857882690429687500e+01,-3.738012695312500000e+01,7.577863623802211235e-02,8.318412885315819294e-02
1.073161657808169984e+05,-3.425369262695312500e+00,-2.881343078613281250e+01,7.888862048997052900e-02,9.363179088291713470e-02
1.073162161147790030e+05,9.000000000000000000e+00,-9.500000000000000000e+00,7.353312796857032485e-02,9.937346492866756809e-02
1.073162659416709939e+05,1.736300659179687500e+01,1.527137756347656250e+00,7.473310401168178907e-02,1.046094843070912717e-01
1.073163152682890068e+05,2.161686706542968750e+01,1.088667297363281250e+01,6.289903906217855778e-02,9.106853000673513499e-02
1.073163651278470061e+05,2.225111389160156250e+01,2.071575927734375000e+01,3.962623733756567845e-02,7.484008743730628799e-02
1.073164155529749987e+05,1.993937683105468750e+01,2.822697448730468750e+01,1.203697015421832835e-02,5.662173574606805398e-02
1.073164656082540023e+05,1.490695190429687500e+01,2.979091644287109375e+01,-2.112290106694494213e-02,3.844380243296012523e-02
1.073165146807440033e+05,8.253417968750000000e+00,3.223972320556640625e+01,-4.882938459235539042e-02,2.929607625814907926e-02
1.073165648259849986e+05,2.637878417968750000e+00,3.015042114257812500e+01,-5.533477964545611277e-02,1.224693226738518374e-02
1.073166151365400001e+05,-5.364532470703125000e-01,2.385238647460937500e+01,-4.345235706281268262e-02,-1.419045207554075518e-02
1.073166651940790034e+05,5.279541015625000000e-02,1.746003723144531250e+01,-1.649616612600511220e-02,-3.914830526149929574e-02
1.073167157634460018e+05,5.050338745117187500e+00,9.644294738769531250e+00,1.664299617933446759e-02,-5.941128894687852657e-02
1.073167656022080046e+05,1.282777404785156250e+01,1.426795959472656250e+00,5.118669705828798877e-02,-6.961788332653934264e-02
1.073168144979960052e+05,2.362376403808593750e+01,-1.903465270996093750e+00,8.117034372363733652e-02,-4.750583127487322671e-02
1.073168645803490072e+05,3.664978027343750000e+01,-4.251098632812500000e-01,1.031637511700588400e-01,-6.508556263007899724e-03
1.073169144706850057e+05,4.799262237548828125e+01,9.520263671875000000e-01,1.098124869168776579e-01,2.365075766718678640e-02
1.073169647642210039e+05,5.767736053466796875e+01,4.694412231445312500e+00,1.048601293709592042e-01,3.452701956160220825e-02
1.073170152451080066e+05,6.556816101074218750e+01,1.371694183349609375e+01,9.928669947690002551e-02,4.671911772140741048e-02
1.073170651192030055e+05,6.964913940429687500e+01,2.198194885253906250e+01,8.277322971918037176e-02,6.746452186876523982e-02
1.073171148410769965e+05,6.761289978027343750e+01,3.041935729980468750e+01,3.558393505859516748e-02,8.900628633600339568e-02
1.073171649003939965e+05,6.021175384521484375e+01,3.493397521972656250e+01,-2.152193203934424631e-03,6.621898968234840588e-02
1.073172140414570022e+05,5.039286041259765625e+01,4.050000000000000000e+01,-4.039241647702161014e-02,4.810510039960540218e-02
1.073172639073489991e+05,3.950000000000000000e+01,4.150000000000000000e+01,-6.931702140566115000e-02,3.983359772326763859e-02
1.073173147419739980e+05,2.725000000000000000e+01,3.900000000000000000e+01,-7.710805135318019032e-02,2.736354440546326372e-02
1.073173648874929931e+05,1.978816223144531250e+01,3.645102691650390625e+01,-6.392459784378538845e-02,2.071418633731533787e-02
1.073174144910710020e+05,1.709333801269531250e+01,3.309333038330078125e+01,-2.697465742080319001e-02,6.445960799941091376e-03
1.073174647668669932e+05,1.902391052246093750e+01,2.833148193359375000e+01,1.857581751329754477e-02,-1.700792139864764838e-02
1.073175141744290013e+05,2.494299316406250000e+01,2.345780944824218750e+01,4.390662127192056924e-02,-3.982109489986419143e-02
1.073175639677650033e+05,3.472727966308593750e+01,1.649153137207031250e+01,7.540571854590708001e-02,-4.674292044786345496e-02
1.073176146837059932e+05,4.405821228027343750e+01,1.232657623291015625e+01,9.344245817497547069e-02,-3.994236516493650246e-02
1.073176645184499939e+05,5.153528594970703125e+01,1.299564361572265625e+01,9.833724110158298393e-02,-1.227166857952310952e-02
1.073177145469509996e+05,5.823094940185546875e+01,1.478818511962890625e+01,9.010873471960112457e-02,1.447488238839990220e-02
1.073177644146950042e+05,6.220149230957031250e+01,1.911691284179687500e+01,6.815137427735180886e-02,3.738730736442470726e-02
1.073178144371590024e+05,6.170779418945312500e+01,2.731428527832031250e+01,3.344402592947295222e-02,5.616520324197364633e-02
1.073178645028449973e+05,5.617388916015625000e+01,3.385676574707031250e+01,-4.018678927952244913e-03,6.566001813074001658e-02
1.073179154635440063e+05,4.875595092773437500e+01,4.300000000000000000e+01,-4.070268246040532889e-02,7.976254336094658337e-02
1.073179645025890059e+05,4.105473327636718750e+01,4.945120239257812500e+01,-5.797654178284830651e-02,8.317235607739970060e-02
1.073180154979170038e+05,3.262691497802734375e+01,5.459318542480468750e+01,-5.598990953475035254e-02,7.889086059807687290e-02
1.073180637651169964e+05,2.819871520996093750e+01,5.521879577636718750e+01,-4.141767725618188123e-02,6.491640967656565897e-02
1.073181165159499942e+05,2.657481384277343750e+01,5.194734954833984375e+01,-4.564349143147588932e-03,2.981525524983905107e-02
1.073181649187589937e+05,2.975862121582031250e+01,4.555172729492187500e+01,3.052112269057679142e-02,-2.153433869113060770e-02
1.073182138637869939e+05,3.726371765136718750e+01,3.663606262207031250e+01,5.860234234056457131e-02,-5.794653178892958389e-02
1.073182640931950009e+05,4.870456695556640625e+01,2.504610443115234375e+01,8.319539762447529518e-02,-7.391757139508149665e-02
1.073183134694049950e+05,5.835696411132812500e+01,1.633788299560546875e+01,1.001360043865045096e-01,-7.907925588671187167e-02
1.073183636524790054e+05,6.798116302490234375e+01,1.086019134521484375e+01,1.082391329649648182e-01,-6.682498308571303836e-02
1.073184140018670005e+05,7.370603179931640625e+01,1.022361755371093750e+01,1.044680185618591939e-01,-2.966251266483482807e-02
1.073184643295330025e+05,7.734230041503906250e+01,1.155131530761718750e+01,8.267535711641768592e-02,4.067496395546976555e-03
1.073185139768889931e+05,7.750000000000000000e+01,1.800000000000000000e+01,3.922480400154818719e-02,3.379194797277418338e-02
1.073185640700380027e+05,7.467958068847656250e+01,2.796901702880859375e+01,-5.803325580296445248e-03,6.287742039471354294e-02
1.073186133258600021e+05,7.042578125000000000e+01,3.669168853759765625e+01,-2.073011759960491363e-02,8.108130532802866608e-02
1.073186633763430000e+05,6.349557495117187500e+01,5.055945587158203125e+01,-2.775434729899643391e-02,1.088209060193797290e-01
1.073187137870080041e+05,5.586363983154296875e+01,5.816942214965820312e+01,-2.666338433079851883e-02,1.114031720203571968e-01
1.073187637299729977e+05,4.922686767578125000e+01,6.394814682006835938e+01,-2.556391856227423556e-02,9.391778023597913139e-02
1.073188136144010059e+05,4.624419403076171875e+01,6.526124954223632812e+01,-1.768321974578814654e-02,6.227348460673527708e-02
1.073188637059759931e+05,4.900000000000000000e+01,6.000000000000000000e+01,1.442682271660189128e-02,1.204019881823123472e-02
1.073189138367730047e+05,5.559302520751953125e+01,5.259302520751953125e+01,5.277841882878345908e-02,-4.151224146380196045e-02
1.073189642889749957e+05,6.636569213867187500e+01,4.463415527343750000e+01,7.834984120796439910e-02,-6.306354257443975986e-02
1.073190139346829965e+05,7.491399383544921875e+01,3.648229217529296875e+01,9.844612630383034468e-02,-6.490925771796733634e-02
1.073190637144270004e+05,8.336451721191406250e+01,3.259538269042968750e+01,1.132084347440198702e-01,-4.837376709575648415e-02
1.073191138169829937e+05,8.955150604248046875e+01,2.943659210205078125e+01,1.119341579915997115e-01,-2.405974452273273653e-02
1.073191636258380022e+05,9.018413543701171875e+01,2.959773254394531250e+01,8.692787696828625787e-02,3.655605570796277570e-03
1.073192136415249988e+05,8.818106079101562500e+01,3.325747680664062500e+01,4.228988603754812309e-02,1.906839535352359769e-02
1.073192653524399939e+05,8.330960083007812500e+01,3.412888336181640625e+01,-7.464427557520130797e-03,2.347046779277474349e-02
1.073193146868909971e+05,7.724980163574218750e+01,3.988736724853515625e+01,-3.213291395457258670e-02,3.492056750641849699e-02
1.073193642221740010e+05,6.871787261962890625e+01,4.773255920410156250e+01,-3.948132129295785220e-02,5.368621265355161265e-02
1.073194105194989970e+05,6.203719329833984375e+01,5.154132080078125000e+01,-2.973300740066070133e-02,7.209917583065475477e-02
1.073194603109830059e+05,5.916000366210937500e+01,5.316000366210937500e+01,-8.486880800870020072e-03,6.807857773418239666e-02
1.073195104060949961e+05,6.074282836914062500e+01,5.493212127685546875e+01,1.621560095629488718e-02,4.551841004019696602e-02
1.073195604491340055e+05,6.497086334228515625e+01,5.361252593994140625e+01,4.073602128866928018e-02,9.508127587528869204e-03
1.073196105403380061e+05,6.999533081054687500e+01,5.144236755371093750e+01,6.752637837677703814e-02,-2.238369754791515176e-02
1.073196602318240039e+05,7.741362762451171875e+01,4.970513153076171875e+01,8.757675113149113177e-02,-2.931195301646823473e-02
1.073197103239360003e+05,8.601370239257812500e+01,4.607205963134765625e+01,1.020327753948362531e-01,-2.513166616864656241e-02
1.073197603012519976e+05,9.146019744873046875e+01,4.678240966796875000e+01,1.059617049564577224e-01,1.779855055240498049e-03
1.073198103706050024e+05,9.512174224853515625e+01,4.581739044189453125e+01,9.479734967295878889e-02,1.590370121987751129e-02
1.073198601729049988e+05,9.539945220947265625e+01,4.896983337402343750e+01,6.389820514113030148e-02,2.390716050568637147e-02
1.073199101576660032e+05,9.138957214355468750e+01,5.499693298339843750e+01,2.188196670914431194e-02,2.883991664298773266e-02
1.073199601848339953e+05,8.550000000000000000e+01,6.050000000000000000e+01,-2.420780379975714242e-02,4.385524760195447930e-02
1.073200103366859985e+05,7.891042327880859375e+01,7.094625473022460938e+01,-5.436238013074353587e-02,6.192394644532363962e-02
1.073200601107080001e+05,7.300000000000000000e+01,7.950000000000000000e+01,-4.054496265985709641e-02,7.652518835282902387e-02
1.073201102438380040e+05,6.621257019042968750e+01,8.540942764282226562e+01,-2.489179748147491919e-02,8.765183107553993491e-02
1.073201600609339948e+05,6.252195739746093750e+01,8.722996520996093750e+01,-1.771024136362546117e-02,8.025597925129751564e-02
1.073202100238429994e+05,6.100134277343750000e+01,8.866756057739257812e+01,-1.365973044005726507e-02,5.945716956355970306e-02
1.073202614378339931e+05,6.455610656738281250e+01,8.926359939575195312e+01,2.991136744050407366e-03,3.142296842876091123e-02
1.073203099216249975e+05,7.179323577880859375e+01,8.727927017211914062e+01,3.686603414750531243e-02,5.979011296916391001e-03
1.073203607456759928e+05,8.141085815429687500e+01,8.497057723999023438e+01,7.521124629228419234e-02,-1.807866927922409037e-02
1.073204098297949968e+05,9.349563598632812500e+01,8.179694366455078125e+01,1.036235523372980444e-01,-2.413920009430148630e-02
1.073204596870380046e+05,1.055063667297363281e+02,7.619147872924804688e+01,1.180292484688685306e-01,-2.560049819985121475e-02
1.073205098208349955e+05,1.131576766967773438e+02,7.607883834838867188e+01,1.230190339117358672e-01,-1.557526636584282038e-02
1.073205596408379934e+05,1.175000000000000000e+02,7.750000000000000000e+01,1.155837272373753527e-01,6.462780774645623255e-03
1.073206095775069989e+05,1.180000000000000000e+02,8.150000000000000000e+01,9.476915968598140227e-02,3.142427412319607344e-02
1.073206595425459964e+05,1.175000000000000000e+02,8.550000000000000000e+01,6.614952703966629766e-02,4.535205782845105893e-02
1.073207096374539979e+05,1.145000000000000000e+02,8.850000000000000000e+01,4.324899631110161458e-02,4.413458274629238759e-02
1.073207595125310036e+05,1.093505859375000000e+02,9.425517463684082031e+01,2.696147661770820214e-02,4.471071277944145550e-02
1.073208094567549997e+05,9.953240203857421875e+01,1.033871517181396484e+02,2.257430254834494159e-03,4.776078485555198400e-02
1.073231100224330003e+05,8.679541778564453125e+01,8.961585998535156250e+00,4.201465824473358396e-02,-1.725128382319376236e-02
1.073232093537559995e+05,2.500000000000000000e+00,-3.700000000000000000e+01,-6.174295897827125363e-04,-1.461461080948697581e-02
1.073235585186060052e+05,-8.877850341796875000e+01,-8.414070129394531250e+01,-5.559824823709786507e-02,-1.520723931870895593e-02
1.073237584866679972e+05,-8.300000000000000000e+01,-6.750000000000000000e+01,-4.984871558896752930e-02,-1.881180034721812930e-02
1.073238082989859977e+05,-6.967541503906250000e+01,-6.176155090332031250e+01,-2.483006037490124648e-02,-1.199846500522652043e-02
1.073238582712469943e+05,-5.783895874023437500e+01,-5.010791015625000000e+01,1.579513899885886391e-02,5.442176953596347677e-02
1.073239083701360069e+05,-3.809872436523437500e+01,-4.617640686035156250e+01,6.362652552577612031e-02,6.089955066939069933e-02
1.073239585993210057e+05,-1.516291809082031250e+01,-3.008427429199218750e+01,8.835087822508500000e-02,6.087411476107859598e-02
1.073240085771940066e+05,8.196624755859375000e+00,-2.102247619628906250e+01,1.049516402322521746e-01,5.088095024611832135e-02
1.073240583454930020e+05,2.650000000000000000e+01,-1.850000000000000000e+01,1.191013520038613355e-01,2.255798369178922333e-02
1.073241080642370071e+05,4.620069122314453125e+01,-8.975677490234375000e+00,1.296331589018632491e-01,2.295529501741742570e-02
1.073241582512930036e+05,5.871183776855468750e+01,-8.190490722656250000e+00,1.291923164875251884e-01,5.701481225296365328e-03
1.073242078719449928e+05,6.705931091308593750e+01,-2.119148254394531250e+00,1.194223480979532820e-01,9.839657684312575273e-03
1.073242579893539951e+05,7.027064514160156250e+01,3.182884216308593750e+00,9.333830348590101134e-02,2.564060568545313556e-02
1.073243078565409960e+05,6.950000000000000000e+01,8.000000000000000000e+00,4.387708723025476876e-02,4.503170063206832219e-02
1.073243579810049996e+05,6.447991180419921875e+01,1.281518554687500000e+01,3.678510526438566637e-03,4.782398129684495292e-02
1.073244126575830014e+05,5.783333587646484375e+01,1.590740966796875000e+01,-1.858665947224887038e-02,4.059194507634043825e-02
1.073244624816599971e+05,4.720369720458984375e+01,1.934714508056640625e+01,-3.671724035750564136e-02,3.717522794196076452e-02
1.073245101823260047e+05,3.678907012939453125e+01,1.958808135986328125e+01,-5.008885052665903309e-02,3.006560598424430283e-02
1.073245604503070062e+05,2.834762573242187500e+01,2.100000000000000000e+01,-5.414171319904360902e-02,2.531427066430643955e-02
1.073246110882490029e+05,2.447636413574218750e+01,2.120676422119140625e+01,-4.057118317654488659e-02,2.091595309932706842e-02
1.073246608901959989e+05,2.509375000000000000e+01,2.134375000000000000e+01,-1.153788542465218787e-03,1.411854393756062538e-02
1.073247109911040025e+05,3.122584533691406250e+01,1.898494720458984375e+01,4.644613922225685615e-02,-6.345790512109527985e-03
1.073247607916260022e+05,4.095755004882812500e+01,1.400000000000000000e+01,7.411531464240279921e-02,-2.656886434265128341e-02
1.073248110987359978e+05,5.358100891113281250e+01,9.871551513671875000e+00,9.919239791524793459e-02,-3.863812164430073526e-02
1.073248606124630023e+05,6.584942626953125000e+01,1.110919189453125000e+01,1.166578083930480680e-01,-2.578397311648504553e-02
1.073249106174649933e+05,7.484615325927734375e+01,1.330769348144531250e+01,1.193146221219186232e-01,5.525582488496607984e-03
1.073249608586310060e+05,8.276052093505859375e+01,1.610664367675781250e+01,1.112301368399425255e-01,2.913559060579798063e-02
1.073250101486930071e+05,8.650000000000000000e+01,2.250000000000000000e+01,9.349995847643700897e-02,4.273922101053816841e-02
1.073250597324200062e+05,8.515174102783203125e+01,2.697097778320312500e+01,5.426230990365188411e-02,4.380311489266719427e-02
1.073251106935440039e+05,8.011688232421875000e+01,3.305844116210937500e+01,6.284710147558733237e-03,4.421394110338687511e-02
1.073251619789990073e+05,7.104194641113281250e+01,3.783786773681640625e+01,-3.630037029276288879e-02,4.911909652897386569e-02
1.073252103971239994e+05,6.100000000000000000e+01,4.550000000000000000e+01,-5.486260237517275040e-02,6.176808682808063167e-02
1.073252605889569968e+05,5.015716552734375000e+01,4.925735473632812500e+01,-5.956005683078188784e-02,7.110978919167398882e-02
1.073253102042579994e+05,4.237570953369140625e+01,5.109886932373046875e+01,-5.292762168942350548e-02,7.035922270579245130e-02
1.073253602241850022e+05,3.810083007812500000e+01,5.087511444091796875e+01,-2.455991354294594781e-02,4.960915095800501329e-02
1.073254102622420032e+05,3.930716705322265625e+01,4.769709777832031250e+01,2.151726100706923342e-02,1.103698730991446372e-02
1.073254604341679951e+05,4.620907592773437500e+01,4.246123504638671875e+01,5.382604635832220069e-02,-3.246249156986902307e-02
1.073255105526679981e+05,5.749907684326171875e+01,3.459120941162109375e+01,8.136844699134709868e-02,-5.359516182345380741e-02
1.073255605172630021e+05,6.950000000000000000e+01,2.800000000000000000e+01,1.050836989640924896e-01,-5.677460586380007890e-02
1.073256103926719952e+05,8.080892944335937500e+01,2.174158477783203125e+01,1.188264870519529920e-01,-5.353525965503963535e-02
1.073256603229710017e+05,8.950000000000000000e+01,2.200000000000000000e+01,1.217086413607481182e-01,-2.440664801790366420e-02
1.073257105051190010e+05,9.500000000000000000e+01,2.300000000000000000e+01,1.121658206769991645e-01,8.512460770473597588e-03
1.073257601282529940e+05,9.604237365722656250e+01,2.689830780029296875e+01,8.375028500859821312e-02,3.360129281819761865e-02
1.073258102355680021e+05,9.450000000000000000e+01,3.450000000000000000e+01,3.966487500372623681e-02,4.322525897194271632e-02
1.073258600843299937e+05,8.750000000000000000e+01,4.200000000000000000e+01,-1.474166935245592273e-02,5.287581301129672118e-02
1.073259098657589930e+05,7.945498657226562500e+01,5.148392486572265625e+01,-4.858299961263080197e-02,6.820162733114493170e-02
1.073259599163340026e+05,6.989135742187500000e+01,6.156962966918945312e+01,-5.275000793308493724e-02,8.154651771186358089e-02
1.073260098883729952e+05,6.208267211914062500e+01,6.671109008789062500e+01,-4.120308438078238572e-02,9.226257252156409849e-02
1.073260597626530071e+05,5.541233825683593750e+01,6.838831710815429688e+01,-2.671767616018330682e-02,7.991161372469170188e-02
1.073261097315439984e+05,5.478688049316406250e+01,6.726133728027343750e+01,-2.848047180103339612e-03,4.933803662065406465e-02
1.073261597436010052e+05,5.900000000000000000e+01,6.141216278076171875e+01,2.420294346995461102e-02,6.023793604697492976e-03
1.073262100402299984e+05,6.757899475097656250e+01,5.305544281005859375e+01,5.313582344868780782e-02,-3.829802140825218359e-02
1.073262598394920060e+05,7.844538879394531250e+01,4.346286010742187500e+01,7.933377350110151771e-02,-6.176252563315017680e-02
1.073263099381219945e+05,9.140409088134765625e+01,3.650846099853515625e+01,1.033171767407248254e-01,-6.768692183994859390e-02
1.073263597745879961e+05,1.008255805969238281e+02,3.022093200683593750e+01,1.185733681883047869e-01,-6.068658557104916057e-02
1.073264097968669957e+05,1.083689308166503906e+02,2.700000000000000000e+01,1.217347516307096117e-01,-4.299780650344106614e-02
1.073264597940170061e+05,1.110662269592285156e+02,2.911920166015625000e+01,1.095896709852664797e-01,-5.215394188948100154e-03
1.073265096936670016e+05,1.096594696044921875e+02,3.449668121337890625e+01,7.236323750773866748e-02,3.337638492453762207e-02
1.073265597297049972e+05,1.063832817077636719e+02,4.011233520507812500e+01,2.136578800324823516e-02,5.265422670569860908e-02
1.073266095983370033e+05,9.681711578369140625e+01,4.900227355957031250e+01,-2.709093785385169664e-02,6.382931579087221252e-02
1.073266593662850064e+05,8.715809631347656250e+01,6.110540008544921875e+01,-5.002050000625856557e-02,7.265986877299292213e-02
1.073267094088599988e+05,7.672222137451171875e+01,7.072222137451171875e+01,-5.060656473208266504e-02,8.484172259174062314e-02
1.073267592675290070e+05,6.942515563964843750e+01,7.508784103393554688e+01,-3.482436638175682303e-02,9.297745276345437127e-02
1.073268093406970002e+05,6.513840484619140625e+01,7.721409225463867188e+01,-1.672922321106490653e-02,7.956899471077258368e-02
1.073268592452729936e+05,6.574489593505859375e+01,7.374489974975585938e+01,8.336219926717650932e-04,5.191656645198167164e-02
1.073269093391630013e+05,7.010544586181640625e+01,6.810544204711914062e+01,1.843285471291603375e-02,1.240541772348979777e-02
1.073269593814419932e+05,7.667527008056640625e+01,6.270167922973632812e+01,4.408892799282319169e-02,-2.589748935922901035e-02
1.073270092514069984e+05,8.800000000000000000e+01,5.272881317138671875e+01,7.511063131138814852e-02,-5.301476450630378950e-02
1.073270592731310026e+05,9.924626922607421875e+01,4.363433074951171875e+01,9.589643605034825491e-02,-5.977819372591094971e-02
1.073271095037420018e+05,1.077162399291992188e+02,3.664742279052734375e+01,1.100112051236988159e-01,-6.411410907935453929e-02
1.073271592085970042e+05,1.139902915954589844e+02,3.131374359130859375e+01,1.149352856276696783e-01,-6.047606536036554542e-02
1.073272092321350065e+05,1.147031250000000000e+02,3.196875000000000000e+01,1.022742660008308796e-01,-3.598459578270677556e-02
1.073272590703419992e+05,1.147669105529785156e+02,3.237461090087890625e+01,6.998221554060961302e-02,-4.276790743421052948e-03
1.073273092393970001e+05,1.114524536132812500e+02,3.746882629394531250e+01,2.910851127646730749e-02,2.826010449472398517e-02
1.073273592850650020e+05,1.065000000000000000e+02,4.250000000000000000e+01,-4.869244948437497812e-03,4.375378524171375655e-02
1.073274092309929983e+05,9.950000000000000000e+01,5.650000000000000000e+01,-2.024803251622749045e-02,6.048909383148183549e-02
1.073274589298859937e+05,9.150000000000000000e+01,6.900000000000000000e+01,-2.328256012827644925e-02,7.769894695311131694e-02
1.073275104980239994e+05,8.418103027343750000e+01,7.518765640258789062e+01,-1.309169019983743437e-02,9.295382001460006371e-02
1.073275588853700028e+05,7.550000000000000000e+01,8.300000000000000000e+01,-1.182682743178473453e-02,9.780955849811102942e-02
1.073276090322779928e+05,7.152740478515625000e+01,8.563547515869140625e+01,-2.108244185065704171e-02,8.036166400716589220e-02
1.073276588040589995e+05,7.109915161132812500e+01,8.544167709350585938e+01,-1.294112725892626430e-02,5.393960218690109498e-02
1.073277105928249948e+05,7.453114318847656250e+01,8.377854537963867188e+01,9.832887309831551265e-03,1.938728176587817265e-02
1.073277589871530072e+05,8.327082061767578125e+01,7.647788238525390625e+01,4.048457516695953134e-02,-1.307565903049334559e-02
1.073278087994340021e+05,9.317195892333984375e+01,6.860846710205078125e+01,7.489347893985907889e-02,-3.805694608884813840e-02
1.073278588064910000e+05,1.044710998535156250e+02,5.478323364257812500e+01,9.143873981868037848e-02,-5.021102480009312363e-02
1.073279088750100054e+05,1.119950485229492188e+02,4.700000000000000000e+01,1.011340749604861255e-01,-5.774365045265344304e-02
1.073279589063260064e+05,1.195714302062988281e+02,3.900000000000000000e+01,1.080526732233540316e-01,-6.689931425640485707e-02
1.073280081858140038e+05,1.235120468139648438e+02,3.450000000000000000e+01,1.059130196670352297e-01,-6.710616523076494422e-02
1.073280580673170043e+05,1.245689659118652344e+02,3.450000000000000000e+01,9.296048436711518148e-02,-4.862964603408356790e-02
1.073281085665550054e+05,1.232443199157714844e+02,3.700000000000000000e+01,6.445832983061375310e-02,-9.125360533040282815e-03
1.073281587551660050e+05,1.185322914123535156e+02,4.463993835449218750e+01,3.022488445027052967e-02,4.029602641834541948e-02
1.073282087006130023e+05,1.110581398010253906e+02,5.490309906005859375e+01,-2.789474715562953629e-03,7.234621831422360927e-02
1.073282586766510067e+05,1.022716979980468750e+02,6.845842361450195312e+01,-1.500724563955218964e-02,8.813116113034816235e-02
1.073283084863020049e+05,9.631157684326171875e+01,8.287438583374023438e+01,-9.294643196432977525e-03,9.308168812570734307e-02
1.073283585106740065e+05,8.605644989013671875e+01,9.077822494506835938e+01,2.938774853105540538e-03,9.820935687795263880e-02
1.073284083606390050e+05,7.281307220458984375e+01,9.793769073486328125e+01,-8.710725333145312443e-03,8.925974454732024665e-02
1.073284583634559967e+05,6.488235473632812500e+01,1.021176471710205078e+02,-3.588478821458773727e-02,6.813643178006444090e-02
1.073285085538069980e+05,6.293608856201171875e+01,1.017558593750000000e+02,-4.865643916729920498e-02,4.680934813352544133e-02
1.073285586249930057e+05,6.363339233398437500e+01,9.823146057128906250e+01,-2.086036957291833444e-02,1.910748870337417374e-02
1.073286079302040016e+05,6.656983184814453125e+01,9.176536369323730469e+01,1.473199192386323055e-02,-5.789633157516668575e-05
1.073286578535389999e+05,7.200000000000000000e+01,8.650000000000000000e+01,4.485251426670092134e-02,-1.826674353037454485e-02
1.073287084356099949e+05,7.764935302734375000e+01,7.964934921264648438e+01,7.522997816021291528e-02,-3.369260795894502003e-02
1.073287584625739983e+05,8.335067749023437500e+01,7.090062332153320312e+01,8.925213487755599695e-02,-4.423375671697522132e-02
1.073288084201320016e+05,8.750000000000000000e+01,6.250000000000000000e+01,8.922859665194349255e-02,-5.217408596089872369e-02
1.073288582303379953e+05,9.261089324951171875e+01,5.651374053955078125e+01,8.503856119507142985e-02,-5.911276245551713715e-02
1.073289083294690063e+05,9.734875106811523438e+01,5.474510192871093750e+01,8.321391999246777194e-02,-4.933615613721595988e-02
1.073289585538389947e+05,9.950000000000000000e+01,5.400000000000000000e+01,7.618711997275633141e-02,-2.636144006249694846e-02
1.073290084436559991e+05,9.754166793823242188e+01,5.802083206176757812e+01,4.904213271560996928e-02,1.438436678343242743e-02
1.073290581380299991e+05,9.261317443847656250e+01,6.433488082885742188e+01,7.997188223860534836e-03,5.244635648312610809e-02
1.073291083251779928e+05,8.573828125000000000e+01,7.249218750000000000e+01,-2.406558315832219019e-02,7.222617235132085256e-02
1.073291581702730036e+05,7.950000000000000000e+01,8.200000000000000000e+01,-3.539521211968262721e-02,7.987810334502867815e-02
1.073292081803490000e+05,6.979256439208984375e+01,8.926752853393554688e+01,-3.528216986015773882e-02,8.205490328123429822e-02
1.073292582297759946e+05,6.236771392822265625e+01,9.221023559570312500e+01,-3.877500593523668104e-02,7.737953729613518405e-02
1.073293079603719962e+05,5.749634552001953125e+01,9.467184638977050781e+01,-3.614949577626309224e-02,6.466419157920309801e-02
1.073293579893910064e+05,5.827108764648437500e+01,9.213855361938476562e+01,-1.215960020036017594e-02,3.740453920386250380e-02
1.073294078720599937e+05,6.250000000000000000e+01,8.900000000000000000e+01,1.427392913293111520e-02,1.351773485414954103e-02
1.073294579982639989e+05,7.144736480712890625e+01,8.144736862182617188e+01,4.850716378725842409e-02,-1.886701459463226149e-02
1.073295079320810037e+05,8.295587921142578125e+01,7.048088073730468750e+01,8.407197180916786694e-02,-4.912231737284129124e-02
1.073295581534509984e+05,9.562619781494140625e+01,4.699312591552734375e+01,9.250105433284397383e-02,-7.821970837942275601e-02
1.073296083141179988e+05,9.504875183105468750e+01,1.726446533203125000e+01,8.610719997847124385e-02,-1.024980435613164070e-01
1.073296581478610024e+05,9.863777923583984375e+01,-2.152175903320312500e-01,6.898612270489616616e-02,-1.186693315145666699e-01
1.073297083049909997e+05,1.015524444580078125e+02,-1.394978332519531250e+01,5.652672118564798509e-02,-1.198491039204598596e-01
1.073297580032359983e+05,1.003323783874511719e+02,-2.240011596679687500e+01,4.895372346502567529e-02,-1.116559812822713604e-01
1.073298082287169964e+05,9.765767669677734375e+01,-2.662863159179687500e+01,3.625354544466041773e-02,-8.238260044740772226e-02
1.073298582919220062e+05,9.597782135009765625e+01,-2.793951416015625000e+01,2.800472309159236783e-02,-5.376243810026232195e-02
1.073299082378860039e+05,9.209778594970703125e+01,-2.126834106445312500e+01,1.563332288196558895e-02,-8.066302649115990797e-04
1.073299595132859977e+05,8.770390319824218750e+01,-9.060287475585937500e+00,1.941959158495317828e-03,6.537595016225432321e-02
1.073300074150620057e+05,8.468048095703125000e+01,9.344223022460937500e+00,-1.122237450841594500e-02,1.197077461544238108e-01
1.073300572713239962e+05,8.273072052001953125e+01,3.169898986816406250e+01,3.657565636632635706e-03,1.327156372443888399e-01
1.073301076844700001e+05,7.985183715820312500e+01,4.702450561523437500e+01,1.970685962047946313e-02,1.314915363735005005e-01
1.073301593986069929e+05,7.950000000000000000e+01,5.800000000000000000e+01,3.151402678335562396e-02,1.208518578099842533e-01
1.073302077725830022e+05,8.205504608154296875e+01,6.302964019775390625e+01,3.454507426662652148e-02,9.925194572335442611e-02
1.073302574918830069e+05,8.567857360839843750e+01,6.493877410888671875e+01,5.016051302789867328e-02,6.125941888732669427e-02
1.073303074649220071e+05,8.847409057617187500e+01,6.381606292724609375e+01,6.660012738761887652e-02,1.478705946623688414e-02
1.073303574854970066e+05,9.150000000000000000e+01,5.850000000000000000e+01,7.335224631330512779e-02,-2.603474271415289268e-02
1.073304074470909982e+05,9.586675262451171875e+01,4.959234619140625000e+01,7.774634964095954170e-02,-5.015769225304263224e-02
1.073304572986860003e+05,9.802972030639648438e+01,4.211188507080078125e+01,7.806553270343184747e-02,-6.081266899801754389e-02
1.073305074163170066e+05,9.635714340209960938e+01,3.340476226806640625e+01,6.329738066639216398e-02,-6.811506498379611696e-02
1.073305573929289967e+05,9.381369018554687500e+01,2.691594696044921875e+01,3.618401170769412062e-02,-6.376896646434788984e-02
1.073306074701710022e+05,8.766129302978515625e+01,2.181797027587890625e+01,-3.262417102417688574e-03,-4.305388767281148610e-02
1.073306573183400033e+05,7.997476959228515625e+01,2.093056488037109375e+01,-3.471669387226665460e-02,-1.936478424687910344e-02
1.073307074837660039e+05,7.182926940917968750e+01,2.241463470458984375e+01,-4.010186279392956299e-02,4.517270094098329268e-03
1.073307575000820070e+05,6.368518829345703125e+01,2.788014221191406250e+01,-4.258422175139727622e-02,3.072825445954943668e-02
1.073308072738259943e+05,5.723354339599609375e+01,3.470275878906250000e+01,-2.798686876362106030e-02,5.400531256900912430e-02
1.073308573326420010e+05,5.452740478515625000e+01,4.063547515869140625e+01,-6.950558009194821897e-03,7.498483876760593525e-02
1.073309073721430032e+05,5.589380645751953125e+01,4.572021484375000000e+01,1.220857592458355657e-02,7.503015185235975548e-02
1.073309574119960016e+05,6.200000000000000000e+01,5.000000000000000000e+01,4.095375148109178798e-02,5.597910695408306325e-02
1.073310079593450064e+05,6.852088928222656250e+01,4.913931274414062500e+01,7.361351813407356059e-02,1.609985756741795504e-02
1.073310567307629972e+05,7.787880706787109375e+01,4.493138885498046875e+01,9.372979069380399375e-02,-2.467225026924393591e-02
1.073311092072830070e+05,8.881909179687500000e+01,3.982713317871093750e+01,1.074321080903584691e-01,-4.277106294421281069e-02
1.073311575659079972e+05,7.461763763427734375e+01,9.035690307617187500e+00,6.761635077502407831e-02,-9.083208589677808920e-02
1.073312070180059964e+05,5.427713775634765625e+01,-1.431773376464843750e+01,3.649503059711837159e-03,-9.575435027188938797e-02
1.073312570426919992e+05,4.098713684082031250e+01,-3.758207702636718750e+01,-4.265350391459924589e-02,-9.085839924701845371e-02
1.073313070418779971e+05,2.402462768554687500e+01,-5.546026611328125000e+01,-5.237938416877096354e-02,-8.882181479526260470e-02
1.073313573412849946e+05,5.608688354492187500e+00,-7.317391967773437500e+01,-6.808801505908200491e-02,-8.904565742618777979e-02
1.073314069056040025e+05,-1.644215393066406250e+01,-8.133235168457031250e+01,-1.010232060576360530e-01,-6.398660036052387923e-02
1.073314567687730014e+05,-3.087248229980468750e+01,-8.809498596191406250e+01,-1.164089547565367866e-01,-3.994431945622780450e-02
1.073315069211810041e+05,-3.944995117187500000e+01,-9.032571411132812500e+01,-1.117127406773856108e-01,-3.501113846606798696e-02
1.073315567539990006e+05,-4.286363220214843750e+01,-9.311817932128906250e+01,-8.187067831354993830e-02,-3.083648557568045845e-02
1.073316068066849984e+05,-4.127651977539062500e+01,-9.255566406250000000e+01,-4.670328087059973793e-02,-4.378848208650072682e-02
1.073316568340749945e+05,-3.309501647949218750e+01,-9.172549438476562500e+01,-9.191487236476643743e-03,-4.218367186589117024e-02
1.073317068439279974e+05,-1.718504333496093750e+01,-9.135826110839843750e+01,3.505092736313279722e-02,-3.545371611187023847e-02
1.073317569064290001e+05,4.729537963867187500e+00,-8.891818237304687500e+01,9.114300335675085130e-02,-4.107060902469887587e-02
1.073318073081309994e+05,2.538627624511718750e+01,-8.720690917968750000e+01,1.215646358329097731e-01,-6.227621862811315995e-02
1.073318571475409990e+05,4.376518249511718750e+01,-8.404780578613281250e+01,1.335093850029813456e-01,-6.587008993541181023e-02
1.073319074695210002e+05,6.076829528808593750e+01,-7.864634704589843750e+01,1.348436186668602044e-01,-4.492585808779896855e-02
1.073319575657069945e+05,7.582862091064453125e+01,-7.287322998046875000e+01,1.329081102736369424e-01,-3.801942687702134643e-02
1.073320078125769942e+05,8.370551300048828125e+01,-6.744770812988281250e+01,1.239654475636018660e-01,-3.194358327387166602e-02
1.073320564733109932e+05,8.617445373535156250e+01,-5.924696350097656250e+01,1.023130723623669053e-01,1.163332823064263701e-02
1.073321081618360040e+05,8.589473724365234375e+01,-4.638345336914062500e+01,5.172695353495394138e-02,8.577250421942364533e-02
1.073321569664760027e+05,8.119034576416015625e+01,-3.250888061523437500e+01,-4.093752046863165239e-03,1.120436493159971680e-01
1.073322068511819962e+05,7.750000000000000000e+01,-1.900000000000000000e+01,-2.279496366302042817e-02,1.074534746827658649e-01
1.073322566968330066e+05,7.061960601806640625e+01,-9.360107421875000000e+00,-2.058010988027851595e-02,8.201681854924400272e-02
1.073323072624969936e+05,6.163357543945312500e+01,1.662452697753906250e+00,-2.682170990432815663e-02,7.494099633641768121e-02
1.073323557663789979e+05,5.392198944091796875e+01,4.768798828125000000e+00,-3.255811558776935954e-02,5.534665868288198703e-02
1.073324093760209944e+05,5.017169952392578125e+01,3.617805480957031250e+00,-1.180151478851200128e-02,2.141217677382585213e-02
1.073324566794489947e+05,5.150000000000000000e+01,-1.000000000000000000e+00,2.861585322208519758e-02,-2.153285855581818509e-02
1.073325084426969988e+05,5.758125305175781250e+01,-1.005900573730468750e+01,5.790591927919072623e-02,-4.913342736470818761e-02
1.073325570897639991e+05,6.500000000000000000e+01,-2.000000000000000000e+01,7.048480914686716670e-02,-6.733812285872756154e-02
1.073326062554939999e+05,7.283525085449218750e+01,-2.975801086425781250e+01,7.530506607213467707e-02,-8.306300863697765879e-02
1.073326535303489945e+05,8.150000000000000000e+01,-3.100000000000000000e+01,8.777749538168518051e-02,-8.811430362619934731e-02
1.073327034478319983e+05,8.813624572753906250e+01,-3.482464599609375000e+01,9.769678858069973104e-02,-7.912764670657866650e-02
1.073327533271300053e+05,9.033885192871093750e+01,-3.589979553222656250e+01,9.019920901110173306e-02,-5.685469542920669472e-02
1.073328032308179972e+05,8.993304443359375000e+01,-3.210366821289062500e+01,6.215342434071037536e-02,-1.343391966726194958e-02
1.073328532565969945e+05,8.655519866943359375e+01,-2.667813110351562500e+01,1.464414876094151559e-02,3.571099974861517701e-02
1.073329030484510004e+05,8.144594573974609375e+01,-2.114865112304687500e+01,-1.172213994787379976e-02,5.288067245720879522e-02
1.073329532652469934e+05,7.840851593017578125e+01,-3.661804199218750000e+00,-1.849479848858951239e-02,8.718336357495942712e-02
1.073330030450280028e+05,7.233742523193359375e+01,-3.619613647460937500e-01,-7.859795299283219017e-03,7.711297180068986401e-02
1.073330531678429979e+05,6.600606536865234375e+01,7.646865844726562500e+00,-4.956925056034256274e-03,5.880409631366664835e-02
1.073331030067529937e+05,6.148936462402343750e+01,1.324468231201171875e+01,-9.095112409792936378e-03,3.906519392822035974e-02
1.073331530373660062e+05,5.871862792968750000e+01,1.301698303222656250e+01,2.577505444200382974e-03,1.571272499688908600e-02
1.073332028449420031e+05,5.877659606933593750e+01,1.094680786132812500e+01,3.181999986272178449e-02,-1.017268303845106532e-02
1.073332529130729963e+05,6.091231536865234375e+01,3.932579040527343750e+00,5.700538764010321113e-02,-3.899941781298948973e-02
1.073333028632969945e+05,6.396575164794921875e+01,4.452056884765625000e-01,6.616551341079603132e-02,-4.859041121163293342e-02
1.073333527824649937e+05,6.400000000000000000e+01,-6.381576538085937500e+00,5.584285676649461405e-02,-5.103689377273701311e-02
1.073334026836160047e+05,6.250000000000000000e+01,-8.000000000000000000e+00,2.948523131071563441e-02,-3.704753953556477047e-02
1.073334530414659966e+05,5.800000000000000000e+01,-1.000000000000000000e+01,-5.056146086881766616e-03,-2.011830781673019930e-02
1.073335028322279977e+05,5.247058868408203125e+01,-8.500000000000000000e+00,-2.793218024298714172e-02,-3.026314768245994165e-03
1.073335526993420062e+05,4.664286041259765625e+01,-1.000000000000000000e+00,-2.959146099141971714e-02,2.993435236061724875e-02
1.073336027345280017e+05,4.031732177734375000e+01,4.094161987304687500e-01,-2.932983683715259873e-02,4.503290395018316739e-02
1.073336526894929993e+05,3.740146636962890625e+01,6.561798095703125000e+00,-2.176914827830483956e-02,4.759039248897120600e-02
1.073337026186059957e+05,3.760344696044921875e+01,1.077586364746093750e+01,3.577597318754384068e-03,4.099446468885658418e-02
1.073337529213270027e+05,4.139924621582031250e+01,1.307909393310546875e+01,3.827884554744688528e-02,2.553334783738794161e-02
1.073338026852559997e+05,4.810399627685546875e+01,9.519996643066406250e+00,6.860156908887558858e-02,-3.861184470322659001e-03
1.073338526819240069e+05,5.851546478271484375e+01,6.151695251464843750e+00,8.667697610626672045e-02,-2.863680488868694182e-02
1.073339026868509973e+05,7.032715606689453125e+01,1.611808776855468750e+00,1.007258652620002110e-01,-4.829314729484998625e-02
1.073339526786490023e+05,8.050000000000000000e+01,-2.500000000000000000e+00,1.091149447425402291e-01,-5.971704888844020509e-02
1.073340024144850031e+05,8.776642608642578125e+01,-4.360099792480468750e+00,1.094761880150475764e-01,-5.332145193755893908e-02
1.073340522710060031e+05,9.038613891601562500e+01,-3.000000000000000000e+00,9.522531439928934305e-02,-2.292826014463029971e-02
1.073341024611169996e+05,8.798484802246093750e+01,-1.500000000000000000e+00,5.342227285315614277e-02,5.660840797299280733e-03
1.073341525060440035e+05,8.241089630126953125e+01,-1.322235107421875000e+00,-1.318656674081252920e-04,1.879645575710690159e-02
1.073342024256389996e+05,7.428333282470703125e+01,5.416664123535156250e+00,-3.019573154763211670e-02,3.989339654518471445e-02
1.073342522906230006e+05,6.657498168945312500e+01,1.151416778564453125e+01,-2.942004441956540262e-02,5.362844759370669762e-02
1.073343023062900029e+05,5.841153717041015625e+01,1.658454895019531250e+01,-2.697140283989322637e-02,6.162388048561748960e-02
1.073343523565880023e+05,5.169403076171875000e+01,2.123134613037109375e+01,-2.502984098833978266e-02,5.860781802401120871e-02
1.073344022601269971e+05,5.050466156005859375e+01,2.286196136474609375e+01,-1.944299551472459088e-03,3.632165431878333489e-02
1.073344523234609951e+05,5.379498291015625000e+01,2.222109985351562500e+01,3.652396392609726788e-02,1.870715893454985568e-03
1.073345023654620018e+05,6.170689392089843750e+01,1.870689392089843750e+01,7.182495507346337016e-02,-2.676069409313814804e-02
1.073345526240540057e+05,7.174364471435546875e+01,1.415731811523437500e+01,9.334277965384100983e-02,-4.095211643367405868e-02
1.073346021422250051e+05,8.334417724609375000e+01,1.116905212402343750e+01,1.093314163645566495e-01,-4.398537097044309674e-02
1.073346539753060060e+05,9.353092956542968750e+01,1.000000000000000000e+01,1.175983597710807821e-01,-3.508876734605043818e-02
1.073347021331909928e+05,1.021587638854980469e+02,9.366218566894531250e+00,1.174996123729490360e-01,-2.301406083337746017e-02
1.073347535282189929e+05,1.065000000000000000e+02,1.250000000000000000e+01,1.082982254813271844e-01,-6.331479035489888038e-04
1.073348020742499939e+05,1.067265472412109375e+02,1.601504516601562500e+01,8.172597913787782442e-02,1.792750317355758585e-02
1.073348517751239997e+05,1.034262962341308594e+02,2.112420654296875000e+01,3.739362129522842693e-02,3.363000599311737060e-02
1.073349019797340006e+05,9.531977081298828125e+01,2.836046600341796875e+01,-1.858454744766483216e-02,5.364854192080815293e-02
1.073349519123840000e+05,8.478102111816406250e+01,3.724817657470703125e+01,-4.430399172370976663e-02,6.957861486917911453e-02
1.073350017762019997e+05,7.413530731201171875e+01,4.384535980224609375e+01,-4.138664187881949813e-02,7.769919864439162049e-02
1.073350516026669939e+05,6.350000000000000000e+01,4.900000000000000000e+01,-3.985371049398593601e-02,8.221191612192534082e-02
1.073351018745369947e+05,5.714286041259765625e+01,4.885713958740234375e+01,-2.953869172934032311e-02,6.583159977854101397e-02
1.073351517286129965e+05,5.600000000000000000e+01,4.400000000000000000e+01,2.389515163622697030e-03,3.486676603868368168e-02
1.073352017088550056e+05,5.961320495605468750e+01,3.531131744384765625e+01,3.518761570972917668e-02,-8.729626806061921082e-03
1.073352517153939989e+05,6.710780334472656250e+01,2.380049133300781250e+01,6.042965490609640555e-02,-4.269607148800493024e-02
1.073353017422470002e+05,7.690791320800781250e+01,1.581202697753906250e+01,7.755005245714376161e-02,-6.001425281267300238e-02
1.073353516719339968e+05,8.566081237792968750e+01,4.905433654785156250e+00,9.152874453136702892e-02,-7.850519789506857360e-02
1.073354017087490065e+05,9.510764312744140625e+01,-1.188339233398437500e+00,1.022593769197283620e-01,-8.164602751542686387e-02
1.073354515846779977e+05,1.024319686889648438e+02,-5.768821716308593750e+00,1.080832398567272840e-01,-7.488947278525377726e-02
1.073355015528460062e+05,1.080999984741210938e+02,-4.500000000000000000e+00,1.089816253164433563e-01,-4.288686397246093546e-02
1.073355515118470066e+05,1.096650466918945312e+02,-1.000000000000000000e+00,9.086480723743362020e-02,3.691751995600332705e-03
1.073356014041460003e+05,1.080108337402343750e+02,4.454925537109375000e+00,5.343864210752560101e-02,4.346621054670880835e-02
1.073356514518689946e+05,1.021134338378906250e+02,1.401973724365234375e+01,-7.758148746858220535e-03,7.653253187150738102e-02
1.073357015547210030e+05,9.300520324707031250e+01,2.058550262451171875e+01,-3.183177022430906666e-02,7.198932706072080911e-02
1.073357526977329981e+05,8.358296966552734375e+01,3.174454498291015625e+01,-3.027540979012507266e-02,7.268296430351960102e-02
1.073358014638729946e+05,7.318758392333984375e+01,3.430908203125000000e+01,-2.798035493944390356e-02,6.593216334463732065e-02
1.073358511870240036e+05,6.563085937500000000e+01,3.425435638427734375e+01,-1.839235659117647095e-02,4.621590699651447615e-02
1.073359013447839970e+05,6.184803771972656250e+01,3.435972595214843750e+01,5.485482733827771844e-03,1.693193204023274098e-02
1.073359514143029955e+05,6.350000000000000000e+01,2.800000000000000000e+01,3.807946830800518212e-02,-1.522047366805696043e-02
1.073360013773789979e+05,6.871356964111328125e+01,1.990200805664062500e+01,6.332047900682176433e-02,-3.546229230205195926e-02
1.073360512355849933e+05,7.542377471923828125e+01,1.247994232177734375e+01,7.698193729973380750e-02,-4.845074795525949884e-02
1.073361013130479987e+05,8.251071929931640625e+01,6.178192138671875000e+00,8.713765090547713477e-02,-6.183335045882910191e-02
1.073361512743649946e+05,8.695652008056640625e+01,3.260871887207031250e+00,8.988936207973945158e-02,-5.894314797285200164e-02
1.073362012930320052e+05,8.980195617675781250e+01,2.910804748535156250e+00,8.156331456542204039e-02,-3.653093631217251003e-02
1.073362510812760011e+05,9.064953613281250000e+01,1.652832031250000000e+00,5.876872461513590884e-02,-1.833424130423012832e-02
1.073363011704800010e+05,8.800000000000000000e+01,3.500000000000000000e+00,2.621799415224621704e-02,-1.657357316501523051e-03
1.073363510979449929e+05,8.099312591552734375e+01,1.155009460449218750e+01,-1.431863981356619638e-02,3.327552182356679350e-02
1.073364010842239950e+05,7.592060089111328125e+01,1.871029663085937500e+01,-2.474615737909699464e-02,6.112055407508595883e-02
1.073364509972999949e+05,7.144168853759765625e+01,2.914723205566406250e+01,-1.261214616854529000e-02,8.101500855138517310e-02
1.073365010444490035e+05,6.600785064697265625e+01,3.840314483642578125e+01,-2.662627159919296431e-03,9.556330028140440358e-02
1.073365509034330025e+05,6.318006896972656250e+01,4.662961578369140625e+01,1.978489872662934370e-04,9.619237860153313779e-02
1.073366010223589983e+05,6.301870727539062500e+01,4.555530548095703125e+01,4.922887152807960652e-03,6.239971655966373987e-02
1.073366508798800060e+05,6.653065490722656250e+01,4.272108459472656250e+01,2.736190579517674623e-02,1.246466278706880905e-02
1.073367008902700036e+05,7.337413024902343750e+01,3.686618804931640625e+01,5.868206387078030856e-02,-3.519364319568865640e-02
1.073367508483279962e+05,8.448731231689453125e+01,2.767639923095703125e+01,8.204298176196520020e-02,-5.652357878957389031e-02
1.073368008049219934e+05,9.228507995605468750e+01,2.037444305419921875e+01,9.920294330748193057e-02,-6.732959108277752902e-02
1.073368507451829937e+05,9.985856628417968750e+01,1.290238952636718750e+01,1.076532097306074909e-01,-7.137960574173002337e-02
1.073369008704050066e+05,1.042699584960937500e+02,8.303787231445312500e+00,1.047955991027980788e-01,-6.605130021918408090e-02
1.073369507775370002e+05,1.057344512939453125e+02,6.429702758789062500e+00,8.705687443383679225e-02,-4.789198114416823998e-02
1.073370011899240053e+05,1.029066162109375000e+02,6.940658569335937500e+00,4.943053676727604540e-02,-2.121740841425004756e-02
1.073370508197979943e+05,9.825142669677734375e+01,8.289276123046875000e+00,4.318140517176995499e-03,6.390763183921454281e-03
1.073371026435079984e+05,8.949291992187500000e+01,1.709065246582031250e+01,-3.192661201510230834e-02,4.497839529728563795e-02
1.073371506064139976e+05,8.216310119628906250e+01,2.582537078857421875e+01,-3.723723536420559671e-02,6.600642437586391742e-02
1.073372024949189945e+05,7.103834533691406250e+01,3.369185638427734375e+01,-3.325656581583959909e-02,8.588925151299899030e-02
1.073372505793979944e+05,5.948666381835937500e+01,4.000000000000000000e+01,-3.993947442412527915e-02,9.144693486093509460e-02
1.073373005819730024e+05,5.224712371826171875e+01,4.231034851074218750e+01,-3.794928038642784995e-02,7.312169944325176696e-02
1.073373506181590055e+05,4.950000000000000000e+01,4.000000000000000000e+01,-1.054698329316348417e-02,4.206781265858104690e-02
1.073374005513279990e+05,5.027682495117187500e+01,3.395278930664062500e+01,2.658511894162931405e-02,-2.412237100869122752e-03
1.073374506242170028e+05,5.690002441406250000e+01,2.281394958496093750e+01,6.057538313459907842e-02,-4.111165089726639271e-02
1.073375006739219971e+05,6.603395843505859375e+01,1.101574707031250000e+01,7.693597668334663242e-02,-6.342992228239033303e-02
1.073375504975359945e+05,7.308898162841796875e+01,4.650115966796875000e-02,8.508223460002875549e-02,-8.244140743095490498e-02
1.073376004428890010e+05,8.336646270751953125e+01,-8.170806884765625000e+00,9.084042009755195768e-02,-9.268330912141509170e-02
1.073376546985809982e+05,9.222064208984375000e+01,-1.372174072265625000e+01,1.013416065860815035e-01,-8.861528632779906711e-02
1.073377045006950066e+05,9.886374282836914062e+01,-1.571594238281250000e+01,1.079924590379228583e-01,-6.769594258413438870e-02
1.073377538186640013e+05,1.020000000000000000e+02,-1.700000000000000000e+01,9.675135396299724966e-02,-3.971317494041737978e-02
1.073378035246679938e+05,1.037306556701660156e+02,-1.194532775878906250e+01,7.455309763925881128e-02,2.041828418061237139e-04
1.073378527299520065e+05,1.007887306213378906e+02,-4.591552734375000000e+00,2.847440489045297007e-02,4.741702398222283343e-02
1.073379026308989996e+05,9.507783508300781250e+01,6.942481994628906250e+00,-1.798987684545966248e-02,8.640594026850888232e-02
1.073379535367640055e+05,8.691851043701171875e+01,2.286833953857421875e+01,-3.697505752055140621e-02,1.087505105886158729e-01
1.073380034333030053e+05,7.653576660156250000e+01,3.271709442138671875e+01,-3.402445333706888286e-02,1.124546094074394403e-01
1.073380533521379984e+05,6.547461700439453125e+01,4.154972076416015625e+01,-3.109075462845683341e-02,1.014446514799617616e-01
1.073381034613420052e+05,5.954363250732421875e+01,4.327487182617187500e+01,-2.464896459378765683e-02,7.468886350388245776e-02
1.073381534699920012e+05,5.884895324707031250e+01,3.702233886718750000e+01,3.446888956150097848e-03,3.462417801509293930e-02
1.073382033618639980e+05,6.144503784179687500e+01,2.701075744628906250e+01,3.657600463422064352e-02,-8.958423211955546944e-03
1.073382533465129964e+05,6.817205047607421875e+01,1.274835205078125000e+01,6.351392289083321319e-02,-4.270368063762603611e-02
1.073383032697370072e+05,7.420312500000000000e+01,1.000000000000000000e+00,7.074990609817315146e-02,-6.457386414886147341e-02
1.073383533954229933e+05,8.098979949951171875e+01,-1.215306091308593750e+01,7.199519439807608445e-02,-8.308381329841407759e-02
1.073384033238139964e+05,8.791603088378906250e+01,-2.188549804687500000e+01,7.584290016310971105e-02,-9.789401931980433458e-02
1.073384533629999933e+05,9.524779510498046875e+01,-2.799911499023437500e+01,8.453646280133712831e-02,-9.835450418845410880e-02
1.073385033335009939e+05,9.884206008911132812e+01,-3.083682250976562500e+01,9.087672939904986591e-02,-8.575619836489527248e-02
1.073385531647070020e+05,9.950289154052734375e+01,-3.058453369140625000e+01,8.020136949731694609e-02,-5.136880890190414356e-02
1.073386031736159930e+05,9.750000000000000000e+01,-2.650000000000000000e+01,4.710031420871271801e-02,5.239618172304432581e-03
1.073386526581950020e+05,9.225000000000000000e+01,-1.700000000000000000e+01,-1.003976640687705320e-02,6.969725493070028088e-02
1.073387022056809947e+05,8.579672241210937500e+01,-5.307060241699218750e+00,-2.952765323981194207e-02,9.432289958812956066e-02
1.073387532105269929e+05,7.796714019775390625e+01,1.164512634277343750e+01,-3.469315292805966872e-02,1.123258449650727936e-01
1.073388028145680000e+05,6.821476745605468750e+01,2.034477233886718750e+01,-2.779920110095746369e-02,1.064121063673747619e-01
1.073388529902900045e+05,5.894966125488281250e+01,2.664429473876953125e+01,-2.800765881996496523e-02,8.683037327130999072e-02
1.073389027485520055e+05,5.561235809326171875e+01,2.990309143066406250e+01,-2.062379454370346851e-02,5.964385730855566864e-02
1.073389532264209993e+05,5.727420806884765625e+01,2.553920745849609375e+01,1.491077242104090622e-02,1.310141090011369448e-02
1.073390035461600055e+05,6.471327972412109375e+01,1.644955444335937500e+01,5.778719130836770107e-02,-2.880765562196686488e-02
1.073390526489829936e+05,7.373809814453125000e+01,2.630950927734375000e+00,7.638857090882276990e-02,-5.658901839829891256e-02
1.073391024751149962e+05,8.583247375488281250e+01,-6.778350830078125000e+00,8.556285204065670891e-02,-7.652506929254608570e-02
1.073391533613869979e+05,9.539589691162109375e+01,-1.800585937500000000e+01,9.428963220555591773e-02,-9.250951128046505656e-02
1.073392028778920067e+05,1.025810165405273438e+02,-2.446734619140625000e+01,1.009409581202907469e-01,-9.699660223802654413e-02
1.073392528808750067e+05,1.084278831481933594e+02,-2.736698913574218750e+01,1.036166167887552642e-01,-8.793029844862558508e-02
1.073393028615429939e+05,1.106824645996093750e+02,-2.910426330566406250e+01,9.409860095016388259e-02,-6.244303171022016347e-02
1.073393527146190027e+05,1.097515792846679688e+02,-2.365374755859375000e+01,7.042754547605332982e-02,-8.270886895641607617e-03
1.073394027601940033e+05,1.070000000000000000e+02,-1.800000000000000000e+01,2.957308007490454249e-02,4.439932224542542799e-02
1.073394531198220066e+05,1.013685646057128906e+02,-4.719703674316406250e+00,-1.565589175815033929e-02,8.728945808163213194e-02
1.073395025386799971e+05,9.328711700439453125e+01,1.172418975830078125e+01,-3.489256262954513327e-02,1.066619631728296103e-01
1.073395539127819939e+05,8.541268920898437500e+01,2.342837524414062500e+01,-2.352573602258754143e-02,1.116172258023444275e-01
1.073396017164660007e+05,7.359776306152343750e+01,3.589511108398437500e+01,-2.250925024144705827e-02,1.100170235637429328e-01
1.073396525013320061e+05,6.492176818847656250e+01,4.174363708496093750e+01,-2.743306281298545785e-02,9.197333728080425708e-02
1.073397023652049975e+05,6.224496459960937500e+01,4.024496459960937500e+01,-1.975641742969364359e-02,5.756719499543123952e-02
1.073397524381130061e+05,6.289219665527343750e+01,3.377302551269531250e+01,1.553333083096789489e-02,1.296543742065249007e-02
1.073398025230759959e+05,6.894452667236328125e+01,2.450693511962890625e+01,5.268931154362641034e-02,-2.779836297046888588e-02
1.073398532651090063e+05,7.524649810791015625e+01,8.654579162597656250e+00,6.842488789853659603e-02,-5.209691844521335824e-02
1.073399032170730061e+05,8.210126495361328125e+01,-3.291137695312500000e+00,6.978062417932953676e-02,-7.279209364134708871e-02
1.073399518429180025e+05,9.001587677001953125e+01,-1.004762268066406250e+01,7.947364054261185640e-02,-8.685645396105810823e-02
1.073400017347349931e+05,9.650000000000000000e+01,-1.950000000000000000e+01,8.417383421348272055e-02,-9.216050270906067654e-02
1.073400517446059966e+05,9.916907882690429688e+01,-2.420072937011718750e+01,8.438466131488296662e-02,-8.680303460977559227e-02
1.073401017965890060e+05,9.850000000000000000e+01,-2.650000000000000000e+01,6.986374721012023059e-02,-6.663237392451520913e-02
1.073401523936040030e+05,9.672518920898437500e+01,-2.414503479003906250e+01,4.011581315020564670e-02,-2.883247377276994261e-02
1.073402023284210009e+05,9.380300140380859375e+01,-1.862757873535156250e+01,1.273894493154857296e-02,2.270112895012053877e-02
1.073402518399249966e+05,9.166580200195312500e+01,-1.047593688964843750e+01,6.098285131138521213e-03,4.746748591143272467e-02
1.073403015138729970e+05,9.017191314697265625e+01,1.207023620605468750e+00,1.618199765144737873e-02,6.136503103845598883e-02
1.073403521668699977e+05,8.748962402343750000e+01,1.362564849853515625e+01,1.961535190874905479e-02,8.677027313528133667e-02
1.073404019559279986e+05,8.192390441894531250e+01,2.184265136718750000e+01,8.842502381329069364e-03,9.371665537032376758e-02
1.073404519003739988e+05,7.566017150878906250e+01,3.008008575439453125e+01,-9.933067254576679467e-03,8.446853778753131425e-02
1.073405019749859930e+05,7.232334136962890625e+01,3.339465332031250000e+01,-1.536750077079349942e-02,5.525676536300906661e-02
1.073405517614150012e+05,6.989041137695312500e+01,3.399491119384765625e+01,7.949519264472954330e-03,1.935461385082558328e-02
1.073406018960450019e+05,7.039705657958984375e+01,2.901470947265625000e+01,4.340486974018022831e-02,-1.988960517524152732e-02
1.073406517632689938e+05,7.254564666748046875e+01,2.006379699707031250e+01,6.402339198509367224e-02,-4.120783734951079247e-02
1.073407018043809949e+05,7.280823516845703125e+01,1.372280883789062500e+01,6.373411699404317454e-02,-4.817416901776494509e-02
1.073407517933820054e+05,6.980368041992187500e+01,6.593452453613281250e+00,4.311088307291364996e-02,-5.171747782711097474e-02
1.073408018175129982e+05,6.483333587646484375e+01,3.500000000000000000e+00,2.028375270761974269e-03,-3.968359720498446791e-02
1.073408517381260026e+05,6.073377990722656250e+01,2.595520019531250000e-01,-2.640193148349332872e-02,-2.801899624313300766e-02
1.073409017570709984e+05,5.565709686279296875e+01,1.176734924316406250e+00,-2.517234602960229800e-02,-1.252017836807249943e-02
1.073409517171280022e+05,5.073852539062500000e+01,3.349098205566406250e+00,-6.338173168041516363e-03,1.098086297312448646e-02
1.073410016787409986e+05,4.621830749511718750e+01,9.190139770507812500e+00,-1.151178428545515144e-03,3.621295991812802095e-02
1.073410517127229978e+05,4.444570922851562500e+01,1.632312011718750000e+01,1.346093143309598159e-03,5.768411746273951340e-02
1.073411019005010021e+05,4.332044219970703125e+01,2.077122497558593750e+01,8.096792916092630799e-03,6.382087798330246531e-02
1.073411516034300003e+05,4.555966186523437500e+01,2.399716186523437500e+01,2.371519334590557054e-02,4.935001533355511810e-02
1.073412016757270030e+05,5.082733917236328125e+01,2.269065093994140625e+01,5.327494466630820769e-02,9.023218930674922061e-03
1.073412514509339962e+05,5.711225891113281250e+01,1.869939422607421875e+01,7.347905964188806982e-02,-2.456067145612782915e-02
1.073413016212109942e+05,6.295918273925781250e+01,1.417887115478515625e+01,8.209646923645150252e-02,-4.009916032146296216e-02
1.073413516402310051e+05,6.641344451904296875e+01,1.006537628173828125e+01,7.840348261444558819e-02,-4.543045279179963591e-02
1.073414014742330037e+05,6.797164916992187500e+01,6.559280395507812500e+00,5.945035364803592098e-02,-3.814962743670063938e-02
1.073414514687350020e+05,6.750000000000000000e+01,6.000000000000000000e+00,2.668626834809970788e-02,-2.504224141851281102e-02
1.073415013340150035e+05,6.350000000000000000e+01,8.500000000000000000e+00,-5.821763099175644024e-03,-1.774906154326758760e-03
1.073415514128859941e+05,5.750131988525390625e+01,1.287491607666015625e+01,-2.542988100703231016e-02,2.149736673581872579e-02
1.073416016525519954e+05,5.167461395263671875e+01,1.939505004882812500e+01,-2.379678299298220237e-02,4.770138636862843173e-02
1.073416513023519947e+05,4.423148345947265625e+01,2.847222137451171875e+01,-2.724745677841146005e-02,7.677461934430959700e-02
1.073417014161109983e+05,4.043370056152343750e+01,3.237845611572265625e+01,-2.811197823770737736e-02,7.871315580459666006e-02
1.073417511521510023e+05,3.829145812988281250e+01,3.744891357421875000e+01,-1.423779124311505898e-02,6.858865778123049428e-02
1.073418011990410014e+05,3.994489288330078125e+01,3.738604736328125000e+01,1.828602887321831988e-02,3.838637162549022458e-02
1.073418511283020052e+05,4.579580688476562500e+01,3.315302276611328125e+01,5.654527538868596437e-02,-1.075141025456833981e-02
1.073419031921400019e+05,5.433745574951171875e+01,2.491267395019531250e+01,7.667051173530835262e-02,-4.759304572847083969e-02
1.073419515863200068e+05,6.514406585693359375e+01,1.619491577148437500e+01,9.305465154052360022e-02,-6.196784538443867590e-02
1.073420017823560047e+05,7.442848968505859375e+01,8.399200439453125000e+00,1.021999922786221010e-01,-7.601925483817004170e-02
1.073420505221079948e+05,8.406325531005859375e+01,1.837951660156250000e+00,1.079439750196981157e-01,-7.759589905647530650e-02
1.073421005069050007e+05,9.231923675537109375e+01,1.435440063476562500e+00,1.116222027098229402e-01,-5.207848051698800440e-02
1.073421509562550054e+05,9.650495147705078125e+01,1.000000000000000000e+00,1.028635732942786846e-01,-1.482423473261293076e-02
1.073422009700339986e+05,9.687764358520507812e+01,4.711479187011718750e+00,7.255273565857647822e-02,1.828052675520167383e-02
1.073422510171830072e+05,9.334146118164062500e+01,1.178048706054687500e+01,2.013338169862013624e-02,4.339561111481723271e-02
1.073423010498320073e+05,8.529876708984375000e+01,2.032469177246093750e+01,-2.997870575255144263e-02,6.941333291710051479e-02
1.073423509544630069e+05,7.494485473632812500e+01,3.315012359619140625e+01,-5.057035547009101906e-02,9.458474456511727080e-02
1.073424009652980021e+05,6.366986846923828125e+01,4.318330383300781250e+01,-5.158656866842147026e-02,1.075607410152558813e-01
1.073424508859110065e+05,5.171349334716796875e+01,4.827541351318359375e+01,-4.613258437586913174e-02,9.466216927192781794e-02
1.073425008962080028e+05,4.476152801513671875e+01,4.781766510009765625e+01,-3.289166520473935790e-02,6.936144727415838318e-02
1.073425506951739953e+05,4.220310974121093750e+01,4.177368164062500000e+01,-1.108516476845342654e-03,3.401085021333080660e-02
1.073426009447469987e+05,4.595592498779296875e+01,3.160030364990234375e+01,3.391591269358280869e-02,-1.174600670066766259e-02
1.073426509232480021e+05,5.458347320556640625e+01,1.457118988037109375e+01,6.234536924165783728e-02,-4.971644614467980033e-02
1.073427009273599979e+05,6.427944946289062500e+01,-3.507461547851562500e-01,7.333574846638440947e-02,-8.130883749355613532e-02
1.073427510496570030e+05,7.450000000000000000e+01,-1.550000000000000000e+01,8.075309418001770656e-02,-1.010418466376130364e-01
1.073428010242140008e+05,8.177678680419921875e+01,-2.525892639160156250e+01,8.673730141435033458e-02,-1.098791874621015963e-01
1.073428508930120006e+05,8.900000000000000000e+01,-3.100000000000000000e+01,9.232646428469405697e-02,-1.004962112890350895e-01
1.073429009536800004e+05,9.257225799560546875e+01,-3.546705627441406250e+01,8.997740338543581962e-02,-8.256012861361713973e-02
1.073429513672519970e+05,9.400000000000000000e+01,-3.450000000000000000e+01,7.475209046993736006e-02,-4.914445773955566227e-02
1.073430007061649958e+05,9.220383453369140625e+01,-2.966835021972656250e+01,4.318582048525511363e-02,5.133359477077022517e-03
1.073430506118519988e+05,8.724278259277343750e+01,-1.742945861816406250e+01,-1.996693787781981047e-02,8.357742934247744393e-02
1.073431007559449936e+05,8.029545593261718750e+01,-4.965911865234375000e+00,-3.555707581420856217e-02,1.078634015198984969e-01
1.073431506608909986e+05,7.150205993652343750e+01,1.257563018798828125e+01,-3.470010685815524965e-02,1.208300956115502256e-01
1.073432005434489984e+05,6.058969116210937500e+01,2.302774047851562500e+01,-3.302233880566962654e-02,1.092319327303396814e-01
1.073432504944319953e+05,5.198834991455078125e+01,3.049156951904296875e+01,-3.310659043639840177e-02,8.964838599786552342e-02
1.073433004354519944e+05,4.808175659179687500e+01,3.046987915039062500e+01,-2.476279691253614051e-02,5.836573966456008733e-02
1.073433506120439997e+05,5.141343688964843750e+01,2.294978332519531250e+01,1.715096685146974206e-02,1.206652318936777060e-02
1.073434005656200025e+05,6.164888763427734375e+01,1.274976348876953125e+01,6.100518210470685931e-02,-3.164204631309667365e-02
1.073434506015280058e+05,7.143987274169921875e+01,-4.237442016601562500e+00,7.484346811126582621e-02,-6.251059979828205160e-02
1.073435002997539996e+05,8.196275329589843750e+01,-1.646728515625000000e+01,7.937395339372226022e-02,-8.520750418650363534e-02
1.073435506466410006e+05,9.034117889404296875e+01,-2.563882446289062500e+01,8.740979695397431415e-02,-1.015400120637995063e-01
1.073436005138290056e+05,9.713112258911132812e+01,-3.566915893554687500e+01,9.230157221054875738e-02,-1.055740648671711357e-01
1.073436503874229966e+05,1.021365623474121094e+02,-3.884100341796875000e+01,9.458019717164567464e-02,-9.643914377852755293e-02
1.073437019408199994e+05,1.026666679382324219e+02,-4.216667175292968750e+01,8.508829679875223873e-02,-7.370269405141770258e-02
1.073437502395930060e+05,1.015000000000000000e+02,-3.900000000000000000e+01,5.834735634765832873e-02,-2.805704807265427259e-02
1.073438006271659979e+05,9.600000000000000000e+01,-3.550000000000000000e+01,1.506440712969457814e-02,2.707021031684735471e-02
1.073438502609840070e+05,9.147666931152343750e+01,-2.240167236328125000e+01,-2.244191783327499981e-02,7.521329080476713003e-02
1.073439002212079940e+05,8.628823089599609375e+01,-8.779190063476562500e+00,-2.411545325880774804e-02,9.653662555512990129e-02
1.073439506942979933e+05,8.095426940917968750e+01,1.060394287109375000e+00,-5.533865170424735747e-03,9.760411587519272902e-02
1.073440002844139963e+05,7.390150451660156250e+01,1.293629455566406250e+01,-3.936323206592364128e-03,9.085259895749246695e-02
1.073440501594709931e+05,6.872967529296875000e+01,1.916003417968750000e+01,-1.453030112324524455e-02,7.366448276626372249e-02
1.073441001156760030e+05,6.544071197509765625e+01,1.991566467285156250e+01,-7.142402958948418021e-03,3.770953776185912570e-02
1.073441499273829977e+05,6.573709869384765625e+01,1.869109344482421875e+01,2.613726302904606849e-02,-5.533339051384717627e-03
1.073441999979200045e+05,6.867277526855468750e+01,1.471891784667968750e+01,6.078655355371386654e-02,-3.203137241532373614e-02
1.073442500568840042e+05,7.121276855468750000e+01,8.000000000000000000e+00,7.095543817592421532e-02,-4.464480064260512027e-02
1.073442999355530046e+05,7.375466156005859375e+01,1.729812622070312500e+00,6.723555530714908635e-02,-5.231033857630769390e-02
1.073443515396159928e+05,7.523327636718750000e+01,-1.617958068847656250e+00,5.605996143818041400e-02,-5.204231567913018136e-02
1.073444001033679961e+05,7.659968566894531250e+01,-3.677566528320312500e+00,4.270397418055042749e-02,-4.237605445195412324e-02
1.073444501892950066e+05,7.572222137451171875e+01,-3.500000000000000000e+00,3.169001527985011724e-02,-2.619348970675029753e-02
1.073444997368729964e+05,7.192895507812500000e+01,-1.751708984375000000e-02,1.420789313086772213e-02,1.055606928629915101e-03
1.073445494744320022e+05,6.574291229248046875e+01,5.655868530273437500e+00,-9.702256403856902162e-03,3.717295900629388750e-02
1.073445996273759956e+05,5.962524414062500000e+01,1.347339630126953125e+01,-2.239995872550010550e-02,6.926117694198230534e-02
1.073446496416919981e+05,5.321464538574218750e+01,2.247474670410156250e+01,-2.436868354635544215e-02,8.470526445945807115e-02
1.073446995803790051e+05,4.773490142822265625e+01,3.073490142822265625e+01,-2.454409472085010424e-02,8.653676585879858940e-02
1.073447495005660021e+05,4.547959136962890625e+01,3.647959136962890625e+01,-1.487289190618260211e-02,7.739754893553570103e-02
1.073447995183080056e+05,4.534883880615234375e+01,3.950000000000000000e+01,8.209855886502854042e-03,5.676396385480302759e-02
1.073448493977729959e+05,5.013245391845703125e+01,3.576158905029296875e+01,4.381365820593889626e-02,7.746297672221134738e-03
1.073448996514390019e+05,5.955776214599609375e+01,2.682068634033203125e+01,7.348524106143067280e-02,-4.093990123343892173e-02
1.073449499403630034e+05,6.852941131591796875e+01,1.758823394775390625e+01,8.815671557453616525e-02,-6.214062119901833658e-02
1.073450000664010004e+05,7.753916168212890625e+01,8.239273071289062500e+00,9.650344610550419533e-02,-8.129699112190645616e-02
1.073450495874610060e+05,8.579020690917968750e+01,2.937088012695312500e-01,1.008526189535466216e-01,-8.782738568046324912e-02
1.073450997382939968e+05,9.243124389648437500e+01,-5.699668884277343750e+00,1.015805202146081998e-01,-8.352969303634207032e-02
1.073451495940739987e+05,9.529037475585937500e+01,-7.765907287597656250e+00,9.319967906729068052e-02,-5.787054005363466425e-02
1.073451993204850005e+05,9.350000000000000000e+01,-7.500000000000000000e+00,5.852322155400613984e-02,-2.298734194801071301e-02
1.073452491816910042e+05,8.826470947265625000e+01,-1.500000000000000000e+00,4.072079126524745692e-03,2.803639292550929099e-02
1.073452994529860007e+05,7.943106842041015625e+01,6.116645812988281250e+00,-4.356785610553638027e-02,6.619015573878488101e-02
1.073453493276179943e+05,6.901590728759765625e+01,2.306311798095703125e+01,-5.701059130880364867e-02,1.070826509706318402e-01
1.073453992587670073e+05,5.903339385986328125e+01,3.235739135742187500e+01,-4.871960160131844769e-02,1.188786050846925568e-01
1.073454493440829974e+05,4.766748809814453125e+01,4.277914428710937500e+01,-4.143960073879328354e-02,1.128172130204025125e-01
1.073454990954929963e+05,3.967626953125000000e+01,4.675762939453125000e+01,-3.256952919584622103e-02,8.416359709182708038e-02
1.073455490512910037e+05,3.660958862304687500e+01,4.560958862304687500e+01,-1.878143394690333021e-02,5.304289767636663488e-02
1.073456009199819964e+05,4.158352661132812500e+01,3.965016174316406250e+01,2.388302240724323594e-02,8.680913731980384246e-04
1.073456494507720054e+05,5.102024078369140625e+01,2.979488372802734375e+01,6.574168642000224883e-02,-5.006708035788254296e-02
1.073456993389770068e+05,6.348497009277343750e+01,1.766078186035156250e+01,8.654574862875369368e-02,-7.383726530478343375e-02
1.073457490634059941e+05,7.379869842529296875e+01,4.305191040039062500e+00,1.003523574918841199e-01,-9.182625938936390952e-02
1.073457990561479965e+05,8.300000000000000000e+01,-3.000000000000000000e+00,1.067939604606369663e-01,-9.497582030036592904e-02
1.073458481421930046e+05,8.867899322509765625e+01,-9.482528686523437500e+00,1.043752619126533665e-01,-8.685875169002255092e-02
1.073458959460070037e+05,9.150000000000000000e+01,-1.153999328613281250e+01,8.977441402851876751e-02,-5.911582190855261404e-02
1.073459460129700019e+05,8.909440612792968750e+01,-1.301820373535156250e+01,4.739365048472415215e-02,-2.820317730166466141e-02
1.073459958088429994e+05,8.363384246826171875e+01,-7.741416931152343750e+00,-5.423085230197420385e-03,1.671425696802655153e-02
1.073460458990290063e+05,7.492887115478515625e+01,-1.133888244628906250e+00,-4.309090923804725914e-02,5.339196514844554708e-02
1.073460956489759992e+05,6.774777984619140625e+01,1.323760986328125000e+01,-4.498381745222488487e-02,9.280913262302953326e-02
1.073461458600309998e+05,5.895720672607421875e+01,2.416788482666015625e+01,-3.892129310864946706e-02,1.151807619120710918e-01
1.073461956195529929e+05,5.257334899902343750e+01,3.380008697509765625e+01,-2.428052968350044236e-02,1.089495356944716470e-01
1.073462456807379931e+05,5.021042633056640625e+01,4.094592285156250000e+01,-7.053322853618257567e-03,8.912945824206086609e-02
1.073462955985919980e+05,5.354969024658203125e+01,4.009627532958984375e+01,2.213675933322570288e-02,4.603129642293248003e-02
1.073463455115940014e+05,6.035678100585937500e+01,3.259902954101562500e+01,5.581814305740345761e-02,-1.366154035693586087e-02
1.073463958209069970e+05,7.285021209716796875e+01,2.170883178710937500e+01,8.019082165813169738e-02,-5.482236424103097833e-02
1.073464457250760024e+05,8.027590942382812500e+01,1.081060791015625000e+01,9.115707388241911513e-02,-7.729578176662520173e-02
1.073464955973369943e+05,8.879460906982421875e+01,-3.877593994140625000e+00,9.410670393733293337e-02,-9.700473456515042170e-02
1.073465454545429966e+05,9.512162017822265625e+01,-6.878379821777343750e+00,9.635468482722589489e-02,-9.582418093630472311e-02
1.073465955660059990e+05,9.650000000000000000e+01,-1.150000000000000000e+01,8.930111881974339694e-02,-7.578184524707935743e-02
1.073466452780279942e+05,9.499395751953125000e+01,-9.800598144531250000e+00,5.640785330583715507e-02,-3.005338083394522644e-02
1.073466954383429984e+05,8.908083343505859375e+01,-3.240180969238281250e+00,-1.688811937975247951e-03,3.268662955234018230e-02
1.073467453889000026e+05,8.160237884521484375e+01,4.256858825683593750e+00,-3.899786435403317097e-02,6.787363200343471403e-02
1.073467967417430045e+05,7.572140502929687500e+01,2.196494293212890625e+01,-3.817695946291299602e-02,1.056468350458568684e-01
1.073468451341629989e+05,6.727362823486328125e+01,2.934595489501953125e+01,-2.169006984690818179e-02,1.128913212605282407e-01
1.073468952143859933e+05,5.976466369628906250e+01,4.101908111572265625e+01,-1.339876945929638179e-02,1.072499375456766324e-01
1.073469454104220058e+05,5.582096862792968750e+01,4.748988342285156250e+01,-1.304795151904454206e-02,8.867415014535168227e-02
1.073469951227590063e+05,5.658669281005859375e+01,4.557751464843750000e+01,1.813165329688703684e-03,5.068144004898510191e-02
1.073470452555920056e+05,6.372205352783203125e+01,3.888758850097656250e+01,3.927598244551510492e-02,-6.686698093463716401e-03
1.073470952976859990e+05,7.350000000000000000e+01,2.500000000000000000e+01,6.842411536214371148e-02,-5.183546344134874750e-02
1.073471454705740034e+05,8.450000000000000000e+01,1.300000000000000000e+01,8.191557313200874268e-02,-7.359203249990481366e-02
1.073471951533190004e+05,9.470150756835937500e+01,4.496231079101562500e-01,9.750825753718933564e-02,-9.040556594806668789e-02
1.073472451734119968e+05,1.046807060241699219e+02,-6.248519897460937500e+00,1.083325871299398030e-01,-9.338057341448371962e-02
1.073472950035069953e+05,1.106980476379394531e+02,-1.096952819824218750e+01,1.112570167398936050e-01,-8.411502300757185691e-02
1.073473450134150044e+05,1.149278335571289062e+02,-1.100000000000000000e+01,1.065654865421929581e-01,-5.328861548621263017e-02
1.073473950653609936e+05,1.148099136352539062e+02,-8.332138061523437500e+00,8.262870798430164976e-02,-8.576115636968861811e-03
1.073474449707699969e+05,1.125095100402832031e+02,-8.033981323242187500e-01,4.078828720048328221e-02,4.215981901044395935e-02
1.073474959121709981e+05,1.079369697570800781e+02,1.123893737792968750e+01,-1.327228833808133737e-02,8.617413785327050768e-02
1.073475449637720012e+05,1.030000000000000000e+02,2.250000000000000000e+01,-2.360920609745632837e-02,8.719284440358764099e-02
1.073475948480149964e+05,9.991880416870117188e+01,3.697293090820312500e+01,-4.400264041323253932e-03,8.976745950246971251e-02
1.073476449226450059e+05,9.356961822509765625e+01,4.637974548339843750e+01,1.268811608976858248e-02,9.577087594552557981e-02
1.073476948528869980e+05,8.806626129150390625e+01,5.091365814208984375e+01,9.823373473697617417e-03,8.976690547654186947e-02
1.073477450276460004e+05,8.319030761718750000e+01,5.142214202880859375e+01,-4.958474868930786740e-03,5.854304259116364234e-02
1.073477947250569996e+05,8.200000000000000000e+01,4.900000000000000000e+01,1.792729277723269146e-03,2.072492465676767370e-02
1.073478446885949961e+05,8.307470703125000000e+01,4.072145080566406250e+01,3.120497784302305941e-02,-1.038423116801154983e-02
1.073478947269659984e+05,8.455419158935546875e+01,3.089783477783203125e+01,5.042629233134330452e-02,-3.014696553386855132e-02
1.073479451674640004e+05,8.642531585693359375e+01,2.107012939453125000e+01,5.406422612335894801e-02,-4.077792401939501349e-02
1.073479946932839957e+05,8.725040435791015625e+01,1.014586639404296875e+01,5.685474552217083255e-02,-5.123685960437481673e-02
1.073480448738940031e+05,8.677230834960937500e+01,2.818077087402343750e+00,5.374220102485972872e-02,-5.950706009755459686e-02
1.073480947221370006e+05,8.500000000000000000e+01,-2.000000000000000000e+00,4.367157611912988319e-02,-5.698627084170893725e-02
1.073481446820459969e+05,8.050000000000000000e+01,-3.000000000000000000e+00,1.949368294142136970e-02,-3.889960769588134137e-02
1.073481946702510031e+05,7.571311187744140625e+01,-2.978843688964843750e+00,-5.760999334113677851e-03,-1.544582218092693804e-02
1.073482446178079990e+05,7.038188171386718750e+01,1.250442504882812500e+00,-1.671659722507945131e-02,1.536190718779505311e-02
1.073482947263819951e+05,6.675000000000000000e+01,7.812500000000000000e+00,-2.216554918228729517e-03,4.039807517335143594e-02
1.073483445875879988e+05,6.312493133544921875e+01,1.157639312744140625e+01,1.190110823037542065e-02,4.581460389929406518e-02
1.073483944787009968e+05,6.109952545166015625e+01,1.751658630371093750e+01,1.839706382790639097e-02,4.571166799312118695e-02
1.073484445484049938e+05,5.828028106689453125e+01,2.285352325439453125e+01,1.589329383277029648e-02,4.925029767655107055e-02
1.073484943662589940e+05,5.755880737304687500e+01,2.712683105468750000e+01,1.740573406319730412e-02,4.899750492026283544e-02
1.073485443992049986e+05,6.046028137207031250e+01,2.803891754150390625e+01,3.554947328261807982e-02,2.869358634176371811e-02
1.073485943184289936e+05,6.437287902832031250e+01,2.597551727294921875e+01,5.957474645453182671e-02,-7.107500523126783314e-03
1.073486444478920021e+05,6.805514526367187500e+01,2.384987640380859375e+01,7.428853588220632465e-02,-2.574476736350715320e-02
1.073486943771710066e+05,7.082432556152343750e+01,1.966216278076171875e+01,7.395806858105158366e-02,-3.317507619577958478e-02
1.073487441836179933e+05,7.233602142333984375e+01,1.905294036865234375e+01,6.066214430304255750e-02,-2.331945364591860026e-02
1.073487942473040021e+05,7.251840209960937500e+01,1.632822418212890625e+01,3.789118061234648949e-02,-1.743930734906748437e-02
1.073488441658609954e+05,6.929562377929687500e+01,1.832427978515625000e+01,8.524894337656369753e-03,-2.334723982994179898e-03
1.073488942853430053e+05,6.401056671142578125e+01,1.947200775146484375e+01,-9.290817872028622748e-03,1.230563949380078514e-02
1.073489446853410045e+05,5.791810607910156250e+01,2.195905303955078125e+01,-1.596282188606826594e-02,2.503401181534768011e-02
1.073489942547709943e+05,5.012098693847656250e+01,2.645640563964843750e+01,-2.080205519684111271e-02,3.819445022927829558e-02
1.073490441674390022e+05,4.486048889160156250e+01,3.013339996337890625e+01,-1.977070213904807278e-02,4.740308316322201787e-02
1.073490942147919995e+05,4.218000030517578125e+01,3.276352691650390625e+01,-9.762667084029149137e-03,4.991946417272394299e-02
1.073491459660020046e+05,4.291854858398437500e+01,3.312996673583984375e+01,1.344755127240136391e-02,3.488271684840428544e-02
1.073491940410539974e+05,4.913090515136718750e+01,3.211958312988281250e+01,5.506856706486450148e-02,-8.835019086642922166e-05
1.073492455028039985e+05,5.940232849121093750e+01,2.949076080322265625e+01,8.667170199435984823e-02,-2.616018751489363608e-02
1.073492941777219967e+05,7.127122497558593750e+01,2.523379516601562500e+01,1.065136122287312220e-01,-3.467968834973966102e-02
1.073493439162620052e+05,8.505835723876953125e+01,2.431388092041015625e+01,1.218297505166588413e-01,-2.827248870728871905e-02
1.073493951380869985e+05,9.820619201660156250e+01,2.425561523437500000e+01,1.272306265002326187e-01,-1.332505522307987807e-02
1.073494438525419973e+05,1.076491813659667969e+02,2.633824157714843750e+01,1.260137535062190450e-01,7.060119709221155011e-03
1.073494939275979996e+05,1.108782539367675781e+02,3.007963562011718750e+01,1.159732887300669174e-01,2.511560846694728399e-02
1.073495437074340007e+05,1.097388076782226562e+02,3.424626922607421875e+01,8.283255035696575341e-02,3.236554686617049842e-02
1.073495936874909967e+05,1.032040367126464844e+02,3.977354431152343750e+01,2.892676883303908070e-02,3.907392345041547921e-02
1.073496436346779956e+05,9.263967132568359375e+01,4.630300140380859375e+01,-3.196561303930816472e-02,5.396089540514383692e-02
1.073496937159929948e+05,8.365264129638671875e+01,5.534539794921875000e+01,-5.804504610766535178e-02,6.462607137219450459e-02
1.073497437028270069e+05,7.212624359130859375e+01,5.653837203979492188e+01,-4.983616486605574325e-02,6.738426396086974468e-02
1.073497935398300033e+05,5.783805084228515625e+01,5.803713989257812500e+01,-4.923451591249243531e-02,6.727328671321143594e-02
1.073498435650710016e+05,5.071574401855468750e+01,5.447376251220703125e+01,-3.487163737789172185e-02,5.194910432321767774e-02
1.073498936620159948e+05,4.747872161865234375e+01,4.850000000000000000e+01,-4.081923860624047176e-03,2.764176878049437458e-02
1.073499439420150011e+05,5.133080291748046875e+01,3.987133026123046875e+01,2.878924900974496118e-02,-7.040858257376259727e-03
1.073499938220170006e+05,6.083783721923828125e+01,2.616216278076171875e+01,5.627199826910369435e-02,-4.243342936916419394e-02
1.073500438852950028e+05,7.081862640380859375e+01,1.497343444824218750e+01,7.395056198424027061e-02,-6.625571228620402708e-02
1.073500938653149933e+05,8.048881530761718750e+01,2.128128051757812500e+00,8.933036522671219948e-02,-8.714442123023295739e-02
1.073501435387069941e+05,8.912612152099609375e+01,-6.782188415527343750e+00,9.663794573802228505e-02,-9.435544020469950610e-02
1.073501936369850009e+05,9.558427429199218750e+01,-1.411614990234375000e+01,9.882414161901853511e-02,-9.250213754549115042e-02
1.073502437224669993e+05,9.927219390869140625e+01,-1.729414367675781250e+01,9.475490253563093046e-02,-7.777078259272153515e-02
1.073502935395069944e+05,9.850000000000000000e+01,-1.716667175292968750e+01,7.125061674593692607e-02,-4.142572609564506431e-02
1.073503433887870051e+05,9.400000000000000000e+01,-1.079730224609375000e+01,2.010199649464641802e-02,2.095831099686740542e-02
1.073503934969529946e+05,8.640797424316406250e+01,-8.185577392578125000e-01,-4.072258674313931903e-02,8.100430946035608315e-02
1.073504435458429944e+05,7.865851593017578125e+01,1.101309967041015625e+01,-4.117603600147601989e-02,9.823021033267254065e-02
1.073504933340860007e+05,7.111888122558593750e+01,2.600798797607421875e+01,-2.851027887046900244e-02,1.158957666031337069e-01
1.073505431460520049e+05,6.219058227539062500e+01,3.484529113769531250e+01,-1.900240238824741495e-02,1.095164030470233280e-01
1.073505932184220001e+05,5.443627166748046875e+01,3.813039398193359375e+01,-1.976379841616498004e-02,8.345379881284493984e-02
1.073506432205349993e+05,5.017489624023437500e+01,3.546762084960937500e+01,-1.069413111102149837e-02,4.437893003330196234e-02
1.073506931671100028e+05,5.124539947509765625e+01,2.839877319335937500e+01,1.923439139649209262e-02,-4.358266799591548751e-03
1.073507431454449979e+05,5.666165161132812500e+01,1.709271240234375000e+01,5.738403479154711301e-02,-4.106637033381563967e-02
1.073507930939829967e+05,6.441080474853515625e+01,2.879302978515625000e+00,7.262124838093861334e-02,-6.629445353666972574e-02
1.073508490598289936e+05,7.118656158447265625e+01,-9.092926025390625000e+00,7.615305917257748913e-02,-8.443544346670600609e-02
1.073508980370600038e+05,7.720370483398437500e+01,-2.027777099609375000e+01,7.454822715141773415e-02,-9.984893594937328809e-02
1.073509476287669968e+05,8.067117309570312500e+01,-2.755404663085937500e+01,7.041704201455224743e-02,-1.001531069171357619e-01
1.073509956715419976e+05,8.178571319580078125e+01,-3.011904907226562500e+01,6.096893781167388171e-02,-8.070648007832789683e-02
1.073510476749170048e+05,8.100000000000000000e+01,-2.950000000000000000e+01,3.859506684500159379e-02,-4.193461544127981278e-02
1.073510964091869973e+05,7.933928680419921875e+01,-2.544155883789062500e+01,1.444055463351765455e-02,2.500753844450118862e-03
1.073511459772100061e+05,7.430661010742187500e+01,-2.009043884277343750e+01,-7.229105390991524306e-03,3.846285527859218817e-02
1.073511960513399972e+05,7.062121582031250000e+01,-6.126258850097656250e+00,-1.303332583232374997e-02,8.127958833631285240e-02
1.073512459577300033e+05,6.695030975341796875e+01,7.168754577636718750e+00,-7.422158350100827549e-03,1.107239101096077899e-01
1.073512976201449928e+05,6.169963073730468750e+01,1.462284851074218750e+01,-5.613362050264408300e-03,9.953340094629374579e-02
1.073513456032160029e+05,5.797155761718750000e+01,2.257147979736328125e+01,-7.557708268711368048e-03,7.777640815837523480e-02
1.073513958167530072e+05,5.669999694824218750e+01,2.294000244140625000e+01,-2.630029916040732400e-04,3.928399268056098625e-02
1.073514458531790006e+05,5.911382293701171875e+01,1.917182159423828125e+01,3.113687475702846610e-02,-8.417614077664111599e-03
1.073514963083070033e+05,6.638874816894531250e+01,1.154674530029296875e+01,6.688541749380881585e-02,-4.103750040332935362e-02
1.073515461375309969e+05,7.233676910400390625e+01,-4.909729003906250000e+00,7.461148490572044878e-02,-6.687690019386649531e-02
1.073515980602399941e+05,7.902594757080078125e+01,-1.644956970214843750e+01,7.445480173381371913e-02,-8.685626515117043922e-02
1.073516458739980008e+05,8.483934020996093750e+01,-2.424475097656250000e+01,7.647728010015482358e-02,-9.996595981549959153e-02
1.073516965036610054e+05,8.932950592041015625e+01,-2.853179931640625000e+01,7.896608968007813589e-02,-9.520617214841925469e-02
1.073517459442029940e+05,9.151667785644531250e+01,-3.234649658203125000e+01,7.542844612555774098e-02,-7.538592952352234089e-02
1.073517959240009950e+05,9.022573089599609375e+01,-3.125346374511718750e+01,5.235776696193451818e-02,-4.056751927418880688e-02
1.073518456740959955e+05,8.805944824218750000e+01,-2.513420104980468750e+01,2.311288708536475209e-02,1.481683950831534820e-02
1.073518957549110055e+05,8.396965789794921875e+01,-1.565119934082031250e+01,-1.152311275420612666e-02,6.541849639725759447e-02
1.073519464717399969e+05,7.865597534179687500e+01,-2.032836914062500000e+00,-2.052049528051962113e-02,9.953916506802608366e-02
1.073519956247850059e+05,7.227329254150390625e+01,1.036646270751953125e+01,-2.081298470759830599e-02,1.125690240114656238e-01
1.073520454527870024e+05,6.354721069335937500e+01,2.189913940429687500e+01,-2.177769606631526494e-02,1.039341436219797521e-01
1.073520949965879990e+05,5.661328125000000000e+01,2.776171875000000000e+01,-2.621171999344651740e-02,8.250930555921627552e-02
1.073521449976629956e+05,5.175452423095703125e+01,2.891322326660156250e+01,-2.345218698703338198e-02,5.404893481689498902e-02
1.073521955372149969e+05,5.288775634765625000e+01,2.588775634765625000e+01,1.304978765224719915e-02,8.013344079265021999e-03
1.073522457320300018e+05,6.077160644531250000e+01,1.804567718505859375e+01,5.814091470495687947e-02,-3.409484081943055245e-02
1.073522960632500035e+05,7.123461914062500000e+01,7.530303955078125000e+00,8.004968326271311163e-02,-5.853962762722889068e-02
1.073523454236260004e+05,8.044919586181640625e+01,-7.425132751464843750e+00,8.687731065599052505e-02,-8.131892038677666912e-02
1.073523955670150026e+05,9.194831085205078125e+01,-1.554177856445312500e+01,9.717485060101993533e-02,-9.625204305213772016e-02
1.073524456487749994e+05,9.935185241699218750e+01,-2.369657897949218750e+01,1.024516392323823327e-01,-1.005863427654263287e-01
1.073524955442579958e+05,1.026967735290527344e+02,-2.929290771484375000e+01,9.846603028559552939e-02,-9.406678070193422170e-02
1.073525455118520040e+05,1.041408462524414062e+02,-2.965492248535156250e+01,8.524532250458817517e-02,-6.355736756930711884e-02
1.073525954435199965e+05,1.021429481506347656e+02,-2.623443603515625000e+01,5.370572443475016972e-02,-1.148975589207845878e-02
1.073526454838170030e+05,9.915355682373046875e+01,-1.902027893066406250e+01,1.296281265955333620e-02,4.285981508297636439e-02
1.073526951598570013e+05,9.400000000000000000e+01,-5.500000000000000000e+00,-2.024292244237385283e-02,8.742737067927731920e-02
1.073527456829839939e+05,8.969667816162109375e+01,1.022416687011718750e+01,-1.973735147641537957e-02,1.081758337499916511e-01
1.073527951146370033e+05,8.025379943847656250e+01,2.102819824218750000e+01,-1.193303039607254354e-02,1.127000256593876509e-01
1.073528453087300004e+05,7.176119232177734375e+01,2.774626922607421875e+01,-1.449076160305916294e-02,9.451563993420351861e-02
1.073528946116059960e+05,6.659705352783203125e+01,2.836794281005859375e+01,-1.656177333031470453e-02,5.993388192278627236e-02
1.073529448939010035e+05,6.506561279296875000e+01,2.516968536376953125e+01,6.474500143723549775e-03,1.337271681560714756e-02
1.073529949887529947e+05,6.665496826171875000e+01,1.600728607177734375e+01,4.339351499646598026e-02,-2.346331743835352451e-02
1.073530455491019966e+05,7.076808166503906250e+01,4.214462280273437500e+00,6.557571112906536437e-02,-4.635191553947116960e-02
1.073530950321249984e+05,7.444422149658203125e+01,-8.657730102539062500e+00,6.714688985778716201e-02,-6.425223867187210280e-02
1.073531453835499997e+05,7.734707641601562500e+01,-1.779037475585937500e+01,6.385735306338213846e-02,-8.010477156131810827e-02
1.073531959347499942e+05,8.022727203369140625e+01,-2.600000000000000000e+01,5.986012375583415340e-02,-9.067822355327041783e-02
1.073532445079099998e+05,8.029397583007812500e+01,-3.038525390625000000e+01,5.222598293366258193e-02,-8.657804096651545989e-02
1.073532948962969967e+05,7.893548583984375000e+01,-3.089784240722656250e+01,3.471063177277953354e-02,-6.002349534692570654e-02
1.073533451059630024e+05,7.597014617919921875e+01,-3.019403076171875000e+01,1.384746574261855670e-02,-2.549076035593869291e-02
1.073533950052980072e+05,7.288919830322265625e+01,-2.517784118652343750e+01,-2.579003613501872853e-03,1.618126095932519160e-02
1.073534448737070052e+05,7.016990661621093750e+01,-2.050000000000000000e+01,7.546898175585131955e-04,3.578341237699508154e-02
1.073534942117129976e+05,6.850000000000000000e+01,-1.050000000000000000e+01,1.658787759498232470e-02,4.695125849977876270e-02
1.073535442156219942e+05,6.504008483886718750e+01,4.297637939453125000e-02,1.548780175678464432e-02,6.819450003799362725e-02
1.073535946530450019e+05,6.307958984375000000e+01,5.659980773925781250e+00,5.913087147534469915e-03,6.845223203892973618e-02
1.073536446762309934e+05,6.320522308349609375e+01,1.283155059814453125e+01,1.168494960621174923e-02,5.338221686807274186e-02
1.073536946371210070e+05,6.473746490478515625e+01,1.693818664550781250e+01,3.023879665250408036e-02,2.996994396784215253e-02
1.073537444827349973e+05,6.761786651611328125e+01,1.485528564453125000e+01,5.624868781378767474e-02,-4.194781562703030729e-03
1.073537940625159972e+05,7.084294891357421875e+01,9.438568115234375000e+00,6.949380877325600503e-02,-3.369468621076833481e-02
1.073538440671099961e+05,7.152297973632812500e+01,5.587165832519531250e+00,6.449906627835554074e-02,-4.518729996256894837e-02
1.073538946257920034e+05,7.000000000000000000e+01,-3.000030517578125000e-01,4.710703937853920331e-02,-4.513398372966610089e-02
1.073539467390000063e+05,6.915007019042968750e+01,-2.882308959960937500e+00,2.441084588414114617e-02,-3.726285681545097456e-02
1.073539945110910048e+05,6.627674865722656250e+01,-4.872787475585937500e+00,9.970179959647003376e-03,-2.831042134747204300e-02
1.073540450020879944e+05,6.211538696289062500e+01,-2.192306518554687500e+00,1.305295376486066217e-03,-4.610134440112008576e-03
1.073540938580240036e+05,5.800000000000000000e+01,1.615386962890625000e+00,-1.383563948704760131e-03,2.104393173348094101e-02
1.073541438572839979e+05,5.409664916992187500e+01,6.172431945800781250e+00,-3.112944669656282550e-03,4.141519433788196092e-02
1.073541944803910010e+05,5.114644622802734375e+01,1.223416900634765625e+01,3.562856005399229879e-04,5.355220676863594459e-02
1.073542443833930010e+05,5.061745452880859375e+01,1.682866668701171875e+01,1.177375349798068585e-02,5.159331651638011246e-02
1.073542943048760062e+05,5.335073089599609375e+01,2.098434448242187500e+01,3.219595349392038314e-02,4.086131114065062742e-02
1.073543445518749941e+05,5.817315673828125000e+01,2.464246368408203125e+01,6.035444655452029683e-02,2.861327268192394302e-02
1.073543935661430005e+05,6.342337036132812500e+01,2.483296203613281250e+01,7.937630601078919657e-02,1.052493447977483412e-02
1.073544437385869969e+05,6.955828094482421875e+01,2.223313140869140625e+01,8.808789845372209937e-02,-1.106780028467512986e-02
1.073544942244730046e+05,7.474254608154296875e+01,1.883001708984375000e+01,8.657557943277068013e-02,-3.072150052040732368e-02
1.073545443158249982e+05,7.589274597167968750e+01,1.731269073486328125e+01,7.193948213234842293e-02,-3.228421757580819673e-02
1.073545942181230057e+05,7.467608642578125000e+01,1.141674804687500000e+01,4.434041476435136159e-02,-3.317928442973775566e-02
1.073546442509199987e+05,7.084782409667968750e+01,7.923912048339843750e+00,8.459323612171377321e-03,-3.152577172103821629e-02
1.073546934829270031e+05,6.485327911376953125e+01,5.681861877441406250e+00,-1.632178902670438150e-02,-2.504670460584508887e-02
1.073547434823160002e+05,5.749414062500000000e+01,8.381011962890625000e+00,-3.081596162447466231e-02,-4.721374715181410700e-04
1.073547942131820018e+05,5.099853515625000000e+01,1.060352325439453125e+01,-3.062669921133552922e-02,2.245889211322649182e-02
1.073548441241469991e+05,4.598351287841796875e+01,1.485815429687500000e+01,-1.850267257877222238e-02,3.969113416202326577e-02
1.073548940286300058e+05,4.438327026367187500e+01,2.031588745117187500e+01,-4.908620609506493711e-04,5.111114917363417109e-02
1.073549442854069930e+05,4.660189056396484375e+01,2.267913055419921875e+01,2.528329551272065143e-02,4.550012589439395710e-02
1.073549940323170013e+05,5.216227722167968750e+01,2.788187408447265625e+01,5.736199999872121369e-02,3.542607302073371572e-02
1.073550441591319977e+05,5.982045745849609375e+01,2.886534118652343750e+01,8.444009163238555549e-02,1.731970965259983439e-02
1.073550955315299943e+05,6.724472808837890625e+01,2.822583007812500000e+01,9.927652523794863737e-02,3.222622794683002202e-03
1.073551438076549966e+05,7.442240142822265625e+01,2.590014648437500000e+01,1.005547539111275729e-01,-1.243224903364320739e-02
1.073551938438960060e+05,8.052951049804687500e+01,2.279747009277343750e+01,9.559990810449460474e-02,-2.850748289687132439e-02
1.073552437852120056e+05,8.261881256103515625e+01,1.950000000000000000e+01,8.112545468361327672e-02,-3.659593962252267324e-02
1.073552931604030018e+05,7.962176513671875000e+01,1.788908386230468750e+01,4.757402179794546077e-02,-3.054155196794779842e-02
1.073553429532390001e+05,7.300000000000000000e+01,1.500000000000000000e+01,-3.714864546160217759e-03,-1.910780621808742114e-02
1.073553936636050057e+05,6.225757598876953125e+01,1.374242401123046875e+01,-4.820214915309539716e-02,-4.276233373973489273e-03
1.073554438934189966e+05,5.185976409912109375e+01,1.470369720458984375e+01,-6.734891442546558915e-02,7.082514995626960908e-03
1.073554932063510059e+05,4.148323059082031250e+01,1.853712463378906250e+01,-6.862048842032617002e-02,2.673333615629846019e-02
1.073555429641499941e+05,3.396253204345703125e+01,2.021311187744140625e+01,-5.519357589444622014e-02,4.235111232042890195e-02
1.073555935675350047e+05,3.231521606445312500e+01,2.186956787109375000e+01,-1.566086927210576588e-02,4.142549008340672134e-02
1.073556434167410043e+05,3.551685333251953125e+01,2.085393524169921875e+01,2.784818985300864871e-02,1.469512286450836910e-02
1.073556937157030043e+05,4.379369354248046875e+01,1.825439453125000000e+01,6.557772797262495512e-02,-1.622364245580627459e-02
1.073557433551879949e+05,5.845054626464843750e+01,1.529600524902343750e+01,9.544599126207357898e-02,-3.423440103277929775e-02
1.073557928894509969e+05,6.941131591796875000e+01,1.164900970458984375e+01,1.141687403190554811e-01,-3.702421206488315519e-02
1.073558429343970056e+05,8.224974060058593750e+01,9.198356628417968750e+00,1.223867160835920009e-01,-3.681211286622591145e-02
1.073558935689109931e+05,9.239870452880859375e+01,8.497848510742187500e+00,1.215679027324920725e-01,-2.771656850600535960e-02
1.073559435086720041e+05,9.801242828369140625e+01,8.402488708496093750e+00,1.133597207436214394e-01,-1.851132113682737307e-02
1.073559929354729975e+05,9.902133178710937500e+01,1.136945343017578125e+01,9.022425046824658623e-02,-2.341988005374041578e-04
1.073560428929189948e+05,9.612412261962890625e+01,1.441970825195312500e+01,4.522307900578623890e-02,1.735181606132930182e-02
1.073560934913410019e+05,9.009223175048828125e+01,2.023786163330078125e+01,-1.187482241157681272e-02,4.146964765515236129e-02
1.073561433511030045e+05,8.115037536621093750e+01,3.061653900146484375e+01,-4.695750190655126333e-02,6.794825914092436636e-02
1.073561932808080019e+05,7.173190307617187500e+01,3.848793792724609375e+01,-4.351278300589536685e-02,8.139598450286444908e-02
1.073562431421249930e+05,6.383225250244140625e+01,4.569934844970703125e+01,-2.951959327948583400e-02,9.283506049281627093e-02
1.073562935087889928e+05,5.808650970458984375e+01,4.937096405029296875e+01,-1.864003177673170461e-02,8.211931797829968849e-02
1.073563431018669944e+05,5.578211212158203125e+01,4.855163574218750000e+01,-9.633607171570193360e-04,4.880980760943758046e-02
1.073563950638910028e+05,5.858988952636718750e+01,4.403932952880859375e+01,2.488756759878970465e-02,2.567849309908934972e-03
1.073564435021069949e+05,6.400000000000000000e+01,3.700000000000000000e+01,5.785091928329663680e-02,-3.944544298095505747e-02
1.073564938616419968e+05,7.250000000000000000e+01,2.650000000000000000e+01,7.866094385002386780e-02,-5.904288742561012576e-02
1.073565427854839945e+05,8.333472442626953125e+01,1.866579437255859375e+01,9.606537605273603175e-02,-7.222074804145851845e-02
1.073565933751289995e+05,9.235883331298828125e+01,1.281451416015625000e+01,1.097877433025276073e-01,-7.256496504237357204e-02
1.073566431456690043e+05,9.803690719604492188e+01,7.414764404296875000e+00,1.107861753660397547e-01,-6.227569322169330263e-02
1.073566931262989965e+05,9.964447402954101562e+01,6.352691650390625000e+00,9.361696228681491705e-02,-3.459944935562366680e-02
1.073567431760409963e+05,9.725223922729492188e+01,6.431343078613281250e+00,5.301988355181365409e-02,-9.407362918462140386e-03
1.073567930580060056e+05,9.231679534912109375e+01,1.181298065185546875e+01,-2.687785873035320513e-03,2.435640272810962043e-02
1.073568429707479954e+05,8.336254119873046875e+01,1.982646179199218750e+01,-4.360985977493541527e-02,5.800674696131891822e-02
1.073568929898780043e+05,7.450000000000000000e+01,3.150000000000000000e+01,-4.566933755208128082e-02,8.195590323864410109e-02
1.073569430359529943e+05,6.387667083740234375e+01,4.168628692626953125e+01,-4.166063526385761079e-02,1.065513125047954229e-01
1.073569937961149990e+05,5.574047851562500000e+01,4.762640380859375000e+01,-3.175710036639554229e-02,1.009567769781720137e-01
1.073570421539980016e+05,4.950000000000000000e+01,5.100000000000000000e+01,-2.167420386525773304e-02,7.805043313692081042e-02
1.073570935451370024e+05,4.942810821533203125e+01,5.062091827392578125e+01,1.761902934188877708e-04,4.077634527879060028e-02
1.073571436957849946e+05,5.548304748535156250e+01,4.344915008544921875e+01,3.928791526458823985e-02,-1.408006664340556713e-02
1.073571925668500044e+05,6.638632202148437500e+01,3.451476287841796875e+01,7.285675092162426092e-02,-5.335309915791855429e-02
1.073572422199830035e+05,7.500000000000000000e+01,2.400000000000000000e+01,8.871322847581826487e-02,-6.963442900579920602e-02
1.073572929194229946e+05,8.214587402343750000e+01,1.124375915527343750e+01,9.694388428998645946e-02,-8.743617081587815032e-02
1.073573429556460032e+05,8.995598602294921875e+01,3.695205688476562500e+00,9.992627749984149543e-02,-9.233146609571579733e-02
1.073573926675380062e+05,9.445008850097656250e+01,-5.030212402343750000e-01,9.787729255379640225e-02,-8.066390512832774529e-02
1.073574427317600057e+05,9.550000000000000000e+01,-2.000000000000000000e+00,8.106773185326389408e-02,-4.458018898303332811e-02
1.073574919239890005e+05,9.330199432373046875e+01,-2.099884033203125000e+00,3.801300025217466128e-02,-1.060941399111896104e-02
1.073575419215459988e+05,8.800000000000000000e+01,1.500000000000000000e+00,-5.895867923854568315e-03,1.951244962776300593e-02
1.073575926140420052e+05,8.147447967529296875e+01,1.030773162841796875e+01,-2.918543263636151630e-02,4.816800511204145929e-02
1.073576424918770063e+05,7.400000000000000000e+01,2.015384674072265625e+01,-2.683297176345168789e-02,7.224909333316693882e-02
1.073576924539710017e+05,6.743495941162109375e+01,3.303868103027343750e+01,-2.260666885994149292e-02,1.046409254913615861e-01
1.073577421989730065e+05,5.967739105224609375e+01,4.148365783691406250e+01,-2.006360186626330450e-02,1.090430213770733764e-01
1.073577922481590067e+05,5.571868896484375000e+01,4.567823791503906250e+01,-1.396748061704881742e-02,8.790699138761766396e-02
1.073578424465099961e+05,5.599140167236328125e+01,4.638068389892578125e+01,4.680733672864246381e-03,4.953487859200525478e-02
1.073578924290669966e+05,6.185868072509765625e+01,4.038484954833984375e+01,3.872899798158828399e-02,-7.343054006537307922e-03
1.073579425422890054e+05,6.950000000000000000e+01,3.100000000000000000e+01,6.856107077482224976e-02,-4.799151899338725824e-02
1.073579918205730064e+05,7.826322937011718750e+01,1.731893920898437500e+01,8.244873365997500148e-02,-6.947646146220805285e-02
1.073580417004820047e+05,8.485208129882812500e+01,6.940338134765625000e+00,8.997496231394144783e-02,-8.848163566136559022e-02
1.073580922527380026e+05,9.150000000000000000e+01,-1.000000000000000000e+00,9.122504675905723781e-02,-9.392969820328207764e-02
1.073581423178130062e+05,9.450808715820312500e+01,-5.935310363769531250e+00,8.838307045319000743e-02,-8.360413979267111717e-02
1.073581922527400020e+05,9.484181976318359375e+01,-7.969650268554687500e+00,6.931288927412308787e-02,-4.994848893388648819e-02
1.073582421504639933e+05,9.223052978515625000e+01,-7.110595703125000000e+00,2.627504681822204549e-02,-1.600727578280494029e-02
1.073582921099840023e+05,8.600266265869140625e+01,-2.011322021484375000e+00,-1.545789854309306995e-02,2.396761264191179380e-02
1.073583423067609983e+05,7.854590606689453125e+01,7.433807373046875000e+00,-3.492268626060607978e-02,5.799027534007668294e-02
1.073583918874310039e+05,7.200000000000000000e+01,1.600000000000000000e+01,-2.644429148496164200e-02,7.710058998961595578e-02
1.073584421098010062e+05,6.343441009521484375e+01,2.803213500976562500e+01,-2.502225846902055018e-02,1.000048465496401195e-01
1.073584920559879974e+05,5.700000000000000000e+01,3.500000000000000000e+01,-2.403913812637863481e-02,9.688906727402481212e-02
1.073585419213599962e+05,5.321070098876953125e+01,3.759249114990234375e+01,-1.658313880980533811e-02,7.367371933605375289e-02
1.073585919597860047e+05,5.477710723876953125e+01,3.550000000000000000e+01,1.478803798627506376e-02,2.780439824701923940e-02
1.073586420103980054e+05,5.964080047607421875e+01,2.910939025878906250e+01,5.289822870810046568e-02,-2.507411220643554484e-02
1.073586919847139943e+05,6.771160888671875000e+01,1.788491058349609375e+01,7.522388950014130549e-02,-5.526400748299221954e-02
1.073587422816570033e+05,7.406747436523437500e+01,9.310394287109375000e+00,8.460124341857191976e-02,-7.117988469935911111e-02
1.073587920880299935e+05,7.950170135498046875e+01,-1.079711914062500000e+00,8.448252528535195316e-02,-8.711983093063850603e-02
1.073588436906849965e+05,8.524797821044921875e+01,-4.053909301757812500e+00,8.404552154646345585e-02,-8.151519393158654370e-02
1.073588938920920045e+05,8.866822052001953125e+01,-9.901870727539062500e+00,7.952223838240365938e-02,-6.615188415413587875e-02
1.073589426436950016e+05,8.789804840087890625e+01,-1.130018615722656250e+01,5.554878992656226561e-02,-4.234703220871954832e-02
1.073589912842060003e+05,8.403491973876953125e+01,-1.090348815917968750e+01,1.917184199624566085e-02,-2.000373096655617272e-02
1.073590414328159968e+05,7.817355346679687500e+01,-4.128097534179687500e+00,-2.007855039178307183e-02,2.143911506470476749e-02
1.073590911903749948e+05,7.189473724365234375e+01,4.684211730957031250e+00,-3.190010778587009516e-02,5.948050159536998754e-02
1.073591402473829949e+05,6.572090911865234375e+01,1.408741760253906250e+01,-2.270009322561114887e-02,8.483233758580796535e-02
1.073591902433460054e+05,6.191025543212890625e+01,2.520513153076171875e+01,-5.684204374921906014e-03,9.701305770554742580e-02
1.073592401231069962e+05,5.882608795166015625e+01,3.323912811279296875e+01,1.503081120080246389e-03,9.404300773027138294e-02
1.073592914547090040e+05,5.934640502929687500e+01,3.858010864257812500e+01,1.099615671353000416e-02,7.649651244185315391e-02
1.073593415028029995e+05,6.358328247070312500e+01,3.828430175781250000e+01,3.251541772399232227e-02,3.326136551541700181e-02
1.073593913189159939e+05,6.967859649658203125e+01,3.445672607421875000e+01,6.757298640360881459e-02,-1.739755831079846382e-02
1.073594418749500037e+05,7.622885131835937500e+01,2.828408050537109375e+01,8.515530854561699503e-02,-4.322894372031545890e-02
1.073594914705459960e+05,8.073166656494140625e+01,1.957177734375000000e+01,8.900279374032461777e-02,-5.958748190554424146e-02
1.073595414757139952e+05,8.395214843750000000e+01,1.352561950683593750e+01,8.373823854545722756e-02,-7.022853333618785110e-02
1.073595915500840056e+05,8.663919067382812500e+01,5.433151245117187500e+00,7.140293585455474712e-02,-7.575877725897685322e-02
1.073596415640670020e+05,8.700000000000000000e+01,3.000000000000000000e+00,5.050818992420907927e-02,-5.911390191754446050e-02
1.073596915984560037e+05,8.329159545898437500e+01,1.940826416015625000e+00,1.489993722078759159e-02,-3.154918328546219702e-02
1.073597415162910038e+05,7.756939697265625000e+01,4.597793579101562500e+00,-1.786243865805320352e-02,2.714182654208092526e-03
1.073597913314409961e+05,7.137381744384765625e+01,1.386908721923828125e+01,-3.382024589511963691e-02,4.014233190609960145e-02
1.073598414582190017e+05,6.448076629638671875e+01,2.021154022216796875e+01,-2.752383337410948400e-02,6.757870682043415345e-02
1.073598912117220025e+05,5.892547607421875000e+01,2.929600524902343750e+01,-1.476650218991257778e-02,8.536558355594937864e-02
1.073599411833519989e+05,5.401994323730468750e+01,3.590598297119140625e+01,-1.119831970072080948e-02,8.661107791162990510e-02
1.073599912379820016e+05,5.250000000000000000e+01,3.950000000000000000e+01,-3.082699083902728024e-03,6.735387885559966648e-02
1.073600413067790068e+05,5.520930480957031250e+01,3.790697479248046875e+01,2.242165721514329663e-02,2.538461612641254236e-02
1.073600912712989957e+05,6.345294189453125000e+01,3.400000000000000000e+01,6.348905854419917283e-02,-2.509930486642992717e-02
1.073601416807219939e+05,7.481602478027343750e+01,2.833731842041015625e+01,9.042668074693488434e-02,-4.856405099284869659e-02
1.073601912944299984e+05,8.694126129150390625e+01,2.138742828369140625e+01,1.099801839156775290e-01,-5.614034612688458686e-02
1.073602411539869936e+05,9.397264862060546875e+01,1.694717407226562500e+01,1.168316947283804391e-01,-5.076284903953610927e-02
1.073602912495610071e+05,9.850000000000000000e+01,1.255882263183593750e+01,1.102800032810551251e-01,-4.299329301747956134e-02
1.073603411507669953e+05,9.860667037963867188e+01,9.512931823730468750e+00,8.205057621648163824e-02,-3.563853338607303467e-02
1.073603911247859942e+05,9.385324859619140625e+01,7.986526489257812500e+00,3.479457137942335715e-02,-2.617065817714987405e-02
1.073604411345830013e+05,8.301807403564453125e+01,8.188934326171875000e+00,-2.628849075387061987e-02,-3.746651909935370690e-03
1.073604916937100061e+05,7.239690399169921875e+01,1.400000000000000000e+01,-6.378852433032125568e-02,3.766929544705702182e-02
1.073605417975430028e+05,6.112545776367187500e+01,1.543459320068359375e+01,-6.157025855768951533e-02,4.693821950880792265e-02
1.073605901786299946e+05,5.105050659179687500e+01,2.200000000000000000e+01,-4.674740611229504655e-02,6.111350797379398736e-02
1.073606404378879961e+05,4.455940246582031250e+01,2.350000000000000000e+01,-2.666385777338912966e-02,5.194481056084690462e-02
1.073606908616260043e+05,4.350354766845703125e+01,2.299054718017578125e+01,5.804292155982469087e-03,2.579431304433946887e-02
1.073607408392939979e+05,4.588040924072265625e+01,1.908260345458984375e+01,3.446860994778615933e-02,-1.142438358277528092e-02
1.073607928815210034e+05,5.382079315185546875e+01,1.163290405273437500e+01,6.671569889938513964e-02,-4.274475966865345922e-02
1.073608409228880046e+05,6.440409851074218750e+01,5.680076599121093750e+00,8.561182132223207897e-02,-5.572267602981788304e-02
1.073608910191100003e+05,7.454114532470703125e+01,-1.102943420410156250e+00,1.001291581071586806e-01,-6.343558550160544041e-02
1.073609408911490027e+05,8.445475769042968750e+01,-3.989181518554687500e+00,1.092948978276296196e-01,-5.914416172804648486e-02
1.073609900747299980e+05,8.974624633789062500e+01,-5.717002868652343750e+00,1.065679699754342735e-01,-4.184427269028170859e-02
1.073610401721560047e+05,9.143370819091796875e+01,-5.788078308105468750e+00,8.518328312885464770e-02,-1.994482408255450825e-02
1.073610919808659964e+05,8.951398468017578125e+01,-2.879135131835937500e+00,4.235217966194607109e-02,3.044067751216443778e-03
1.073611404706369940e+05,8.456291961669921875e+01,3.302062988281250000e+00,-7.722515481780461988e-03,3.196491672037607423e-02
1.073611904453970055e+05,7.799665832519531250e+01,1.270935058593750000e+01,-3.095630750731979269e-02,6.338353630344661926e-02
1.073612405051940004e+05,7.149180603027343750e+01,2.122083282470703125e+01,-2.477784076692644832e-02,7.886293865036057837e-02
1.073612922693480068e+05,6.434497833251953125e+01,3.035433197021484375e+01,-1.587915943061206717e-02,8.883925944565096433e-02
1.073613403125860059e+05,5.878733825683593750e+01,3.571549987792968750e+01,-1.620015445386775721e-02,8.235015988234407891e-02
1.073613902645869966e+05,5.615769195556640625e+01,3.691532897949218750e+01,-6.377190673044215441e-03,5.355589383538577469e-02
1.073614404102720000e+05,5.926871490478515625e+01,3.327560424804687500e+01,2.518942075113158804e-02,4.909692008497120765e-03
1.073614906583819975e+05,6.791496276855468750e+01,2.687657928466796875e+01,6.553401609387862758e-02,-3.586144929235425549e-02
1.073615409896950005e+05,7.832493591308593750e+01,1.794406127929687500e+01,8.678693800250579515e-02,-5.608299279062581300e-02
1.073615905033479939e+05,8.750000000000000000e+01,6.000000000000000000e+00,9.786365152748187357e-02,-7.576826074073760020e-02
1.073616406029030040e+05,9.702256011962890625e+01,-3.270950317382812500e+00,1.032970487285423400e-01,-8.990511738205508863e-02
1.073616900799260038e+05,1.055547676086425781e+02,-1.196606445312500000e+01,1.056586874411969273e-01,-9.706969340626030174e-02
1.073617398174849950e+05,1.112808227539062500e+02,-1.482876586914062500e+01,1.069019240142646404e-01,-8.731077341391334234e-02
1.073617901387239981e+05,1.129131736755371094e+02,-1.426048278808593750e+01,9.644875748561933249e-02,-4.902095056758039304e-02
1.073618403672790009e+05,1.129255256652832031e+02,-7.664718627929687500e+00,6.914668883588834247e-02,1.349931471944803597e-02
1.073618901985029952e+05,1.084826316833496094e+02,2.185371398925781250e+00,7.255399399363773004e-03,8.125387639750918101e-02
